/*******************************************************************************
 * Size: 28 px
 * Bpp: 4
 * Opts: --font /Volumes/T7/Projects/Matrix Macropad/firmware/MaterialSymbolsOutlined.ttf -r 0xe01d,0xe01f,0xe020,0xe023,0xe02b,0xe034,0xe037,0xe03d,0xe03e,0xe040,0xe042,0xe043,0xe044,0xe045,0xe047,0xe049,0xe04b,0xe04d,0xe04e,0xe04f,0xe050,0xe0c9,0xe145,0xe14d,0xe14e,0xe14f,0xe159,0xe15a,0xe15b,0xe161,0xe162,0xe166,0xe16f,0xe1b8,0xe1bd,0xe238,0xe23f,0xe241,0xe244,0xe250,0xe262,0xe2c7,0xe2c8,0xe2db,0xe30c,0xe31d,0xe31e,0xe32d,0xe3ae,0xe3be,0xe405,0xe40a,0xe412,0xe425,0xe429,0xe5c3,0xe5c4,0xe5c8,0xe5cd,0xe5cd,0xe5d5,0xe5d8,0xe5db,0xe627,0xe646,0xe668,0xe684,0xe745,0xe7ba,0xe7f5,0xe7f7,0xe80b,0xe86f,0xe871,0xe873,0xe876,0xe879,0xe87a,0xe880,0xe888,0xe888,0xe88b,0xe88e,0xe898,0xe899,0xe89e,0xe8b8,0xe8d8,0xe8e7,0xe8fd,0xe92e,0xe935,0xe990,0xe9b2,0xe9ba,0xe9e0,0xea07,0xea0b,0xea12,0xea28,0xea5b,0xea5c,0xea5f,0xeb8e,0xeb9b,0xebcc,0xebeb,0xebff,0xef3e,0xef7a,0xefd6,0xf01f,0xf053,0xf056,0xf083,0xf08f,0xf097,0xf0be,0xf137,0xf190,0xf745,0xf8c7,0xf8cd --size 28 --format lvgl --bpp 4 --no-compress -o /Volumes/T7/Projects/Matrix Macropad/firmware/src/lv_font_material_symbols_28.c
 ******************************************************************************/

#include "lvgl.h"

#ifndef LV_FONT_MATERIAL_SYMBOLS_28
#define LV_FONT_MATERIAL_SYMBOLS_28 1
#endif

#if LV_FONT_MATERIAL_SYMBOLS_28

/*-----------------
 *    BITMAPS
 *----------------*/

/*Store the image of the glyphs*/
static LV_ATTRIBUTE_LARGE_CONST const uint8_t glyph_bitmap[] = {
    /* U+E01D "" */
    0x0, 0x0, 0x0, 0x0, 0x55, 0x55, 0x30, 0x0,
    0x0, 0x0, 0x0, 0x0, 0x0, 0x1, 0xff, 0xff,
    0x90, 0x0, 0x0, 0x0, 0x0, 0x0, 0x0, 0x1,
    0xff, 0xff, 0x90, 0x0, 0x0, 0x0, 0x0, 0x0,
    0x0, 0x1, 0xff, 0xff, 0x90, 0x0, 0x0, 0x0,
    0x0, 0x0, 0x0, 0x1, 0xff, 0xff, 0x90, 0x0,
    0x0, 0x0, 0x0, 0x0, 0x0, 0x1, 0xff, 0xff,
    0x90, 0x0, 0x0, 0x0, 0x0, 0x0, 0x0, 0x1,
    0xff, 0xff, 0x90, 0x8, 0x88, 0x84, 0x0, 0x0,
    0x0, 0x1, 0xff, 0xff, 0x90, 0xf, 0xff, 0xf9,
    0x0, 0x0, 0x0, 0x1, 0xff, 0xff, 0x90, 0xf,
    0xff, 0xf9, 0x0, 0x0, 0x0, 0x1, 0xff, 0xff,
    0x90, 0xf, 0xff, 0xf9, 0x1f, 0xff, 0xf8, 0x1,
    0xff, 0xff, 0x90, 0xf, 0xff, 0xf9, 0x1f, 0xff,
    0xf8, 0x1, 0xff, 0xff, 0x90, 0xf, 0xff, 0xf9,
    0x1f, 0xff, 0xf8, 0x1, 0xff, 0xff, 0x90, 0xf,
    0xff, 0xf9, 0x1f, 0xff, 0xf8, 0x1, 0xff, 0xff,
    0x90, 0xf, 0xff, 0xf9, 0x1f, 0xff, 0xf8, 0x1,
    0xff, 0xff, 0x90, 0xf, 0xff, 0xf9, 0x1f, 0xff,
    0xf8, 0x1, 0xff, 0xff, 0x90, 0xf, 0xff, 0xf9,
    0x1f, 0xff, 0xf8, 0x1, 0xff, 0xff, 0x90, 0xf,
    0xff, 0xf9, 0x1f, 0xff, 0xf8, 0x1, 0xff, 0xff,
    0x90, 0xf, 0xff, 0xf9, 0x1f, 0xff, 0xf8, 0x1,
    0xff, 0xff, 0x90, 0xf, 0xff, 0xf9, 0x5, 0x55,
    0x52, 0x0, 0x55, 0x55, 0x30, 0x5, 0x55, 0x53,

    /* U+E01F "" */
    0x19, 0x0, 0x0, 0x0, 0x0, 0x0, 0x56, 0x0,
    0x0, 0x0, 0x0, 0x0, 0x1f, 0xe4, 0x0, 0x0,
    0x0, 0x0, 0x6f, 0xb1, 0x0, 0x0, 0x0, 0x0,
    0x1f, 0xff, 0x90, 0x0, 0x0, 0x0, 0x6f, 0xff,
    0x60, 0x0, 0x0, 0x0, 0x1f, 0xff, 0xfe, 0x40,
    0x0, 0x0, 0x6f, 0xff, 0xfb, 0x10, 0x0, 0x0,
    0x1f, 0xfb, 0xff, 0xf9, 0x0, 0x0, 0x6f, 0xfc,
    0xff, 0xf6, 0x0, 0x0, 0x1f, 0xf4, 0x3d, 0xff,
    0xe4, 0x0, 0x6f, 0xe0, 0x6f, 0xff, 0xb1, 0x0,
    0x1f, 0xf4, 0x0, 0x8f, 0xff, 0x90, 0x6f, 0xe0,
    0x2, 0xbf, 0xff, 0x60, 0x1f, 0xf4, 0x0, 0x8f,
    0xff, 0x90, 0x6f, 0xe0, 0x2, 0xbf, 0xff, 0x60,
    0x1f, 0xf4, 0x3d, 0xff, 0xe4, 0x0, 0x6f, 0xe0,
    0x6f, 0xff, 0xb1, 0x0, 0x1f, 0xfb, 0xff, 0xf9,
    0x0, 0x0, 0x6f, 0xfc, 0xff, 0xf6, 0x0, 0x0,
    0x1f, 0xff, 0xfe, 0x40, 0x0, 0x0, 0x6f, 0xff,
    0xfb, 0x10, 0x0, 0x0, 0x1f, 0xff, 0x90, 0x0,
    0x0, 0x0, 0x6f, 0xff, 0x60, 0x0, 0x0, 0x0,
    0x1f, 0xe4, 0x0, 0x0, 0x0, 0x0, 0x6f, 0xb1,
    0x0, 0x0, 0x0, 0x0, 0x19, 0x0, 0x0, 0x0,
    0x0, 0x0, 0x56, 0x0, 0x0, 0x0, 0x0, 0x0,

    /* U+E020 "" */
    0x0, 0x0, 0x0, 0x0, 0x0, 0x65, 0x0, 0x0,
    0x0, 0x0, 0x0, 0x91, 0x0, 0x0, 0x0, 0x0,
    0x1b, 0xf6, 0x0, 0x0, 0x0, 0x0, 0x4e, 0xf1,
    0x0, 0x0, 0x0, 0x6, 0xff, 0xf6, 0x0, 0x0,
    0x0, 0x9, 0xff, 0xf1, 0x0, 0x0, 0x1, 0xbf,
    0xff, 0xf6, 0x0, 0x0, 0x4, 0xef, 0xff, 0xf1,
    0x0, 0x0, 0x6f, 0xff, 0xcf, 0xf6, 0x0, 0x0,
    0x9f, 0xff, 0xbf, 0xf1, 0x0, 0x1b, 0xff, 0xf6,
    0xe, 0xf6, 0x0, 0x4e, 0xff, 0xd3, 0x4f, 0xf1,
    0x6, 0xff, 0xfb, 0x20, 0xe, 0xf6, 0x9, 0xff,
    0xf8, 0x0, 0x4f, 0xf1, 0x6, 0xff, 0xfb, 0x20,
    0xe, 0xf6, 0x9, 0xff, 0xf8, 0x0, 0x4f, 0xf1,
    0x0, 0x1b, 0xff, 0xf6, 0xe, 0xf6, 0x0, 0x4e,
    0xff, 0xd3, 0x4f, 0xf1, 0x0, 0x0, 0x6f, 0xff,
    0xcf, 0xf6, 0x0, 0x0, 0x9f, 0xff, 0xbf, 0xf1,
    0x0, 0x0, 0x1, 0xbf, 0xff, 0xf6, 0x0, 0x0,
    0x4, 0xef, 0xff, 0xf1, 0x0, 0x0, 0x0, 0x6,
    0xff, 0xf6, 0x0, 0x0, 0x0, 0x9, 0xff, 0xf1,
    0x0, 0x0, 0x0, 0x0, 0x1b, 0xf6, 0x0, 0x0,
    0x0, 0x0, 0x4e, 0xf1, 0x0, 0x0, 0x0, 0x0,
    0x0, 0x65, 0x0, 0x0, 0x0, 0x0, 0x0, 0x91,

    /* U+E023 "" */
    0x0, 0x0, 0x0, 0x0, 0x0, 0x0, 0x0, 0x0,
    0x2, 0x0, 0x0, 0x0, 0x0, 0x0, 0x36, 0x76,
    0x40, 0x0, 0x0, 0x3f, 0x80, 0x0, 0x0, 0x0,
    0x6e, 0xff, 0xff, 0xff, 0x81, 0x0, 0xaf, 0xf4,
    0x0, 0x0, 0x1b, 0xff, 0xff, 0xee, 0xff, 0xfd,
    0x20, 0xd, 0xfd, 0x0, 0x0, 0xcf, 0xfb, 0x30,
    0x0, 0x29, 0xff, 0xe1, 0x3, 0xff, 0x60, 0x7,
    0xff, 0x70, 0x0, 0x0, 0x0, 0x4f, 0xfb, 0x0,
    0xbf, 0xc0, 0xf, 0xfa, 0x0, 0x5, 0x97, 0x10,
    0x6, 0xff, 0x30, 0x5f, 0xf1, 0x4f, 0xf2, 0x0,
    0x9f, 0xff, 0xd0, 0x0, 0xef, 0x80, 0x1f, 0xf5,
    0x6f, 0xe0, 0x1, 0xff, 0xff, 0xf7, 0x0, 0xaf,
    0xb0, 0xe, 0xf7, 0x24, 0x30, 0x2, 0xff, 0xff,
    0xf8, 0x0, 0x8f, 0xc0, 0xd, 0xf7, 0x0, 0x0,
    0x0, 0xef, 0xff, 0xf4, 0x0, 0x9f, 0xc0, 0xe,
    0xf7, 0x0, 0x0, 0x0, 0x3e, 0xff, 0x70, 0x0,
    0xbf, 0xa0, 0xf, 0xf5, 0x0, 0x0, 0x0, 0x0,
    0x20, 0x0, 0x1, 0xff, 0x60, 0x4f, 0xf2, 0x0,
    0x0, 0x0, 0x0, 0x0, 0x0, 0x9, 0xff, 0x10,
    0xaf, 0xd0, 0x0, 0x0, 0x0, 0x0, 0x0, 0x0,
    0x6f, 0xf7, 0x2, 0xff, 0x70, 0x0, 0x0, 0x0,
    0x0, 0x0, 0x7, 0xff, 0xc0, 0xc, 0xfe, 0x0,
    0x0, 0x0, 0x0, 0x0, 0x0, 0xaf, 0xfc, 0x10,
    0x9f, 0xf5, 0x0, 0x0, 0x0, 0x0, 0x0, 0xa,
    0xff, 0xb0, 0x0, 0x4f, 0x90, 0x0, 0x0, 0x0,
    0x0, 0x0, 0x6f, 0xf9, 0x0, 0x0, 0x3, 0x0,
    0x0, 0x0, 0x0, 0x0, 0x0, 0xef, 0xb0, 0x0,
    0x0, 0x0, 0x0, 0x0, 0x6e, 0xd0, 0x0, 0x5,
    0xff, 0x30, 0x0, 0x0, 0x0, 0x0, 0x0, 0x4f,
    0xf5, 0x0, 0xd, 0xfc, 0x0, 0x0, 0x0, 0x0,
    0x0, 0x0, 0xd, 0xff, 0xa8, 0xdf, 0xf4, 0x0,
    0x0, 0x0, 0x0, 0x0, 0x0, 0x2, 0xef, 0xff,
    0xff, 0x80, 0x0, 0x0, 0x0, 0x0, 0x0, 0x0,
    0x0, 0x18, 0xcc, 0xa4, 0x0, 0x0, 0x0, 0x0,
    0x0, 0x0, 0x0,

    /* U+E02B "" */
    0x0, 0x0, 0x0, 0x0, 0x0, 0x2, 0x66, 0x20,
    0x0, 0x0, 0x0, 0x0, 0x0, 0x40, 0x0, 0x0,
    0x0, 0x5f, 0xff, 0xf5, 0x0, 0x0, 0x0, 0x0,
    0xb, 0xf5, 0x0, 0x0, 0x1, 0xff, 0xff, 0xfe,
    0x10, 0x0, 0x0, 0x0, 0x1d, 0xff, 0x50, 0x0,
    0x5, 0xff, 0x11, 0xff, 0x40, 0x0, 0x0, 0x0,
    0x1, 0xdf, 0xf5, 0x0, 0x6, 0xfe, 0x0, 0xef,
    0x60, 0x0, 0x0, 0x0, 0x0, 0x1d, 0xff, 0x50,
    0x3, 0xfe, 0x0, 0xef, 0x60, 0x0, 0x0, 0x0,
    0x0, 0x1, 0xdf, 0xf5, 0x0, 0x5e, 0x0, 0xef,
    0x60, 0x0, 0x0, 0x0, 0x0, 0x0, 0x1d, 0xff,
    0x50, 0x4, 0x0, 0xef, 0x60, 0x0, 0x0, 0x0,
    0x0, 0x0, 0x1, 0xdf, 0xf5, 0x0, 0x0, 0xef,
    0x60, 0x0, 0x0, 0x0, 0x0, 0x0, 0x0, 0x1d,
    0xff, 0x50, 0x0, 0xef, 0x60, 0x0, 0x0, 0x0,
    0x0, 0x0, 0x0, 0x1, 0xdf, 0xf5, 0x0, 0x7f,
    0x60, 0x0, 0x0, 0x0, 0x0, 0x0, 0x2f, 0xf3,
    0x1d, 0xff, 0x50, 0x7, 0x50, 0x3f, 0xf2, 0x0,
    0x0, 0x0, 0xf, 0xf5, 0x1, 0xdf, 0xf5, 0x0,
    0x0, 0x6f, 0xf0, 0x0, 0x0, 0x0, 0xc, 0xfb,
    0x0, 0x1d, 0xff, 0x50, 0x0, 0xcf, 0xc0, 0x0,
    0x0, 0x0, 0x6, 0xff, 0x40, 0x1, 0xdf, 0xf5,
    0x0, 0x7f, 0x50, 0x0, 0x0, 0x0, 0x0, 0xdf,
    0xf4, 0x0, 0x1d, 0xff, 0x60, 0x5, 0x0, 0x0,
    0x0, 0x0, 0x0, 0x2e, 0xff, 0xa4, 0x24, 0xff,
    0xf9, 0x0, 0x0, 0x0, 0x0, 0x0, 0x0, 0x2,
    0xdf, 0xff, 0xff, 0xff, 0xff, 0x50, 0x0, 0x0,
    0x0, 0x0, 0x0, 0x0, 0x6, 0xcf, 0xff, 0xfe,
    0xff, 0xf5, 0x0, 0x0, 0x0, 0x0, 0x0, 0x0,
    0x0, 0x1, 0xff, 0x20, 0x1d, 0xff, 0x50, 0x0,
    0x0, 0x0, 0x0, 0x0, 0x0, 0x1, 0xff, 0x10,
    0x1, 0xdf, 0xf5, 0x0, 0x0, 0x0, 0x0, 0x0,
    0x0, 0x1, 0xff, 0x10, 0x0, 0x1d, 0xff, 0x50,
    0x0, 0x0, 0x0, 0x0, 0x0, 0x0, 0xbb, 0x0,
    0x0, 0x1, 0xdf, 0xf5, 0x0, 0x0, 0x0, 0x0,
    0x0, 0x0, 0x0, 0x0, 0x0, 0x0, 0x1d, 0xf3,
    0x0, 0x0, 0x0, 0x0, 0x0, 0x0, 0x0, 0x0,
    0x0, 0x0, 0x1, 0x30,

    /* U+E034 "" */
    0x2, 0x22, 0x22, 0x22, 0x0, 0x22, 0x22, 0x22,
    0x20, 0x2f, 0xff, 0xff, 0xfe, 0x0, 0xdf, 0xff,
    0xff, 0xf2, 0x2f, 0xff, 0xff, 0xfe, 0x0, 0xdf,
    0xff, 0xff, 0xf2, 0x2f, 0xf5, 0x28, 0xfe, 0x0,
    0xdf, 0x92, 0x5f, 0xf2, 0x2f, 0xf2, 0x6, 0xfe,
    0x0, 0xdf, 0x80, 0x2f, 0xf2, 0x2f, 0xf2, 0x6,
    0xfe, 0x0, 0xdf, 0x80, 0x2f, 0xf2, 0x2f, 0xf2,
    0x6, 0xfe, 0x0, 0xdf, 0x80, 0x2f, 0xf2, 0x2f,
    0xf2, 0x6, 0xfe, 0x0, 0xdf, 0x80, 0x2f, 0xf2,
    0x2f, 0xf2, 0x6, 0xfe, 0x0, 0xdf, 0x80, 0x2f,
    0xf2, 0x2f, 0xf2, 0x6, 0xfe, 0x0, 0xdf, 0x80,
    0x2f, 0xf2, 0x2f, 0xf2, 0x6, 0xfe, 0x0, 0xdf,
    0x80, 0x2f, 0xf2, 0x2f, 0xf2, 0x6, 0xfe, 0x0,
    0xdf, 0x80, 0x2f, 0xf2, 0x2f, 0xf2, 0x6, 0xfe,
    0x0, 0xdf, 0x80, 0x2f, 0xf2, 0x2f, 0xf2, 0x6,
    0xfe, 0x0, 0xdf, 0x80, 0x2f, 0xf2, 0x2f, 0xf5,
    0x28, 0xfe, 0x0, 0xdf, 0x92, 0x5f, 0xf2, 0x2f,
    0xff, 0xff, 0xfe, 0x0, 0xdf, 0xff, 0xff, 0xf2,
    0x2f, 0xff, 0xff, 0xfe, 0x0, 0xdf, 0xff, 0xff,
    0xf2, 0x2, 0x22, 0x22, 0x22, 0x0, 0x22, 0x22,
    0x22, 0x20,

    /* U+E037 "" */
    0x0, 0x0, 0x0, 0x0, 0x0, 0x0, 0xc, 0x40,
    0x0, 0x0, 0x0, 0x0, 0x0, 0xef, 0xa1, 0x0,
    0x0, 0x0, 0x0, 0xe, 0xff, 0xe6, 0x0, 0x0,
    0x0, 0x0, 0xef, 0xff, 0xfb, 0x20, 0x0, 0x0,
    0xe, 0xf9, 0xcf, 0xff, 0x70, 0x0, 0x0, 0xef,
    0x70, 0x6f, 0xff, 0xd3, 0x0, 0xe, 0xf7, 0x0,
    0x1a, 0xff, 0xf8, 0x0, 0xef, 0x70, 0x0, 0x5,
    0xef, 0xfe, 0x4e, 0xf7, 0x0, 0x0, 0x4e, 0xff,
    0xe4, 0xef, 0x70, 0x1, 0xaf, 0xff, 0x90, 0xe,
    0xf7, 0x6, 0xef, 0xfd, 0x30, 0x0, 0xef, 0x9c,
    0xff, 0xf7, 0x0, 0x0, 0xe, 0xff, 0xff, 0xb2,
    0x0, 0x0, 0x0, 0xef, 0xfe, 0x60, 0x0, 0x0,
    0x0, 0xe, 0xfa, 0x10, 0x0, 0x0, 0x0, 0x0,
    0xc4, 0x0, 0x0, 0x0, 0x0, 0x0, 0x0, 0x0,
    0x0, 0x0, 0x0, 0x0, 0x0,

    /* U+E03D "" */
    0x6f, 0xff, 0xff, 0xff, 0xff, 0xff, 0xff, 0x90,
    0x1f, 0xff, 0xff, 0xc6, 0xff, 0xff, 0xff, 0xff,
    0xff, 0xff, 0xf9, 0x1, 0xff, 0xff, 0xfc, 0x25,
    0x55, 0x55, 0x55, 0x55, 0x55, 0x55, 0x30, 0x1f,
    0xf8, 0x55, 0x40, 0x0, 0x0, 0x0, 0x0, 0x0,
    0x0, 0x0, 0x1, 0xff, 0x40, 0x0, 0x25, 0x55,
    0x55, 0x55, 0x55, 0x55, 0x55, 0x30, 0x1f, 0xf4,
    0x0, 0x6, 0xff, 0xff, 0xff, 0xff, 0xff, 0xff,
    0xf9, 0x1, 0xff, 0x40, 0x0, 0x6f, 0xff, 0xff,
    0xff, 0xff, 0xff, 0xff, 0x90, 0x1f, 0xf4, 0x0,
    0x0, 0x0, 0x0, 0x0, 0x0, 0x0, 0x0, 0x0,
    0x1, 0xff, 0x40, 0x0, 0x0, 0x0, 0x0, 0x0,
    0x0, 0x0, 0x0, 0x0, 0x1f, 0xf4, 0x0, 0x2,
    0x77, 0x77, 0x77, 0x77, 0x60, 0x0, 0x3, 0x66,
    0xff, 0x40, 0x0, 0x6f, 0xff, 0xff, 0xff, 0xfe,
    0x0, 0x9, 0xff, 0xff, 0xf4, 0x0, 0x5, 0xee,
    0xee, 0xee, 0xee, 0xd0, 0x5, 0xff, 0xff, 0xff,
    0x40, 0x0, 0x0, 0x0, 0x0, 0x0, 0x0, 0x0,
    0xaf, 0xff, 0xff, 0xf4, 0x0, 0x0, 0x0, 0x0,
    0x0, 0x0, 0x0, 0xb, 0xff, 0xff, 0xff, 0x30,
    0x0, 0x0, 0x0, 0x0, 0x0, 0x0, 0x0, 0x6f,
    0xff, 0xff, 0xe0, 0x0, 0x0, 0x0, 0x0, 0x0,
    0x0, 0x0, 0x0, 0xbf, 0xff, 0xf4, 0x0, 0x0,
    0x0, 0x0, 0x0, 0x0, 0x0, 0x0, 0x0, 0x48,
    0x71, 0x0, 0x0, 0x0,

    /* U+E03E "" */
    0x0, 0x0, 0x0, 0x0, 0x0, 0x0, 0x0, 0x16,
    0x70, 0x0, 0x0, 0x0, 0x0, 0x0, 0x0, 0x0,
    0x0, 0x0, 0x39, 0xff, 0xf0, 0x0, 0x0, 0x0,
    0x0, 0x0, 0x0, 0x0, 0x0, 0x6c, 0xff, 0xfc,
    0x60, 0x0, 0x0, 0x0, 0x0, 0x0, 0x0, 0x2,
    0x9f, 0xff, 0xf9, 0x20, 0x0, 0x0, 0x0, 0x0,
    0x0, 0x0, 0x5, 0xcf, 0xff, 0xc6, 0x0, 0x0,
    0x0, 0x0, 0x0, 0x0, 0x0, 0x28, 0xef, 0xff,
    0x92, 0x0, 0x0, 0x0, 0x0, 0x0, 0x0, 0x0,
    0x1b, 0xff, 0xff, 0xff, 0xff, 0xff, 0xff, 0xff,
    0xff, 0xff, 0xfe, 0x60, 0xaf, 0xff, 0xff, 0xff,
    0xff, 0xff, 0xff, 0xff, 0xff, 0xff, 0xff, 0xf3,
    0xef, 0xa5, 0x55, 0x55, 0x55, 0x55, 0x55, 0x55,
    0x55, 0x55, 0x5f, 0xf6, 0xef, 0x70, 0x0, 0x0,
    0x0, 0x0, 0x0, 0x0, 0x38, 0x70, 0xe, 0xf6,
    0xef, 0x70, 0x0, 0x0, 0x0, 0x0, 0x0, 0x0,
    0x6f, 0xe0, 0xe, 0xf6, 0xef, 0x82, 0x22, 0x22,
    0x22, 0x22, 0x22, 0x22, 0x8f, 0xe2, 0x2e, 0xf6,
    0xef, 0xff, 0xff, 0xff, 0xff, 0xff, 0xff, 0xff,
    0xff, 0xff, 0xff, 0xf6, 0xef, 0xff, 0xff, 0xff,
    0xff, 0xff, 0xff, 0xff, 0xff, 0xff, 0xff, 0xf6,
    0xef, 0x82, 0x22, 0x22, 0x22, 0x22, 0x22, 0x22,
    0x22, 0x22, 0x2e, 0xf6, 0xef, 0x70, 0x2, 0x89,
    0x30, 0x0, 0x0, 0x0, 0x0, 0x0, 0xe, 0xf6,
    0xef, 0x70, 0x2f, 0xff, 0xf5, 0x0, 0x0, 0x0,
    0x0, 0x0, 0xe, 0xf6, 0xef, 0x70, 0xaf, 0xff,
    0xfd, 0x0, 0x0, 0x0, 0x0, 0x0, 0xe, 0xf6,
    0xef, 0x70, 0xcf, 0xff, 0xff, 0x0, 0x0, 0x0,
    0x0, 0x0, 0xe, 0xf6, 0xef, 0x70, 0x8f, 0xff,
    0xfb, 0x0, 0x0, 0x0, 0x0, 0x0, 0xe, 0xf6,
    0xef, 0x70, 0x1d, 0xff, 0xe2, 0x0, 0x0, 0x0,
    0x0, 0x0, 0xe, 0xf6, 0xef, 0x70, 0x0, 0x44,
    0x10, 0x0, 0x0, 0x0, 0x0, 0x0, 0xe, 0xf6,
    0xdf, 0xb7, 0x77, 0x77, 0x77, 0x77, 0x77, 0x77,
    0x77, 0x77, 0x7f, 0xf6, 0xaf, 0xff, 0xff, 0xff,
    0xff, 0xff, 0xff, 0xff, 0xff, 0xff, 0xff, 0xf2,
    0x1a, 0xde, 0xee, 0xee, 0xee, 0xee, 0xee, 0xee,
    0xee, 0xee, 0xec, 0x50,

    /* U+E040 "" */
    0x0, 0x0, 0x0, 0x0, 0x0, 0x0, 0x0, 0x0,
    0x51, 0x0, 0x0, 0x0, 0x0, 0x0, 0x0, 0x0,
    0x0, 0x0, 0x4, 0xfd, 0x10, 0x0, 0x0, 0x0,
    0x0, 0x0, 0x0, 0x0, 0x0, 0x5, 0xff, 0xd1,
    0x0, 0x0, 0x2, 0x22, 0x22, 0x22, 0x22, 0x22,
    0x22, 0x8f, 0xfd, 0x10, 0x0, 0x2f, 0xff, 0xff,
    0xff, 0xff, 0xff, 0xff, 0xff, 0xff, 0xd1, 0x0,
    0x2f, 0xff, 0xff, 0xff, 0xff, 0xff, 0xff, 0xff,
    0xff, 0xd1, 0x0, 0x2f, 0xf5, 0x22, 0x22, 0x22,
    0x22, 0x22, 0x8f, 0xfd, 0x10, 0x0, 0x2f, 0xf2,
    0x0, 0x0, 0x0, 0x0, 0x5, 0xff, 0xd1, 0x0,
    0x0, 0x2f, 0xf2, 0x0, 0x0, 0x0, 0x0, 0x4,
    0xfd, 0x10, 0x0, 0x0, 0x2f, 0xf2, 0x0, 0x0,
    0x0, 0x0, 0x0, 0x41, 0x0, 0x0, 0x0, 0x2d,
    0xd2, 0x0, 0x0, 0x0, 0x0, 0x0, 0x0, 0x0,
    0x0, 0x0, 0x0, 0x0, 0x0, 0x0, 0x0, 0x0,
    0x0, 0x0, 0x0, 0x0, 0x0, 0x0, 0x0, 0x0,
    0x0, 0x0, 0x0, 0x0, 0x0, 0x0, 0x0, 0x0,
    0x0, 0x0, 0x0, 0x0, 0x0, 0x0, 0x0, 0x2d,
    0xd2, 0x0, 0x0, 0x0, 0x15, 0x0, 0x0, 0x0,
    0x0, 0x0, 0x2f, 0xf2, 0x0, 0x0, 0x1, 0xef,
    0x40, 0x0, 0x0, 0x0, 0x0, 0x2f, 0xf2, 0x0,
    0x0, 0x1e, 0xff, 0x50, 0x0, 0x0, 0x0, 0x0,
    0x2f, 0xf2, 0x0, 0x1, 0xef, 0xf8, 0x22, 0x22,
    0x22, 0x22, 0x22, 0x5f, 0xf2, 0x0, 0x1e, 0xff,
    0xff, 0xff, 0xff, 0xff, 0xff, 0xff, 0xff, 0xf2,
    0x0, 0x2e, 0xff, 0xff, 0xff, 0xff, 0xff, 0xff,
    0xff, 0xff, 0xf2, 0x0, 0x2, 0xef, 0xf8, 0x22,
    0x22, 0x22, 0x22, 0x22, 0x22, 0x20, 0x0, 0x0,
    0x2e, 0xff, 0x50, 0x0, 0x0, 0x0, 0x0, 0x0,
    0x0, 0x0, 0x0, 0x2, 0xef, 0x40, 0x0, 0x0,
    0x0, 0x0, 0x0, 0x0, 0x0, 0x0, 0x0, 0x25,
    0x0, 0x0, 0x0, 0x0, 0x0, 0x0, 0x0, 0x0,

    /* U+E042 "" */
    0x0, 0x0, 0x0, 0x0, 0x0, 0x55, 0x0, 0x0,
    0x0, 0x0, 0x0, 0x0, 0x0, 0x0, 0x0, 0x5,
    0xff, 0x40, 0x0, 0x0, 0x0, 0x0, 0x0, 0x0,
    0x0, 0x0, 0x5f, 0xfe, 0x10, 0x0, 0x0, 0x0,
    0x0, 0x0, 0x0, 0x0, 0x5, 0xff, 0xf6, 0x20,
    0x0, 0x0, 0x0, 0x0, 0x0, 0x0, 0x0, 0x5f,
    0xff, 0xff, 0xff, 0xa4, 0x0, 0x0, 0x0, 0x0,
    0x0, 0x0, 0x2e, 0xff, 0xff, 0xff, 0xff, 0xb1,
    0x0, 0x0, 0x0, 0x0, 0x0, 0x2, 0xef, 0xf6,
    0x26, 0xcf, 0xfe, 0x20, 0x0, 0x0, 0x0, 0x0,
    0x0, 0x2e, 0xff, 0x40, 0x5, 0xff, 0xe1, 0x0,
    0x0, 0x0, 0x0, 0x0, 0x2, 0xee, 0x10, 0x0,
    0x3f, 0xfc, 0x0, 0x0, 0x0, 0x0, 0x0, 0x0,
    0x22, 0x0, 0x0, 0x5, 0xff, 0x50, 0x0, 0x0,
    0x0, 0x0, 0x0, 0x0, 0x0, 0x0, 0x0, 0xbf,
    0xc0, 0x0, 0x0, 0x0, 0x0, 0x0, 0x0, 0x0,
    0x0, 0x0, 0x4f, 0xf1, 0x0, 0x0, 0x0, 0x0,
    0x0, 0x0, 0x0, 0x0, 0x0, 0xf, 0xf5, 0x0,
    0x0, 0x0, 0x0, 0x0, 0x0, 0x0, 0x0, 0x0,
    0xe, 0xf6, 0x5c, 0xa0, 0x0, 0x0, 0x0, 0x0,
    0x0, 0x0, 0x0, 0xd, 0xf7, 0x6f, 0xf0, 0x0,
    0x0, 0x0, 0x0, 0x0, 0x0, 0x0, 0xf, 0xf6,
    0x3f, 0xf2, 0x0, 0x0, 0x0, 0x0, 0x0, 0x0,
    0x0, 0x2f, 0xf3, 0xe, 0xf7, 0x0, 0x0, 0x0,
    0x0, 0x0, 0x0, 0x0, 0x7f, 0xe0, 0x9, 0xfe,
    0x0, 0x0, 0x0, 0x0, 0x0, 0x0, 0x0, 0xef,
    0x90, 0x1, 0xff, 0xb0, 0x0, 0x0, 0x0, 0x0,
    0x0, 0xb, 0xff, 0x10, 0x0, 0x7f, 0xfa, 0x0,
    0x0, 0x0, 0x0, 0x0, 0xaf, 0xf6, 0x0, 0x0,
    0xa, 0xff, 0xd4, 0x0, 0x0, 0x0, 0x4d, 0xff,
    0x90, 0x0, 0x0, 0x0, 0x8f, 0xff, 0xea, 0x88,
    0xae, 0xff, 0xf8, 0x0, 0x0, 0x0, 0x0, 0x3,
    0xcf, 0xff, 0xff, 0xff, 0xfc, 0x30, 0x0, 0x0,
    0x0, 0x0, 0x0, 0x3, 0x8b, 0xdc, 0xb8, 0x30,
    0x0, 0x0, 0x0,

    /* U+E043 "" */
    0x0, 0x10, 0x0, 0x0, 0x0, 0x0, 0x35, 0x55,
    0x55, 0x51, 0x8, 0xe3, 0x0, 0x0, 0x0, 0x0,
    0xaf, 0xff, 0xff, 0xf5, 0x1e, 0xfe, 0x30, 0x0,
    0x0, 0x0, 0xaf, 0xff, 0xff, 0xf5, 0x3, 0xef,
    0xe3, 0x0, 0x0, 0x0, 0x0, 0x3e, 0xff, 0xf5,
    0x0, 0x3e, 0xfe, 0x30, 0x0, 0x0, 0x3, 0xef,
    0xef, 0xf5, 0x0, 0x3, 0xef, 0xe3, 0x0, 0x0,
    0x3e, 0xfe, 0x3f, 0xf5, 0x0, 0x0, 0x3e, 0xfe,
    0x10, 0x3, 0xef, 0xe3, 0xf, 0xf5, 0x0, 0x0,
    0x3, 0xe8, 0x0, 0x3e, 0xfe, 0x30, 0xa, 0xa3,
    0x0, 0x0, 0x0, 0x10, 0x3, 0xef, 0xe3, 0x0,
    0x0, 0x0, 0x0, 0x0, 0x0, 0x0, 0x3e, 0xfe,
    0x30, 0x0, 0x0, 0x0, 0x0, 0x0, 0x0, 0x3,
    0xef, 0xe3, 0x0, 0x0, 0x0, 0x0, 0x0, 0x0,
    0x0, 0x3e, 0xfe, 0x30, 0x2, 0x0, 0x0, 0x0,
    0x0, 0x0, 0x3, 0xef, 0xe3, 0x0, 0x8f, 0x30,
    0xa, 0xa3, 0x0, 0x0, 0x3e, 0xfe, 0x30, 0x1,
    0xef, 0xf3, 0xf, 0xf5, 0x0, 0x3, 0xef, 0xe3,
    0x0, 0x0, 0x3e, 0xff, 0x3f, 0xf5, 0x0, 0x3e,
    0xfe, 0x30, 0x0, 0x0, 0x3, 0xef, 0xff, 0xf5,
    0x3, 0xef, 0xe3, 0x0, 0x0, 0x0, 0x0, 0x3e,
    0xff, 0xf5, 0x1e, 0xfe, 0x30, 0x0, 0x0, 0x0,
    0xaf, 0xff, 0xff, 0xf5, 0x8, 0xe3, 0x0, 0x0,
    0x0, 0x0, 0xaf, 0xff, 0xff, 0xf5, 0x0, 0x10,
    0x0, 0x0, 0x0, 0x0, 0x35, 0x55, 0x55, 0x51,

    /* U+E044 "" */
    0x56, 0x0, 0x0, 0x0, 0x0, 0x0, 0x6, 0xfe,
    0x6f, 0xb2, 0x0, 0x0, 0x0, 0x0, 0x6, 0xfe,
    0x6f, 0xff, 0x60, 0x0, 0x0, 0x0, 0x6, 0xfe,
    0x6f, 0xff, 0xfc, 0x20, 0x0, 0x0, 0x6, 0xfe,
    0x6f, 0xfb, 0xff, 0xf7, 0x0, 0x0, 0x6, 0xfe,
    0x6f, 0xe0, 0x6f, 0xff, 0xc2, 0x0, 0x6, 0xfe,
    0x6f, 0xe0, 0x1, 0xbf, 0xff, 0x70, 0x6, 0xfe,
    0x6f, 0xe0, 0x1, 0xbf, 0xff, 0x70, 0x6, 0xfe,
    0x6f, 0xe0, 0x6f, 0xff, 0xc2, 0x0, 0x6, 0xfe,
    0x6f, 0xfb, 0xff, 0xf7, 0x0, 0x0, 0x6, 0xfe,
    0x6f, 0xff, 0xfc, 0x20, 0x0, 0x0, 0x6, 0xfe,
    0x6f, 0xff, 0x60, 0x0, 0x0, 0x0, 0x6, 0xfe,
    0x6f, 0xb2, 0x0, 0x0, 0x0, 0x0, 0x6, 0xfe,
    0x56, 0x0, 0x0, 0x0, 0x0, 0x0, 0x6, 0xfe,

    /* U+E045 "" */
    0x6f, 0xe0, 0x0, 0x0, 0x0, 0x0, 0x0, 0x1a,
    0x6f, 0xe0, 0x0, 0x0, 0x0, 0x0, 0x6, 0xfe,
    0x6f, 0xe0, 0x0, 0x0, 0x0, 0x2, 0xbf, 0xfe,
    0x6f, 0xe0, 0x0, 0x0, 0x0, 0x6f, 0xff, 0xfe,
    0x6f, 0xe0, 0x0, 0x0, 0x2c, 0xff, 0xfb, 0xfe,
    0x6f, 0xe0, 0x0, 0x7, 0xff, 0xfb, 0x26, 0xfe,
    0x6f, 0xe0, 0x2, 0xcf, 0xff, 0x60, 0x6, 0xfe,
    0x6f, 0xe0, 0x2, 0xcf, 0xfe, 0x60, 0x6, 0xfe,
    0x6f, 0xe0, 0x0, 0x7, 0xff, 0xfb, 0x26, 0xfe,
    0x6f, 0xe0, 0x0, 0x0, 0x2c, 0xff, 0xfb, 0xfe,
    0x6f, 0xe0, 0x0, 0x0, 0x0, 0x6f, 0xff, 0xfe,
    0x6f, 0xe0, 0x0, 0x0, 0x0, 0x2, 0xbf, 0xfe,
    0x6f, 0xe0, 0x0, 0x0, 0x0, 0x0, 0x6, 0xfe,
    0x6f, 0xe0, 0x0, 0x0, 0x0, 0x0, 0x0, 0x1a,

    /* U+E047 "" */
    0xff, 0xff, 0xff, 0xff, 0xff, 0xff, 0xff, 0xff,
    0xff, 0xff, 0xff, 0xff, 0xff, 0xff, 0xff, 0x85,
    0x55, 0x55, 0x55, 0x58, 0xff, 0xff, 0x50, 0x0,
    0x0, 0x0, 0x5, 0xff, 0xff, 0x50, 0x0, 0x0,
    0x0, 0x5, 0xff, 0xff, 0x50, 0x0, 0x0, 0x0,
    0x5, 0xff, 0xff, 0x50, 0x0, 0x0, 0x0, 0x5,
    0xff, 0xff, 0x50, 0x0, 0x0, 0x0, 0x5, 0xff,
    0xff, 0x50, 0x0, 0x0, 0x0, 0x5, 0xff, 0xff,
    0x50, 0x0, 0x0, 0x0, 0x5, 0xff, 0xff, 0x50,
    0x0, 0x0, 0x0, 0x5, 0xff, 0xff, 0x85, 0x55,
    0x55, 0x55, 0x58, 0xff, 0xff, 0xff, 0xff, 0xff,
    0xff, 0xff, 0xff, 0xff, 0xff, 0xff, 0xff, 0xff,
    0xff, 0xff,

    /* U+E049 "" */
    0x1, 0x45, 0x55, 0x55, 0x55, 0x55, 0x55, 0x55,
    0x55, 0x55, 0x53, 0x0, 0x4f, 0xff, 0xff, 0xff,
    0xff, 0xff, 0xff, 0xff, 0xff, 0xff, 0xff, 0xc0,
    0xcf, 0xff, 0xff, 0xff, 0xff, 0xff, 0xff, 0xff,
    0xff, 0xff, 0xff, 0xf5, 0xef, 0x70, 0x0, 0x0,
    0x0, 0x0, 0x0, 0x0, 0x0, 0x0, 0xe, 0xf6,
    0xef, 0x70, 0x3, 0x50, 0x0, 0x0, 0x0, 0x0,
    0x8, 0x0, 0xe, 0xf6, 0xef, 0x70, 0x1e, 0xf4,
    0x0, 0x0, 0x0, 0x0, 0xbf, 0x80, 0xe, 0xf6,
    0xef, 0x70, 0x9f, 0xf2, 0x0, 0x37, 0x61, 0x0,
    0x9f, 0xf1, 0xe, 0xf6, 0xef, 0x70, 0xef, 0x80,
    0x9, 0xff, 0xfe, 0x30, 0x1f, 0xf7, 0xe, 0xf6,
    0xef, 0x73, 0xff, 0x20, 0x5f, 0xff, 0xff, 0xd0,
    0xa, 0xfc, 0xe, 0xf6, 0xef, 0x75, 0xff, 0x0,
    0xaf, 0xff, 0xff, 0xf2, 0x7, 0xfd, 0xe, 0xf6,
    0xef, 0x75, 0xff, 0x0, 0xaf, 0xff, 0xff, 0xf2,
    0x7, 0xfd, 0xe, 0xf6, 0xef, 0x73, 0xff, 0x20,
    0x5f, 0xff, 0xff, 0xd0, 0xa, 0xfc, 0xe, 0xf6,
    0xef, 0x70, 0xff, 0x80, 0xa, 0xff, 0xfe, 0x30,
    0x1f, 0xf7, 0xe, 0xf6, 0xef, 0x70, 0x9f, 0xf2,
    0x0, 0x47, 0x61, 0x0, 0x9f, 0xf1, 0xe, 0xf6,
    0xef, 0x70, 0x1e, 0xf4, 0x0, 0x0, 0x0, 0x0,
    0xbf, 0x80, 0xe, 0xf6, 0xef, 0x70, 0x4, 0x40,
    0x0, 0x0, 0x0, 0x0, 0x8, 0x0, 0xe, 0xf6,
    0xef, 0x70, 0x0, 0x0, 0x0, 0x0, 0x0, 0x0,
    0x0, 0x0, 0xe, 0xf6, 0xcf, 0xff, 0xff, 0xff,
    0xff, 0xff, 0xff, 0xff, 0xff, 0xff, 0xff, 0xf5,
    0x4f, 0xff, 0xff, 0xff, 0xff, 0xff, 0xff, 0xff,
    0xff, 0xff, 0xff, 0xc0, 0x1, 0x45, 0x55, 0x55,
    0x55, 0x55, 0x55, 0x55, 0x55, 0x55, 0x53, 0x0,

    /* U+E04B "" */
    0x1, 0x45, 0x55, 0x55, 0x55, 0x55, 0x55, 0x55,
    0x41, 0x0, 0x0, 0x0, 0x4f, 0xff, 0xff, 0xff,
    0xff, 0xff, 0xff, 0xff, 0xff, 0x40, 0x0, 0x0,
    0xcf, 0xff, 0xff, 0xff, 0xff, 0xff, 0xff, 0xff,
    0xff, 0xd0, 0x0, 0x0, 0xef, 0x70, 0x0, 0x0,
    0x0, 0x0, 0x0, 0x0, 0x6f, 0xe0, 0x0, 0x1,
    0xef, 0x70, 0x0, 0x0, 0x0, 0x0, 0x0, 0x0,
    0x6f, 0xe0, 0x0, 0x59, 0xef, 0x70, 0x0, 0x0,
    0x0, 0x0, 0x0, 0x0, 0x6f, 0xe0, 0x5, 0xf9,
    0xef, 0x70, 0x0, 0x0, 0x0, 0x0, 0x0, 0x0,
    0x6f, 0xe0, 0x5f, 0xf9, 0xef, 0x70, 0x0, 0x0,
    0x0, 0x0, 0x0, 0x0, 0x6f, 0xe5, 0xff, 0xf9,
    0xef, 0x70, 0x0, 0x0, 0x0, 0x0, 0x0, 0x0,
    0x6f, 0xff, 0xff, 0xf9, 0xef, 0x70, 0x0, 0x0,
    0x0, 0x0, 0x0, 0x0, 0x6f, 0xff, 0xff, 0xf9,
    0xef, 0x70, 0x0, 0x0, 0x0, 0x0, 0x0, 0x0,
    0x6f, 0xff, 0xff, 0xf9, 0xef, 0x70, 0x0, 0x0,
    0x0, 0x0, 0x0, 0x0, 0x6f, 0xff, 0xff, 0xf9,
    0xef, 0x70, 0x0, 0x0, 0x0, 0x0, 0x0, 0x0,
    0x6f, 0xe5, 0xff, 0xf9, 0xef, 0x70, 0x0, 0x0,
    0x0, 0x0, 0x0, 0x0, 0x6f, 0xe0, 0x5f, 0xf9,
    0xef, 0x70, 0x0, 0x0, 0x0, 0x0, 0x0, 0x0,
    0x6f, 0xe0, 0x5, 0xf9, 0xef, 0x70, 0x0, 0x0,
    0x0, 0x0, 0x0, 0x0, 0x6f, 0xe0, 0x0, 0x59,
    0xef, 0x70, 0x0, 0x0, 0x0, 0x0, 0x0, 0x0,
    0x6f, 0xe0, 0x0, 0x1, 0xcf, 0xff, 0xff, 0xff,
    0xff, 0xff, 0xff, 0xff, 0xff, 0xd0, 0x0, 0x0,
    0x4f, 0xff, 0xff, 0xff, 0xff, 0xff, 0xff, 0xff,
    0xff, 0x40, 0x0, 0x0, 0x1, 0x45, 0x55, 0x55,
    0x55, 0x55, 0x55, 0x55, 0x41, 0x0, 0x0, 0x0,

    /* U+E04D "" */
    0x0, 0x0, 0x0, 0x0, 0x0, 0x0, 0x0, 0x0,
    0x0, 0x0, 0x0, 0x0, 0x0, 0x6, 0x50, 0x0,
    0x0, 0x0, 0x0, 0x0, 0x0, 0x6, 0xf5, 0x0,
    0x0, 0x0, 0x0, 0x0, 0x0, 0x6, 0xff, 0x50,
    0x0, 0x0, 0x0, 0x0, 0x0, 0x6, 0xff, 0xf5,
    0x0, 0x0, 0x0, 0x0, 0x0, 0x6, 0xff, 0xff,
    0x50, 0x3, 0x0, 0x16, 0x66, 0x67, 0xff, 0xdf,
    0xf5, 0x1, 0xf5, 0x2, 0xff, 0xff, 0xff, 0xd1,
    0xff, 0x50, 0x1f, 0xf2, 0x2f, 0xff, 0xff, 0xd1,
    0xf, 0xf5, 0x1, 0xff, 0x82, 0xff, 0x20, 0x0,
    0x0, 0xff, 0x50, 0x1f, 0xfb, 0x2f, 0xf2, 0x0,
    0x0, 0xf, 0xf5, 0x1, 0xff, 0xb2, 0xff, 0xff,
    0xfd, 0x10, 0xff, 0x50, 0x1f, 0xf8, 0x2f, 0xff,
    0xff, 0xfd, 0x1f, 0xf5, 0x1, 0xff, 0x11, 0x66,
    0x66, 0x8f, 0xfd, 0xff, 0x50, 0x1f, 0x50, 0x0,
    0x0, 0x0, 0x6f, 0xff, 0xf5, 0x0, 0x20, 0x0,
    0x0, 0x0, 0x0, 0x6f, 0xff, 0x50, 0x0, 0x0,
    0x0, 0x0, 0x0, 0x0, 0x6f, 0xf5, 0x0, 0x0,
    0x0, 0x0, 0x0, 0x0, 0x0, 0x6f, 0x50, 0x0,
    0x0, 0x0, 0x0, 0x0, 0x0, 0x0, 0x65, 0x0,
    0x0, 0x0, 0x0, 0x0, 0x0, 0x0, 0x0, 0x0,
    0x0, 0x0,

    /* U+E04E "" */
    0x0, 0x0, 0x0, 0x0, 0x0, 0x0, 0x0, 0x0,
    0x0, 0x0, 0x46, 0x0, 0x0, 0x0, 0x0, 0x4f,
    0x60, 0x0, 0x0, 0x0, 0x4f, 0xf6, 0x0, 0x0,
    0x0, 0x4f, 0xff, 0x60, 0x0, 0x0, 0x4f, 0xff,
    0xf6, 0x56, 0x66, 0x6f, 0xfe, 0xff, 0x6e, 0xff,
    0xff, 0xfe, 0x2e, 0xf6, 0xef, 0xff, 0xfe, 0x20,
    0xef, 0x6e, 0xf6, 0x0, 0x0, 0xe, 0xf6, 0xef,
    0x60, 0x0, 0x0, 0xef, 0x6e, 0xff, 0xff, 0xe2,
    0xe, 0xf6, 0xef, 0xff, 0xff, 0xe2, 0xef, 0x65,
    0x66, 0x66, 0xff, 0xef, 0xf6, 0x0, 0x0, 0x4,
    0xff, 0xff, 0x60, 0x0, 0x0, 0x4, 0xff, 0xf6,
    0x0, 0x0, 0x0, 0x4, 0xff, 0x60, 0x0, 0x0,
    0x0, 0x4, 0xf6, 0x0, 0x0, 0x0, 0x0, 0x4,
    0x60, 0x0, 0x0, 0x0, 0x0, 0x0,

    /* U+E04F "" */
    0x0, 0x50, 0x0, 0x0, 0x0, 0x0, 0x0, 0x0,
    0x0, 0x0, 0x0, 0x0, 0xb, 0xf7, 0x0, 0x0,
    0x0, 0x0, 0x0, 0xc, 0xb5, 0x0, 0x0, 0x0,
    0xc, 0xff, 0x70, 0x0, 0x0, 0x0, 0x91, 0xc,
    0xff, 0xd2, 0x0, 0x0, 0x0, 0xcf, 0xf7, 0x0,
    0x0, 0x9, 0xf1, 0x5, 0xcf, 0xff, 0x40, 0x0,
    0x0, 0xc, 0xff, 0x80, 0x0, 0x9f, 0xf1, 0x0,
    0x4, 0xef, 0xf3, 0x0, 0x0, 0x0, 0xcf, 0xf8,
    0x0, 0x4f, 0xf1, 0x0, 0x0, 0x2e, 0xfe, 0x0,
    0x0, 0x0, 0xc, 0xff, 0x80, 0x4, 0xf1, 0x4,
    0x0, 0x3, 0xff, 0x80, 0x0, 0x26, 0x66, 0xff,
    0xf8, 0x0, 0x41, 0xc, 0xa0, 0x0, 0x9f, 0xe0,
    0x0, 0x6f, 0xff, 0xff, 0xff, 0x80, 0x0, 0xc,
    0xf6, 0x0, 0x2f, 0xf3, 0x0, 0x6f, 0xff, 0xff,
    0xff, 0xf8, 0x0, 0xc, 0xfd, 0x0, 0xe, 0xf7,
    0x0, 0x6f, 0xe0, 0x0, 0xb, 0xff, 0x90, 0x7,
    0xff, 0x0, 0xc, 0xf8, 0x0, 0x6f, 0xe0, 0x0,
    0x0, 0x9f, 0xf9, 0x0, 0x7f, 0x10, 0xc, 0xf8,
    0x0, 0x6f, 0xff, 0xff, 0xa0, 0x3f, 0xff, 0x90,
    0x6, 0x0, 0xf, 0xf6, 0x0, 0x6f, 0xff, 0xff,
    0xfa, 0x4f, 0xff, 0xf9, 0x0, 0x0, 0x3f, 0xf3,
    0x0, 0x26, 0x66, 0x6a, 0xff, 0xdf, 0xfa, 0xff,
    0x90, 0x0, 0xaf, 0xd0, 0x0, 0x0, 0x0, 0x0,
    0x9f, 0xff, 0xf1, 0x9f, 0xf9, 0x0, 0x2e, 0x60,
    0x0, 0x0, 0x0, 0x0, 0x9, 0xff, 0xf1, 0xa,
    0xff, 0x90, 0x2, 0x0, 0x0, 0x0, 0x0, 0x0,
    0x0, 0x9f, 0xf1, 0x0, 0xbf, 0xfa, 0x0, 0x0,
    0x0, 0x0, 0x0, 0x0, 0x0, 0x9, 0xf1, 0x6,
    0xdf, 0xff, 0xa0, 0x0, 0x0, 0x0, 0x0, 0x0,
    0x0, 0x0, 0x91, 0xc, 0xff, 0xef, 0xfa, 0x0,
    0x0, 0x0, 0x0, 0x0, 0x0, 0x0, 0x0, 0xb,
    0xa3, 0xb, 0xff, 0xa0, 0x0, 0x0, 0x0, 0x0,
    0x0, 0x0, 0x0, 0x0, 0x0, 0x0, 0xaf, 0xf8,
    0x0, 0x0, 0x0, 0x0, 0x0, 0x0, 0x0, 0x0,
    0x0, 0x0, 0xa, 0xc1, 0x0, 0x0, 0x0, 0x0,
    0x0, 0x0, 0x0, 0x0, 0x0, 0x0, 0x0, 0x0,

    /* U+E050 "" */
    0x0, 0x0, 0x0, 0x0, 0x0, 0x0, 0x0, 0x0,
    0x0, 0x0, 0x0, 0x0, 0x0, 0x0, 0x0, 0x0,
    0x0, 0xc, 0xb5, 0x0, 0x0, 0x0, 0x0, 0x0,
    0x0, 0x0, 0x0, 0x91, 0xc, 0xff, 0xc2, 0x0,
    0x0, 0x0, 0x0, 0x0, 0x0, 0x9, 0xf1, 0x5,
    0xcf, 0xff, 0x40, 0x0, 0x0, 0x0, 0x0, 0x0,
    0x9f, 0xf1, 0x0, 0x4, 0xef, 0xf3, 0x0, 0x0,
    0x0, 0x0, 0x9, 0xff, 0xf1, 0x0, 0x0, 0x2e,
    0xfd, 0x0, 0x0, 0x0, 0x0, 0x9f, 0xff, 0xf1,
    0x4, 0x0, 0x3, 0xff, 0x80, 0x26, 0x66, 0x6a,
    0xff, 0xdf, 0xf1, 0xc, 0xa0, 0x0, 0x9f, 0xe0,
    0x6f, 0xff, 0xff, 0xfb, 0x4f, 0xf1, 0xc, 0xf6,
    0x0, 0x2f, 0xf3, 0x6f, 0xff, 0xff, 0xa0, 0x3f,
    0xf1, 0xc, 0xfd, 0x0, 0xe, 0xf6, 0x6f, 0xe0,
    0x0, 0x0, 0x3f, 0xf1, 0xc, 0xff, 0x0, 0xc,
    0xf8, 0x6f, 0xe0, 0x0, 0x0, 0x3f, 0xf1, 0xc,
    0xff, 0x0, 0xc, 0xf8, 0x6f, 0xff, 0xff, 0xa0,
    0x3f, 0xf1, 0xc, 0xfd, 0x0, 0xe, 0xf6, 0x6f,
    0xff, 0xff, 0xfa, 0x4f, 0xf1, 0xc, 0xf6, 0x0,
    0x3f, 0xf3, 0x26, 0x66, 0x6a, 0xff, 0xdf, 0xf1,
    0xc, 0xa0, 0x0, 0xaf, 0xe0, 0x0, 0x0, 0x0,
    0x9f, 0xff, 0xf1, 0x3, 0x0, 0x4, 0xff, 0x70,
    0x0, 0x0, 0x0, 0x9, 0xff, 0xf1, 0x0, 0x0,
    0x2e, 0xfd, 0x0, 0x0, 0x0, 0x0, 0x0, 0x9f,
    0xf1, 0x0, 0x5, 0xff, 0xf3, 0x0, 0x0, 0x0,
    0x0, 0x0, 0x9, 0xf1, 0x6, 0xdf, 0xff, 0x30,
    0x0, 0x0, 0x0, 0x0, 0x0, 0x0, 0x91, 0xc,
    0xff, 0xc2, 0x0, 0x0, 0x0, 0x0, 0x0, 0x0,
    0x0, 0x0, 0xb, 0xa4, 0x0, 0x0, 0x0, 0x0,
    0x0, 0x0, 0x0, 0x0, 0x0, 0x0, 0x0, 0x0,
    0x0, 0x0,

    /* U+E0C9 "" */
    0x3, 0x67, 0x77, 0x77, 0x77, 0x77, 0x77, 0x77,
    0x77, 0x77, 0x75, 0x0, 0x5f, 0xff, 0xff, 0xff,
    0xff, 0xff, 0xff, 0xff, 0xff, 0xff, 0xff, 0xd0,
    0xdf, 0xfe, 0xee, 0xee, 0xee, 0xee, 0xee, 0xee,
    0xee, 0xee, 0xef, 0xf5, 0xef, 0x70, 0x0, 0x0,
    0x0, 0x0, 0x0, 0x0, 0x0, 0x0, 0xe, 0xf6,
    0xef, 0x70, 0x0, 0x0, 0x0, 0x0, 0x0, 0x0,
    0x0, 0x0, 0xe, 0xf6, 0xef, 0x70, 0x2c, 0xcc,
    0xcc, 0xcc, 0xcc, 0xcc, 0xcc, 0x90, 0xe, 0xf6,
    0xef, 0x70, 0x3f, 0xff, 0xff, 0xff, 0xff, 0xff,
    0xff, 0xb0, 0xe, 0xf6, 0xef, 0x70, 0x1, 0x11,
    0x11, 0x11, 0x11, 0x11, 0x11, 0x10, 0xe, 0xf6,
    0xef, 0x70, 0x2b, 0xbb, 0xbb, 0xbb, 0xbb, 0xbb,
    0xbb, 0x80, 0xe, 0xf6, 0xef, 0x70, 0x3f, 0xff,
    0xff, 0xff, 0xff, 0xff, 0xff, 0xb0, 0xe, 0xf6,
    0xef, 0x70, 0x2d, 0xdd, 0xdd, 0xdd, 0xdd, 0xdd,
    0xdd, 0x90, 0xe, 0xf6, 0xef, 0x70, 0x0, 0x0,
    0x0, 0x0, 0x0, 0x0, 0x0, 0x0, 0xe, 0xf6,
    0xef, 0x70, 0x3f, 0xff, 0xff, 0xff, 0xff, 0x10,
    0x0, 0x0, 0xe, 0xf6, 0xef, 0x70, 0x3f, 0xff,
    0xff, 0xff, 0xff, 0x10, 0x0, 0x0, 0xe, 0xf6,
    0xef, 0x70, 0x15, 0x55, 0x55, 0x55, 0x55, 0x0,
    0x0, 0x0, 0xe, 0xf6, 0xef, 0x70, 0x0, 0x0,
    0x0, 0x0, 0x0, 0x0, 0x0, 0x0, 0xe, 0xf6,
    0xef, 0x71, 0x55, 0x55, 0x55, 0x55, 0x55, 0x55,
    0x55, 0x55, 0x5f, 0xf6, 0xef, 0x9e, 0xff, 0xff,
    0xff, 0xff, 0xff, 0xff, 0xff, 0xff, 0xff, 0xf3,
    0xef, 0xff, 0xff, 0xff, 0xff, 0xff, 0xff, 0xff,
    0xff, 0xff, 0xfe, 0x70, 0xef, 0xff, 0x40, 0x0,
    0x0, 0x0, 0x0, 0x0, 0x0, 0x0, 0x0, 0x0,
    0xef, 0xf4, 0x0, 0x0, 0x0, 0x0, 0x0, 0x0,
    0x0, 0x0, 0x0, 0x0, 0xef, 0x40, 0x0, 0x0,
    0x0, 0x0, 0x0, 0x0, 0x0, 0x0, 0x0, 0x0,
    0xd4, 0x0, 0x0, 0x0, 0x0, 0x0, 0x0, 0x0,
    0x0, 0x0, 0x0, 0x0, 0x30, 0x0, 0x0, 0x0,
    0x0, 0x0, 0x0, 0x0, 0x0, 0x0, 0x0, 0x0,

    /* U+E145 "" */
    0x0, 0x0, 0x0, 0x0, 0x22, 0x0, 0x0, 0x0,
    0x0, 0x0, 0x0, 0x0, 0x2, 0xff, 0x20, 0x0,
    0x0, 0x0, 0x0, 0x0, 0x0, 0x2, 0xff, 0x20,
    0x0, 0x0, 0x0, 0x0, 0x0, 0x0, 0x2, 0xff,
    0x20, 0x0, 0x0, 0x0, 0x0, 0x0, 0x0, 0x2,
    0xff, 0x20, 0x0, 0x0, 0x0, 0x0, 0x0, 0x0,
    0x2, 0xff, 0x20, 0x0, 0x0, 0x0, 0x0, 0x0,
    0x0, 0x2, 0xff, 0x20, 0x0, 0x0, 0x0, 0x2,
    0x22, 0x22, 0x25, 0xff, 0x52, 0x22, 0x22, 0x20,
    0x2f, 0xff, 0xff, 0xff, 0xff, 0xff, 0xff, 0xff,
    0xf2, 0x2f, 0xff, 0xff, 0xff, 0xff, 0xff, 0xff,
    0xff, 0xf2, 0x2, 0x22, 0x22, 0x25, 0xff, 0x52,
    0x22, 0x22, 0x20, 0x0, 0x0, 0x0, 0x2, 0xff,
    0x20, 0x0, 0x0, 0x0, 0x0, 0x0, 0x0, 0x2,
    0xff, 0x20, 0x0, 0x0, 0x0, 0x0, 0x0, 0x0,
    0x2, 0xff, 0x20, 0x0, 0x0, 0x0, 0x0, 0x0,
    0x0, 0x2, 0xff, 0x20, 0x0, 0x0, 0x0, 0x0,
    0x0, 0x0, 0x2, 0xff, 0x20, 0x0, 0x0, 0x0,
    0x0, 0x0, 0x0, 0x2, 0xff, 0x20, 0x0, 0x0,
    0x0, 0x0, 0x0, 0x0, 0x0, 0x22, 0x0, 0x0,
    0x0, 0x0,

    /* U+E14D "" */
    0x0, 0x0, 0x0, 0x36, 0x77, 0x77, 0x77, 0x77,
    0x77, 0x50, 0x0, 0x0, 0x0, 0x6f, 0xff, 0xff,
    0xff, 0xff, 0xff, 0xff, 0xd0, 0x0, 0x0, 0xd,
    0xfe, 0xee, 0xee, 0xee, 0xee, 0xee, 0xff, 0x50,
    0x0, 0x0, 0xef, 0x60, 0x0, 0x0, 0x0, 0x0,
    0xe, 0xf6, 0x0, 0x0, 0xe, 0xf6, 0x0, 0x0,
    0x0, 0x0, 0x0, 0xef, 0x65, 0xcb, 0x0, 0xef,
    0x60, 0x0, 0x0, 0x0, 0x0, 0xe, 0xf6, 0x6f,
    0xe0, 0xe, 0xf6, 0x0, 0x0, 0x0, 0x0, 0x0,
    0xef, 0x66, 0xfe, 0x0, 0xef, 0x60, 0x0, 0x0,
    0x0, 0x0, 0xe, 0xf6, 0x6f, 0xe0, 0xe, 0xf6,
    0x0, 0x0, 0x0, 0x0, 0x0, 0xef, 0x66, 0xfe,
    0x0, 0xef, 0x60, 0x0, 0x0, 0x0, 0x0, 0xe,
    0xf6, 0x6f, 0xe0, 0xe, 0xf6, 0x0, 0x0, 0x0,
    0x0, 0x0, 0xef, 0x66, 0xfe, 0x0, 0xef, 0x60,
    0x0, 0x0, 0x0, 0x0, 0xe, 0xf6, 0x6f, 0xe0,
    0xe, 0xf6, 0x0, 0x0, 0x0, 0x0, 0x0, 0xef,
    0x66, 0xfe, 0x0, 0xef, 0x60, 0x0, 0x0, 0x0,
    0x0, 0xe, 0xf6, 0x6f, 0xe0, 0xe, 0xf6, 0x0,
    0x0, 0x0, 0x0, 0x0, 0xef, 0x66, 0xfe, 0x0,
    0xef, 0x60, 0x0, 0x0, 0x0, 0x0, 0xe, 0xf6,
    0x6f, 0xe0, 0xe, 0xf9, 0x55, 0x55, 0x55, 0x55,
    0x55, 0xff, 0x66, 0xfe, 0x0, 0xbf, 0xff, 0xff,
    0xff, 0xff, 0xff, 0xff, 0xf3, 0x6f, 0xe0, 0x2,
    0xcf, 0xff, 0xff, 0xff, 0xff, 0xff, 0xe7, 0x6,
    0xfe, 0x0, 0x0, 0x0, 0x0, 0x0, 0x0, 0x0,
    0x0, 0x0, 0x6f, 0xe0, 0x0, 0x0, 0x0, 0x0,
    0x0, 0x0, 0x0, 0x0, 0x6, 0xff, 0x77, 0x77,
    0x77, 0x77, 0x77, 0x77, 0x50, 0x0, 0x0, 0x2f,
    0xff, 0xff, 0xff, 0xff, 0xff, 0xff, 0xfc, 0x0,
    0x0, 0x0, 0x5c, 0xee, 0xee, 0xee, 0xee, 0xee,
    0xee, 0xa0, 0x0, 0x0,

    /* U+E14E "" */
    0x0, 0x4, 0x76, 0x20, 0x0, 0x0, 0x0, 0x0,
    0x0, 0x0, 0x0, 0x0, 0x1, 0xcf, 0xff, 0xfa,
    0x0, 0x0, 0x0, 0x0, 0x0, 0x0, 0x45, 0x52,
    0xd, 0xff, 0xef, 0xff, 0xb0, 0x0, 0x0, 0x0,
    0x0, 0xb, 0xff, 0xf9, 0x6f, 0xf6, 0x0, 0x9f,
    0xf3, 0x0, 0x0, 0x0, 0x0, 0xbf, 0xff, 0xd1,
    0xbf, 0xb0, 0x0, 0xe, 0xf8, 0x0, 0x0, 0x0,
    0xb, 0xff, 0xfd, 0x10, 0xbf, 0xa0, 0x0, 0xd,
    0xf8, 0x0, 0x0, 0x0, 0xbf, 0xff, 0xd1, 0x0,
    0x9f, 0xe1, 0x0, 0x3f, 0xf5, 0x0, 0x0, 0xb,
    0xff, 0xfd, 0x10, 0x0, 0x2f, 0xfe, 0x89, 0xff,
    0xf9, 0x0, 0x0, 0xbf, 0xff, 0xd1, 0x0, 0x0,
    0x5, 0xff, 0xff, 0xff, 0xff, 0x80, 0xa, 0xff,
    0xfd, 0x10, 0x0, 0x0, 0x0, 0x2a, 0xdc, 0x9e,
    0xff, 0xf8, 0x3, 0xef, 0xd1, 0x0, 0x0, 0x0,
    0x0, 0x0, 0x0, 0x3, 0xef, 0xff, 0x80, 0x3c,
    0x10, 0x0, 0x0, 0x0, 0x0, 0x0, 0x0, 0x0,
    0x3e, 0xfd, 0xe8, 0x0, 0x0, 0x0, 0x0, 0x0,
    0x0, 0x0, 0x0, 0x0, 0xb, 0xf9, 0xbf, 0x80,
    0x0, 0x0, 0x0, 0x0, 0x0, 0x0, 0x0, 0x0,
    0xbf, 0xff, 0xff, 0xf8, 0x0, 0x0, 0x0, 0x0,
    0x0, 0x4, 0x76, 0x3b, 0xff, 0xfd, 0xef, 0xff,
    0x80, 0x0, 0x0, 0x0, 0x1, 0xcf, 0xff, 0xff,
    0xff, 0xd1, 0x3e, 0xff, 0xf8, 0x0, 0x0, 0x0,
    0xd, 0xff, 0xef, 0xff, 0xfd, 0x10, 0x3, 0xef,
    0xff, 0x80, 0x0, 0x0, 0x6f, 0xf6, 0x0, 0x9f,
    0xf4, 0x0, 0x0, 0x3e, 0xff, 0xf8, 0x0, 0x0,
    0xbf, 0xb0, 0x0, 0xe, 0xf8, 0x0, 0x0, 0x3,
    0xef, 0xff, 0x80, 0x0, 0xbf, 0xa0, 0x0, 0xd,
    0xf8, 0x0, 0x0, 0x0, 0x3e, 0xff, 0xf8, 0x0,
    0x9f, 0xe1, 0x0, 0x3f, 0xf6, 0x0, 0x0, 0x0,
    0x3, 0xef, 0xff, 0x80, 0x2f, 0xfe, 0x89, 0xff,
    0xe0, 0x0, 0x0, 0x0, 0x0, 0x3e, 0xff, 0xf7,
    0x5, 0xff, 0xff, 0xfe, 0x30, 0x0, 0x0, 0x0,
    0x0, 0x3, 0xab, 0xb6, 0x0, 0x2a, 0xdc, 0x91,
    0x0, 0x0, 0x0, 0x0, 0x0, 0x0, 0x0, 0x0,

    /* U+E14F "" */
    0x0, 0x0, 0x0, 0x0, 0x7, 0xcc, 0x70, 0x0,
    0x0, 0x0, 0x0, 0x0, 0x0, 0x0, 0x0, 0xaf,
    0xff, 0xfb, 0x0, 0x0, 0x0, 0x0, 0x1, 0x78,
    0x88, 0x89, 0xff, 0xaa, 0xff, 0x98, 0x88, 0x87,
    0x10, 0x1e, 0xff, 0xff, 0xff, 0xff, 0x0, 0xff,
    0xff, 0xff, 0xff, 0xe1, 0x5f, 0xff, 0xff, 0xff,
    0xff, 0x44, 0xff, 0xff, 0xff, 0xff, 0xf5, 0x6f,
    0xe0, 0xb, 0xff, 0xff, 0xff, 0xff, 0xff, 0xe0,
    0xe, 0xf6, 0x6f, 0xe0, 0xb, 0xff, 0xff, 0xff,
    0xff, 0xff, 0xe0, 0xe, 0xf6, 0x6f, 0xe0, 0xb,
    0xff, 0xff, 0xff, 0xff, 0xff, 0xe0, 0xe, 0xf6,
    0x6f, 0xe0, 0x5, 0x77, 0x77, 0x77, 0x77, 0x77,
    0x60, 0xe, 0xf6, 0x6f, 0xe0, 0x0, 0x0, 0x0,
    0x0, 0x0, 0x0, 0x0, 0xe, 0xf6, 0x6f, 0xe0,
    0x0, 0x0, 0x0, 0x0, 0x0, 0x0, 0x0, 0xe,
    0xf6, 0x6f, 0xe0, 0x0, 0x0, 0x0, 0x0, 0x0,
    0x0, 0x0, 0xe, 0xf6, 0x6f, 0xe0, 0x0, 0x0,
    0x0, 0x0, 0x0, 0x0, 0x0, 0xe, 0xf6, 0x6f,
    0xe0, 0x0, 0x0, 0x0, 0x0, 0x0, 0x0, 0x0,
    0xe, 0xf6, 0x6f, 0xe0, 0x0, 0x0, 0x0, 0x0,
    0x0, 0x0, 0x0, 0xe, 0xf6, 0x6f, 0xe0, 0x0,
    0x0, 0x0, 0x0, 0x0, 0x0, 0x0, 0xe, 0xf6,
    0x6f, 0xe0, 0x0, 0x0, 0x0, 0x0, 0x0, 0x0,
    0x0, 0xe, 0xf6, 0x6f, 0xe0, 0x0, 0x0, 0x0,
    0x0, 0x0, 0x0, 0x0, 0xe, 0xf6, 0x6f, 0xe0,
    0x0, 0x0, 0x0, 0x0, 0x0, 0x0, 0x0, 0xe,
    0xf6, 0x6f, 0xe0, 0x0, 0x0, 0x0, 0x0, 0x0,
    0x0, 0x0, 0xe, 0xf6, 0x6f, 0xe0, 0x0, 0x0,
    0x0, 0x0, 0x0, 0x0, 0x0, 0xe, 0xf6, 0x5f,
    0xff, 0xff, 0xff, 0xff, 0xff, 0xff, 0xff, 0xff,
    0xff, 0xf5, 0xc, 0xff, 0xff, 0xff, 0xff, 0xff,
    0xff, 0xff, 0xff, 0xff, 0xc0, 0x0, 0x46, 0x66,
    0x66, 0x66, 0x66, 0x66, 0x66, 0x66, 0x64, 0x0,

    /* U+E159 "" */
    0x1, 0x45, 0x55, 0x55, 0x55, 0x55, 0x55, 0x55,
    0x55, 0x55, 0x53, 0x0, 0x4f, 0xff, 0xff, 0xff,
    0xff, 0xff, 0xff, 0xff, 0xff, 0xff, 0xff, 0xc0,
    0xcf, 0xff, 0xff, 0xff, 0xff, 0xff, 0xff, 0xff,
    0xff, 0xff, 0xff, 0xf5, 0xef, 0xe5, 0x0, 0x0,
    0x0, 0x0, 0x0, 0x0, 0x0, 0x1, 0xaf, 0xf6,
    0xef, 0xff, 0xb2, 0x0, 0x0, 0x0, 0x0, 0x0,
    0x0, 0x6e, 0xff, 0xf6, 0xef, 0xbe, 0xff, 0x70,
    0x0, 0x0, 0x0, 0x0, 0x2c, 0xff, 0xbf, 0xf6,
    0xef, 0x71, 0x9f, 0xfd, 0x30, 0x0, 0x0, 0x8,
    0xff, 0xe5, 0xe, 0xf6, 0xef, 0x70, 0x3, 0xdf,
    0xf9, 0x0, 0x4, 0xdf, 0xf9, 0x0, 0xe, 0xf6,
    0xef, 0x70, 0x0, 0x7, 0xff, 0xe5, 0xaf, 0xfd,
    0x30, 0x0, 0xe, 0xf6, 0xef, 0x70, 0x0, 0x0,
    0x2b, 0xff, 0xff, 0x70, 0x0, 0x0, 0xe, 0xf6,
    0xef, 0x70, 0x0, 0x0, 0x0, 0x6e, 0xb2, 0x0,
    0x0, 0x0, 0xe, 0xf6, 0xef, 0x70, 0x0, 0x0,
    0x0, 0x0, 0x0, 0x0, 0x0, 0x0, 0xe, 0xf6,
    0xef, 0x70, 0x0, 0x0, 0x0, 0x0, 0x0, 0x0,
    0x0, 0x0, 0xe, 0xf6, 0xef, 0x70, 0x0, 0x0,
    0x0, 0x0, 0x0, 0x0, 0x0, 0x0, 0xe, 0xf6,
    0xef, 0x70, 0x0, 0x0, 0x0, 0x0, 0x0, 0x0,
    0x0, 0x0, 0xe, 0xf6, 0xef, 0x70, 0x0, 0x0,
    0x0, 0x0, 0x0, 0x0, 0x0, 0x0, 0xe, 0xf6,
    0xef, 0x70, 0x0, 0x0, 0x0, 0x0, 0x0, 0x0,
    0x0, 0x0, 0xe, 0xf6, 0xcf, 0xff, 0xff, 0xff,
    0xff, 0xff, 0xff, 0xff, 0xff, 0xff, 0xff, 0xf5,
    0x4f, 0xff, 0xff, 0xff, 0xff, 0xff, 0xff, 0xff,
    0xff, 0xff, 0xff, 0xc0, 0x1, 0x45, 0x55, 0x55,
    0x55, 0x55, 0x55, 0x55, 0x55, 0x55, 0x53, 0x0,

    /* U+E15A "" */
    0x0, 0x0, 0x0, 0x0, 0x0, 0x0, 0x0, 0x0,
    0x0, 0x0, 0x0, 0x0, 0x0, 0x0, 0x0, 0x0,
    0x3d, 0x20, 0x0, 0x0, 0x0, 0x0, 0x0, 0x0,
    0x0, 0x0, 0xdf, 0xe2, 0x0, 0x0, 0x0, 0x0,
    0x0, 0x0, 0x0, 0x0, 0x3f, 0xfe, 0x20, 0x0,
    0x0, 0x0, 0x0, 0x0, 0x0, 0x0, 0x3, 0xff,
    0xe2, 0x0, 0x0, 0x0, 0x2, 0x57, 0x77, 0x77,
    0x77, 0xaf, 0xfe, 0x20, 0x0, 0x3, 0xcf, 0xff,
    0xff, 0xff, 0xff, 0xff, 0xff, 0xe1, 0x0, 0x6f,
    0xff, 0xfe, 0xee, 0xee, 0xee, 0xef, 0xff, 0x80,
    0x4, 0xff, 0xe5, 0x0, 0x0, 0x0, 0x0, 0xbf,
    0xf8, 0x0, 0xd, 0xfd, 0x10, 0x0, 0x0, 0x0,
    0xb, 0xff, 0x70, 0x0, 0x2f, 0xf4, 0x0, 0x0,
    0x0, 0x0, 0xbf, 0xf7, 0x0, 0x0, 0x4f, 0xf0,
    0x0, 0x0, 0x0, 0x0, 0x7f, 0x70, 0x0, 0x0,
    0x4f, 0xf1, 0x0, 0x0, 0x0, 0x0, 0x2, 0x0,
    0x0, 0x0, 0x1f, 0xf6, 0x0, 0x0, 0x0, 0x0,
    0x0, 0x0, 0x0, 0x0, 0xb, 0xff, 0x30, 0x0,
    0x0, 0x0, 0x0, 0x0, 0x0, 0x0, 0x2, 0xef,
    0xf9, 0x42, 0x22, 0x22, 0x22, 0x22, 0x0, 0x0,
    0x0, 0x3e, 0xff, 0xff, 0xff, 0xff, 0xff, 0xfd,
    0x0, 0x0, 0x0, 0x1, 0x8e, 0xff, 0xff, 0xff,
    0xff, 0xfd, 0x0, 0x0, 0x0, 0x0, 0x0, 0x12,
    0x22, 0x22, 0x22, 0x22, 0x0, 0x0,

    /* U+E15B "" */
    0x2, 0x22, 0x22, 0x22, 0x22, 0x22, 0x22, 0x22,
    0x20, 0x2f, 0xff, 0xff, 0xff, 0xff, 0xff, 0xff,
    0xff, 0xf2, 0x2f, 0xff, 0xff, 0xff, 0xff, 0xff,
    0xff, 0xff, 0xf2, 0x2, 0x22, 0x22, 0x22, 0x22,
    0x22, 0x22, 0x22, 0x20,

    /* U+E161 "" */
    0x0, 0x46, 0x66, 0x66, 0x66, 0x66, 0x66, 0x66,
    0x50, 0x0, 0x0, 0x1d, 0xff, 0xff, 0xff, 0xff,
    0xff, 0xff, 0xff, 0xf9, 0x0, 0x0, 0x6f, 0xff,
    0xff, 0xff, 0xff, 0xff, 0xff, 0xff, 0xff, 0x90,
    0x0, 0x8f, 0xd0, 0x0, 0x0, 0x0, 0x0, 0x0,
    0x0, 0xaf, 0xf9, 0x0, 0x8f, 0xd0, 0xdd, 0xdd,
    0xdd, 0xdd, 0xdd, 0x50, 0xa, 0xff, 0x90, 0x8f,
    0xd0, 0xff, 0xff, 0xff, 0xff, 0xff, 0x60, 0x0,
    0xaf, 0xf5, 0x8f, 0xd0, 0xff, 0xff, 0xff, 0xff,
    0xff, 0x60, 0x0, 0xe, 0xf6, 0x8f, 0xd0, 0xff,
    0xff, 0xff, 0xff, 0xff, 0x60, 0x0, 0xe, 0xf6,
    0x8f, 0xd0, 0xaa, 0xaa, 0xaa, 0xaa, 0xaa, 0x40,
    0x0, 0xe, 0xf6, 0x8f, 0xd0, 0x0, 0x0, 0x0,
    0x0, 0x0, 0x0, 0x0, 0xe, 0xf6, 0x8f, 0xd0,
    0x0, 0x0, 0x0, 0x0, 0x0, 0x0, 0x0, 0xe,
    0xf6, 0x8f, 0xd0, 0x0, 0x0, 0x1a, 0xfe, 0x90,
    0x0, 0x0, 0xe, 0xf6, 0x8f, 0xd0, 0x0, 0x0,
    0xcf, 0xff, 0xfc, 0x0, 0x0, 0xe, 0xf6, 0x8f,
    0xd0, 0x0, 0x5, 0xff, 0xff, 0xff, 0x40, 0x0,
    0xe, 0xf6, 0x8f, 0xd0, 0x0, 0x7, 0xff, 0xff,
    0xff, 0x60, 0x0, 0xe, 0xf6, 0x8f, 0xd0, 0x0,
    0x4, 0xff, 0xff, 0xff, 0x30, 0x0, 0xe, 0xf6,
    0x8f, 0xd0, 0x0, 0x0, 0xbf, 0xff, 0xfa, 0x0,
    0x0, 0xe, 0xf6, 0x8f, 0xd0, 0x0, 0x0, 0x8,
    0xcc, 0x70, 0x0, 0x0, 0xe, 0xf6, 0x8f, 0xd0,
    0x0, 0x0, 0x0, 0x0, 0x0, 0x0, 0x0, 0xe,
    0xf6, 0x6f, 0xff, 0xff, 0xff, 0xff, 0xff, 0xff,
    0xff, 0xff, 0xff, 0xf5, 0x1d, 0xff, 0xff, 0xff,
    0xff, 0xff, 0xff, 0xff, 0xff, 0xff, 0xc0, 0x0,
    0x56, 0x66, 0x66, 0x66, 0x66, 0x66, 0x66, 0x66,
    0x64, 0x0,

    /* U+E162 "" */
    0x0, 0x40, 0x5, 0x62, 0x0, 0x66, 0x10, 0x26,
    0x50, 0x4, 0x0, 0xc, 0xe0, 0xe, 0xf6, 0x1,
    0xff, 0x40, 0x6f, 0xe0, 0xe, 0xc0, 0x4f, 0xe0,
    0xe, 0xf6, 0x1, 0xff, 0x40, 0x6f, 0xe0, 0xe,
    0xf4, 0x0, 0x0, 0x0, 0x0, 0x0, 0x0, 0x0,
    0x0, 0x0, 0x0, 0x0, 0x0, 0x0, 0x0, 0x0,
    0x0, 0x0, 0x0, 0x0, 0x0, 0x0, 0x0, 0x6f,
    0xe0, 0xe, 0xff, 0xff, 0xff, 0xff, 0xff, 0xe0,
    0xe, 0xf6, 0x6f, 0xe0, 0xe, 0xff, 0xff, 0xff,
    0xff, 0xff, 0xe0, 0xe, 0xf6, 0x26, 0x50, 0xe,
    0xfa, 0x66, 0x66, 0x66, 0xaf, 0xe0, 0x5, 0x62,
    0x0, 0x0, 0xe, 0xf6, 0x0, 0x0, 0x0, 0x6f,
    0xe0, 0x0, 0x0, 0x12, 0x20, 0xe, 0xf6, 0x0,
    0x0, 0x0, 0x6f, 0xe0, 0x2, 0x21, 0x6f, 0xe0,
    0xe, 0xf6, 0x0, 0x0, 0x0, 0x6f, 0xe0, 0xe,
    0xf6, 0x6f, 0xe0, 0xe, 0xf6, 0x0, 0x0, 0x0,
    0x6f, 0xe0, 0xe, 0xf6, 0x12, 0x20, 0xe, 0xf6,
    0x0, 0x0, 0x0, 0x6f, 0xe0, 0x2, 0x21, 0x0,
    0x0, 0xe, 0xf6, 0x0, 0x0, 0x0, 0x6f, 0xe0,
    0x0, 0x0, 0x26, 0x50, 0xe, 0xfa, 0x66, 0x66,
    0x66, 0xaf, 0xe0, 0x5, 0x62, 0x6f, 0xe0, 0xe,
    0xff, 0xff, 0xff, 0xff, 0xff, 0xe0, 0xe, 0xf6,
    0x6f, 0xe0, 0xe, 0xff, 0xff, 0xff, 0xff, 0xff,
    0xe0, 0xe, 0xf6, 0x0, 0x0, 0x0, 0x0, 0x0,
    0x0, 0x0, 0x0, 0x0, 0x0, 0x0, 0x0, 0x0,
    0x0, 0x0, 0x0, 0x0, 0x0, 0x0, 0x0, 0x0,
    0x0, 0x4f, 0xe0, 0xe, 0xf6, 0x1, 0xff, 0x40,
    0x6f, 0xe0, 0xe, 0xf4, 0xc, 0xe0, 0xe, 0xf6,
    0x1, 0xff, 0x40, 0x6f, 0xe0, 0xe, 0xc0, 0x0,
    0x40, 0x5, 0x62, 0x0, 0x66, 0x10, 0x26, 0x50,
    0x4, 0x0,

    /* U+E166 "" */
    0x0, 0x0, 0x0, 0x0, 0x0, 0x0, 0x0, 0x0,
    0x0, 0x0, 0x0, 0x0, 0x2, 0xd3, 0x0, 0x0,
    0x0, 0x0, 0x0, 0x0, 0x0, 0x0, 0x2e, 0xfd,
    0x0, 0x0, 0x0, 0x0, 0x0, 0x0, 0x0, 0x2,
    0xef, 0xf3, 0x0, 0x0, 0x0, 0x0, 0x0, 0x0,
    0x0, 0x2e, 0xff, 0x30, 0x0, 0x0, 0x0, 0x0,
    0x0, 0x0, 0x2, 0xef, 0xfa, 0x77, 0x77, 0x77,
    0x75, 0x20, 0x0, 0x0, 0x1e, 0xff, 0xff, 0xff,
    0xff, 0xff, 0xff, 0xfc, 0x30, 0x0, 0x8, 0xff,
    0xfe, 0xee, 0xee, 0xee, 0xef, 0xff, 0xf6, 0x0,
    0x0, 0x8f, 0xfb, 0x0, 0x0, 0x0, 0x0, 0x5e,
    0xff, 0x40, 0x0, 0x7, 0xff, 0xb0, 0x0, 0x0,
    0x0, 0x1, 0xdf, 0xd0, 0x0, 0x0, 0x7f, 0xfb,
    0x0, 0x0, 0x0, 0x0, 0x4f, 0xf2, 0x0, 0x0,
    0x7, 0xf7, 0x0, 0x0, 0x0, 0x0, 0xf, 0xf4,
    0x0, 0x0, 0x0, 0x20, 0x0, 0x0, 0x0, 0x0,
    0x1f, 0xf4, 0x0, 0x0, 0x0, 0x0, 0x0, 0x0,
    0x0, 0x0, 0x6f, 0xf1, 0x0, 0x0, 0x0, 0x0,
    0x0, 0x0, 0x0, 0x3, 0xff, 0xb0, 0x0, 0x0,
    0x22, 0x22, 0x22, 0x22, 0x24, 0x9f, 0xfe, 0x20,
    0x0, 0x0, 0xdf, 0xff, 0xff, 0xff, 0xff, 0xff,
    0xe3, 0x0, 0x0, 0x0, 0xdf, 0xff, 0xff, 0xff,
    0xff, 0xe8, 0x10, 0x0, 0x0, 0x0, 0x22, 0x22,
    0x22, 0x22, 0x21, 0x0, 0x0, 0x0,

    /* U+E16F "" */
    0x3, 0x70, 0x0, 0x0, 0x0, 0x0, 0x0, 0x0,
    0x0, 0x0, 0x0, 0x0, 0x2, 0xff, 0x80, 0x0,
    0x0, 0x0, 0x0, 0x0, 0x0, 0x0, 0x0, 0x0,
    0x0, 0xb, 0xff, 0x80, 0x0, 0x0, 0x0, 0x0,
    0x0, 0x0, 0x0, 0x0, 0x0, 0x0, 0xb, 0xff,
    0x80, 0x0, 0x0, 0x0, 0x0, 0x0, 0x0, 0x0,
    0x0, 0x0, 0x0, 0xb, 0xff, 0x80, 0x0, 0x0,
    0x0, 0x0, 0x0, 0x0, 0x0, 0x0, 0x0, 0x0,
    0xf, 0xff, 0x80, 0x0, 0x0, 0x1f, 0xff, 0xff,
    0xda, 0x30, 0x0, 0x0, 0xb, 0xff, 0xff, 0x80,
    0x0, 0x1, 0xff, 0xff, 0xff, 0xff, 0x70, 0x0,
    0xa, 0xff, 0xcf, 0xff, 0x80, 0x0, 0x6, 0x66,
    0x66, 0x7d, 0xff, 0x60, 0x3, 0xff, 0x90, 0xb,
    0xff, 0x80, 0x0, 0x0, 0x0, 0x0, 0xb, 0xff,
    0x10, 0x9f, 0xe0, 0x0, 0xd, 0xff, 0x80, 0x0,
    0x22, 0x10, 0x0, 0x1f, 0xf5, 0xb, 0xfa, 0x0,
    0x0, 0xff, 0xff, 0x80, 0x6, 0xf6, 0x0, 0x0,
    0xdf, 0x80, 0xbf, 0xa0, 0x0, 0xe, 0xff, 0xff,
    0x80, 0x7, 0x60, 0x0, 0xd, 0xf8, 0x9, 0xfe,
    0x0, 0x0, 0x22, 0x3e, 0xff, 0x80, 0x0, 0x0,
    0x2, 0xff, 0x50, 0x3f, 0xf9, 0x0, 0x0, 0x0,
    0xb, 0xff, 0x80, 0x0, 0x1, 0xcf, 0xf0, 0x0,
    0xaf, 0xfc, 0x66, 0x66, 0x63, 0xb, 0xff, 0x80,
    0x2, 0xef, 0xf6, 0x0, 0x0, 0xbf, 0xff, 0xff,
    0xff, 0x90, 0xb, 0xff, 0x80, 0x7, 0xf7, 0x0,
    0x0, 0x0, 0x5b, 0xef, 0xff, 0xf8, 0x0, 0xb,
    0xff, 0x80, 0x1, 0x0, 0x0, 0x0, 0x0, 0x0,
    0x0, 0x0, 0x0, 0x0, 0xb, 0xff, 0x80, 0x0,
    0x0, 0x0, 0x0, 0x0, 0x0, 0x0, 0x0, 0x0,
    0x0, 0xb, 0xff, 0x80, 0x0, 0x0, 0x0, 0x0,
    0x0, 0x0, 0x0, 0x0, 0x0, 0x0, 0xb, 0xff,
    0x80, 0x0, 0x0, 0x0, 0x0, 0x0, 0x0, 0x0,
    0x0, 0x0, 0x0, 0xb, 0xff, 0x80, 0x0, 0x0,
    0x0, 0x0, 0x0, 0x0, 0x0, 0x0, 0x0, 0x0,
    0xb, 0xff, 0x60, 0x0, 0x0, 0x0, 0x0, 0x0,
    0x0, 0x0, 0x0, 0x0, 0x0, 0xb, 0xb0, 0x0,
    0x0, 0x0, 0x0, 0x0, 0x0, 0x0, 0x0, 0x0,
    0x0, 0x0, 0x0, 0x0,

    /* U+E1B8 "" */
    0x0, 0x0, 0x0, 0x0, 0x0, 0x77, 0x10, 0x0,
    0x0, 0x0, 0x0, 0x0, 0x0, 0x0, 0x0, 0x1,
    0xff, 0x40, 0x0, 0x0, 0x0, 0x0, 0x0, 0x0,
    0x0, 0x0, 0x1, 0xff, 0x40, 0x0, 0x0, 0x0,
    0x0, 0x0, 0x0, 0x0, 0x0, 0x1, 0xff, 0x40,
    0x0, 0x0, 0x0, 0x0, 0x0, 0x0, 0x0, 0x0,
    0x1, 0xff, 0x40, 0x0, 0x0, 0x0, 0x0, 0x0,
    0x0, 0xb, 0xc5, 0x1, 0xff, 0x40, 0x5c, 0xb0,
    0x0, 0x0, 0x0, 0x0, 0xe, 0xf6, 0x1, 0xff,
    0x40, 0x6f, 0xe0, 0x0, 0x0, 0x0, 0x0, 0xe,
    0xf6, 0x1, 0xff, 0x40, 0x6f, 0xe0, 0x0, 0x0,
    0x0, 0x0, 0xe, 0xf6, 0x1, 0xff, 0x40, 0x6f,
    0xe0, 0x0, 0x0, 0x1, 0x10, 0xe, 0xf6, 0x1,
    0xff, 0x40, 0x6f, 0xe0, 0x1, 0x10, 0x6f, 0xe0,
    0xe, 0xf6, 0x1, 0xff, 0x40, 0x6f, 0xe0, 0xe,
    0xf6, 0x6f, 0xe0, 0xe, 0xf6, 0x1, 0xff, 0x40,
    0x6f, 0xe0, 0xe, 0xf6, 0x6f, 0xe0, 0xe, 0xf6,
    0x1, 0xff, 0x40, 0x6f, 0xe0, 0xe, 0xf6, 0x6f,
    0xe0, 0xe, 0xf6, 0x1, 0xff, 0x40, 0x6f, 0xe0,
    0xe, 0xf6, 0x38, 0x80, 0xe, 0xf6, 0x1, 0xff,
    0x40, 0x6f, 0xe0, 0x8, 0x83, 0x0, 0x0, 0xe,
    0xf6, 0x1, 0xff, 0x40, 0x6f, 0xe0, 0x0, 0x0,
    0x0, 0x0, 0xe, 0xf6, 0x1, 0xff, 0x40, 0x6f,
    0xe0, 0x0, 0x0, 0x0, 0x0, 0xe, 0xf6, 0x1,
    0xff, 0x40, 0x6f, 0xe0, 0x0, 0x0, 0x0, 0x0,
    0xe, 0xf6, 0x1, 0xff, 0x40, 0x6f, 0xe0, 0x0,
    0x0, 0x0, 0x0, 0x3, 0x31, 0x1, 0xff, 0x40,
    0x13, 0x30, 0x0, 0x0, 0x0, 0x0, 0x0, 0x0,
    0x1, 0xff, 0x40, 0x0, 0x0, 0x0, 0x0, 0x0,
    0x0, 0x0, 0x0, 0x1, 0xff, 0x40, 0x0, 0x0,
    0x0, 0x0, 0x0, 0x0, 0x0, 0x0, 0x1, 0xff,
    0x40, 0x0, 0x0, 0x0, 0x0, 0x0, 0x0, 0x0,
    0x0, 0x1, 0xee, 0x30, 0x0, 0x0, 0x0, 0x0,

    /* U+E1BD "" */
    0x0, 0x0, 0x0, 0x0, 0x0, 0x0, 0x0, 0x2,
    0x90, 0x0, 0x0, 0x2, 0x66, 0x66, 0x66, 0x66,
    0x50, 0x0, 0x2, 0xef, 0xb0, 0x0, 0x0, 0x6f,
    0xff, 0xff, 0xff, 0xfe, 0x0, 0x1, 0xef, 0xff,
    0xb0, 0x0, 0x6, 0xff, 0xff, 0xff, 0xff, 0xe0,
    0x1, 0xdf, 0xfb, 0xff, 0xb0, 0x0, 0x6f, 0xe0,
    0x0, 0x6, 0xfe, 0x1, 0xdf, 0xf4, 0x9, 0xff,
    0xb0, 0x6, 0xfe, 0x0, 0x0, 0x6f, 0xe1, 0xdf,
    0xf4, 0x0, 0x9, 0xff, 0xb0, 0x6f, 0xe0, 0x0,
    0x6, 0xfe, 0xcf, 0xf5, 0x0, 0x0, 0xa, 0xff,
    0xa6, 0xfe, 0x0, 0x0, 0x6f, 0xe5, 0xff, 0xc0,
    0x0, 0x2, 0xef, 0xe3, 0x6f, 0xf6, 0x66, 0x6a,
    0xfe, 0x5, 0xff, 0xc0, 0x2, 0xef, 0xf3, 0x6,
    0xff, 0xff, 0xff, 0xff, 0xe0, 0x5, 0xff, 0xc3,
    0xef, 0xf3, 0x0, 0x6f, 0xff, 0xff, 0xff, 0xfe,
    0x0, 0x5, 0xff, 0xff, 0xf3, 0x0, 0x0, 0x0,
    0x0, 0x0, 0x0, 0x0, 0x0, 0x5, 0xff, 0xf3,
    0x0, 0x0, 0x0, 0x0, 0x0, 0x0, 0x0, 0x0,
    0x0, 0x5, 0xf3, 0x0, 0x0, 0x6, 0xff, 0xff,
    0xff, 0xff, 0xe0, 0xe, 0xff, 0xff, 0xff, 0xff,
    0x60, 0x6f, 0xff, 0xff, 0xff, 0xfe, 0x0, 0xef,
    0xff, 0xff, 0xff, 0xf6, 0x6, 0xff, 0x66, 0x66,
    0xaf, 0xe0, 0xe, 0xfa, 0x66, 0x66, 0xff, 0x60,
    0x6f, 0xe0, 0x0, 0x6, 0xfe, 0x0, 0xef, 0x60,
    0x0, 0xe, 0xf6, 0x6, 0xfe, 0x0, 0x0, 0x6f,
    0xe0, 0xe, 0xf6, 0x0, 0x0, 0xef, 0x60, 0x6f,
    0xe0, 0x0, 0x6, 0xfe, 0x0, 0xef, 0x60, 0x0,
    0xe, 0xf6, 0x6, 0xfe, 0x0, 0x0, 0x6f, 0xe0,
    0xe, 0xf6, 0x0, 0x0, 0xef, 0x60, 0x6f, 0xff,
    0xff, 0xff, 0xfe, 0x0, 0xef, 0xff, 0xff, 0xff,
    0xf6, 0x6, 0xff, 0xff, 0xff, 0xff, 0xe0, 0xe,
    0xff, 0xff, 0xff, 0xff, 0x60, 0x26, 0x66, 0x66,
    0x66, 0x65, 0x0, 0x56, 0x66, 0x66, 0x66, 0x62,
    0x0,

    /* U+E238 "" */
    0x2, 0x22, 0x22, 0x22, 0x0, 0x0, 0x0, 0x1f,
    0xff, 0xff, 0xff, 0xfc, 0x40, 0x0, 0x1f, 0xff,
    0xff, 0xff, 0xff, 0xf7, 0x0, 0x1f, 0xff, 0xff,
    0xff, 0xff, 0xff, 0x20, 0x1f, 0xff, 0x81, 0x11,
    0x8f, 0xff, 0x60, 0x1f, 0xff, 0x70, 0x0, 0xf,
    0xff, 0x60, 0x1f, 0xff, 0x70, 0x0, 0x7f, 0xff,
    0x30, 0x1f, 0xff, 0xff, 0xff, 0xff, 0xfa, 0x0,
    0x1f, 0xff, 0xff, 0xff, 0xff, 0xd1, 0x0, 0x1f,
    0xff, 0xff, 0xff, 0xff, 0xfd, 0x10, 0x1f, 0xff,
    0x93, 0x33, 0x6f, 0xff, 0xa0, 0x1f, 0xff, 0x70,
    0x0, 0x9, 0xff, 0xe0, 0x1f, 0xff, 0x70, 0x0,
    0x9, 0xff, 0xf0, 0x1f, 0xff, 0x81, 0x11, 0x4e,
    0xff, 0xe0, 0x1f, 0xff, 0xff, 0xff, 0xff, 0xff,
    0x90, 0x1f, 0xff, 0xff, 0xff, 0xff, 0xfd, 0x10,
    0x1f, 0xff, 0xff, 0xff, 0xfd, 0x70, 0x0, 0x2,
    0x22, 0x22, 0x22, 0x10, 0x0, 0x0,

    /* U+E23F "" */
    0x0, 0x0, 0x0, 0x0, 0x0, 0x0, 0x0, 0x0,
    0x0, 0x0, 0x9, 0xff, 0xff, 0xff, 0xff, 0xff,
    0xf1, 0x0, 0x0, 0x9f, 0xff, 0xff, 0xff, 0xff,
    0xff, 0x10, 0x0, 0x8, 0xee, 0xee, 0xff, 0xfe,
    0xee, 0xe1, 0x0, 0x0, 0x0, 0x0, 0x1f, 0xfc,
    0x0, 0x0, 0x0, 0x0, 0x0, 0x0, 0x7, 0xff,
    0x70, 0x0, 0x0, 0x0, 0x0, 0x0, 0x0, 0xcf,
    0xf1, 0x0, 0x0, 0x0, 0x0, 0x0, 0x0, 0x2f,
    0xfc, 0x0, 0x0, 0x0, 0x0, 0x0, 0x0, 0x7,
    0xff, 0x60, 0x0, 0x0, 0x0, 0x0, 0x0, 0x0,
    0xdf, 0xf1, 0x0, 0x0, 0x0, 0x0, 0x0, 0x0,
    0x2f, 0xfc, 0x0, 0x0, 0x0, 0x0, 0x0, 0x0,
    0x8, 0xff, 0x60, 0x0, 0x0, 0x0, 0x0, 0x0,
    0x0, 0xdf, 0xf1, 0x0, 0x0, 0x0, 0x0, 0x0,
    0x0, 0x3f, 0xfb, 0x0, 0x0, 0x0, 0x0, 0x1e,
    0xee, 0xee, 0xff, 0xfe, 0xee, 0x80, 0x0, 0x1,
    0xff, 0xff, 0xff, 0xff, 0xff, 0xf9, 0x0, 0x0,
    0x1f, 0xff, 0xff, 0xff, 0xff, 0xff, 0x90, 0x0,
    0x0, 0x0, 0x0, 0x0, 0x0, 0x0, 0x0, 0x0,
    0x0,

    /* U+E241 "" */
    0x0, 0x42, 0x0, 0x0, 0x0, 0x0, 0x0, 0x0,
    0x0, 0x0, 0x0, 0xd, 0xff, 0x80, 0x1, 0x22,
    0x22, 0x22, 0x22, 0x22, 0x22, 0x20, 0x6f, 0xff,
    0xf1, 0xb, 0xff, 0xff, 0xff, 0xff, 0xff, 0xff,
    0xf4, 0x6f, 0xff, 0xf1, 0xb, 0xff, 0xff, 0xff,
    0xff, 0xff, 0xff, 0xf4, 0xd, 0xff, 0x80, 0x1,
    0x22, 0x22, 0x22, 0x22, 0x22, 0x22, 0x20, 0x0,
    0x42, 0x0, 0x0, 0x0, 0x0, 0x0, 0x0, 0x0,
    0x0, 0x0, 0x0, 0x0, 0x0, 0x0, 0x0, 0x0,
    0x0, 0x0, 0x0, 0x0, 0x0, 0x0, 0x42, 0x0,
    0x0, 0x0, 0x0, 0x0, 0x0, 0x0, 0x0, 0x0,
    0xd, 0xff, 0x80, 0x1, 0x22, 0x22, 0x22, 0x22,
    0x22, 0x22, 0x20, 0x6f, 0xff, 0xf1, 0xb, 0xff,
    0xff, 0xff, 0xff, 0xff, 0xff, 0xf4, 0x6f, 0xff,
    0xf1, 0xb, 0xff, 0xff, 0xff, 0xff, 0xff, 0xff,
    0xf4, 0xd, 0xff, 0x80, 0x1, 0x22, 0x22, 0x22,
    0x22, 0x22, 0x22, 0x20, 0x0, 0x42, 0x0, 0x0,
    0x0, 0x0, 0x0, 0x0, 0x0, 0x0, 0x0, 0x0,
    0x0, 0x0, 0x0, 0x0, 0x0, 0x0, 0x0, 0x0,
    0x0, 0x0, 0x0, 0x42, 0x0, 0x0, 0x0, 0x0,
    0x0, 0x0, 0x0, 0x0, 0x0, 0xd, 0xff, 0x80,
    0x1, 0x22, 0x22, 0x22, 0x22, 0x22, 0x22, 0x20,
    0x6f, 0xff, 0xf1, 0xb, 0xff, 0xff, 0xff, 0xff,
    0xff, 0xff, 0xf4, 0x6f, 0xff, 0xf1, 0xb, 0xff,
    0xff, 0xff, 0xff, 0xff, 0xff, 0xf4, 0xd, 0xff,
    0x80, 0x1, 0x22, 0x22, 0x22, 0x22, 0x22, 0x22,
    0x20, 0x0, 0x42, 0x0, 0x0, 0x0, 0x0, 0x0,
    0x0, 0x0, 0x0, 0x0,

    /* U+E244 "" */
    0x0, 0x19, 0xef, 0xd7, 0x0, 0x0, 0x4, 0xcf,
    0xfb, 0x40, 0x0, 0x1e, 0xff, 0xff, 0xfc, 0x0,
    0x7, 0xff, 0xff, 0xff, 0x60, 0xb, 0xff, 0xff,
    0xff, 0xf8, 0x3, 0xff, 0xff, 0xff, 0xff, 0x21,
    0xff, 0xf3, 0x5, 0xff, 0xe0, 0x9f, 0xfa, 0x0,
    0xbf, 0xf8, 0x3f, 0xfb, 0x0, 0xe, 0xff, 0x1b,
    0xff, 0x30, 0x4, 0xff, 0xa1, 0xff, 0xe1, 0x3,
    0xff, 0xf0, 0x9f, 0xf8, 0x0, 0x9f, 0xf8, 0xc,
    0xff, 0xfc, 0xff, 0xfa, 0x4, 0xff, 0xfd, 0xef,
    0xff, 0x30, 0x2f, 0xff, 0xff, 0xff, 0x20, 0x9,
    0xff, 0xff, 0xff, 0xb0, 0x0, 0x2b, 0xff, 0xff,
    0x80, 0x0, 0x7, 0xef, 0xff, 0xf2, 0x0, 0x0,
    0x0, 0xdf, 0xe0, 0x0, 0x0, 0x0, 0x5f, 0xf8,
    0x0, 0x0, 0x0, 0x5f, 0xf5, 0x0, 0x0, 0x0,
    0xd, 0xfe, 0x0, 0x0, 0x0, 0xe, 0xfc, 0x0,
    0x0, 0x0, 0x6, 0xff, 0x50, 0x0, 0x0, 0x8,
    0xff, 0x30, 0x0, 0x0, 0x1, 0xef, 0xb0, 0x0,
    0x0, 0x0, 0xcd, 0x80, 0x0, 0x0, 0x0, 0x6d,
    0xc2, 0x0, 0x0,

    /* U+E250 "" */
    0x0, 0x5, 0xbe, 0xff, 0xff, 0x80, 0x1f, 0xff,
    0xff, 0xda, 0x30, 0x0, 0x0, 0xbf, 0xff, 0xff,
    0xff, 0x90, 0x1f, 0xff, 0xff, 0xff, 0xf7, 0x0,
    0xa, 0xff, 0xc6, 0x66, 0x66, 0x30, 0x6, 0x66,
    0x66, 0x7d, 0xff, 0x60, 0x3f, 0xf9, 0x0, 0x0,
    0x0, 0x0, 0x0, 0x0, 0x0, 0x0, 0xbf, 0xf1,
    0x9f, 0xe0, 0x0, 0x2, 0x22, 0x22, 0x22, 0x22,
    0x10, 0x0, 0x1f, 0xf5, 0xbf, 0xa0, 0x0, 0xe,
    0xff, 0xff, 0xff, 0xff, 0x60, 0x0, 0xd, 0xf8,
    0xbf, 0xa0, 0x0, 0xe, 0xff, 0xff, 0xff, 0xff,
    0x60, 0x0, 0xd, 0xf8, 0x9f, 0xe0, 0x0, 0x2,
    0x22, 0x22, 0x22, 0x22, 0x10, 0x0, 0x1f, 0xf5,
    0x3f, 0xf9, 0x0, 0x0, 0x0, 0x0, 0x0, 0x0,
    0x0, 0x0, 0xbf, 0xf1, 0xa, 0xff, 0xc6, 0x66,
    0x66, 0x30, 0x6, 0x66, 0x66, 0x7d, 0xff, 0x60,
    0x0, 0xbf, 0xff, 0xff, 0xff, 0x90, 0x1f, 0xff,
    0xff, 0xff, 0xf8, 0x0, 0x0, 0x5, 0xbe, 0xff,
    0xff, 0x80, 0x1f, 0xff, 0xff, 0xda, 0x30, 0x0,

    /* U+E262 "" */
    0x67, 0x77, 0x77, 0x77, 0x77, 0x77, 0x77, 0x72,
    0x0, 0x0, 0x0, 0x0, 0xef, 0xff, 0xff, 0xff,
    0xff, 0xff, 0xff, 0xf4, 0x0, 0x0, 0x0, 0x0,
    0xef, 0xff, 0xff, 0xff, 0xff, 0xff, 0xff, 0xf4,
    0x0, 0x0, 0x0, 0x0, 0xef, 0xff, 0xff, 0xff,
    0xff, 0xff, 0xff, 0xf4, 0x0, 0x0, 0x0, 0x0,
    0x0, 0x0, 0x1, 0xff, 0xf7, 0x0, 0x0, 0x0,
    0x0, 0x0, 0x0, 0x0, 0x0, 0x0, 0x1, 0xff,
    0xf7, 0x0, 0x0, 0x0, 0x0, 0x0, 0x0, 0x0,
    0x0, 0x0, 0x1, 0xff, 0xf7, 0x0, 0x8, 0x88,
    0x88, 0x88, 0x88, 0x83, 0x0, 0x0, 0x1, 0xff,
    0xf7, 0x0, 0xf, 0xff, 0xff, 0xff, 0xff, 0xf7,
    0x0, 0x0, 0x1, 0xff, 0xf7, 0x0, 0xf, 0xff,
    0xff, 0xff, 0xff, 0xf7, 0x0, 0x0, 0x1, 0xff,
    0xf7, 0x0, 0xf, 0xff, 0xff, 0xff, 0xff, 0xf7,
    0x0, 0x0, 0x1, 0xff, 0xf7, 0x0, 0x0, 0x0,
    0x8f, 0xff, 0x0, 0x0, 0x0, 0x0, 0x1, 0xff,
    0xf7, 0x0, 0x0, 0x0, 0x8f, 0xff, 0x0, 0x0,
    0x0, 0x0, 0x1, 0xff, 0xf7, 0x0, 0x0, 0x0,
    0x8f, 0xff, 0x0, 0x0, 0x0, 0x0, 0x1, 0xff,
    0xf7, 0x0, 0x0, 0x0, 0x8f, 0xff, 0x0, 0x0,
    0x0, 0x0, 0x1, 0xff, 0xf7, 0x0, 0x0, 0x0,
    0x8f, 0xff, 0x0, 0x0, 0x0, 0x0, 0x1, 0xff,
    0xf7, 0x0, 0x0, 0x0, 0x8f, 0xff, 0x0, 0x0,
    0x0, 0x0, 0x1, 0xff, 0xf7, 0x0, 0x0, 0x0,
    0x8f, 0xff, 0x0, 0x0, 0x0, 0x0, 0x1, 0xff,
    0xf7, 0x0, 0x0, 0x0, 0x8f, 0xff, 0x0, 0x0,
    0x0, 0x0, 0x1, 0xff, 0xf7, 0x0, 0x0, 0x0,
    0x8f, 0xff, 0x0, 0x0, 0x0, 0x0, 0x0, 0x55,
    0x52, 0x0, 0x0, 0x0, 0x25, 0x55, 0x0, 0x0,

    /* U+E2C7 "" */
    0x1, 0x45, 0x55, 0x55, 0x53, 0x0, 0x0, 0x0,
    0x0, 0x0, 0x0, 0x0, 0x4f, 0xff, 0xff, 0xff,
    0xff, 0x40, 0x0, 0x0, 0x0, 0x0, 0x0, 0x0,
    0xcf, 0xff, 0xff, 0xff, 0xff, 0xf4, 0x0, 0x0,
    0x0, 0x0, 0x0, 0x0, 0xef, 0x70, 0x0, 0x0,
    0x2e, 0xff, 0xff, 0xff, 0xff, 0xff, 0xfe, 0x70,
    0xef, 0x70, 0x0, 0x0, 0x2, 0xef, 0xff, 0xff,
    0xff, 0xff, 0xff, 0xf3, 0xef, 0x70, 0x0, 0x0,
    0x0, 0x15, 0x55, 0x55, 0x55, 0x55, 0x5f, 0xf6,
    0xef, 0x70, 0x0, 0x0, 0x0, 0x0, 0x0, 0x0,
    0x0, 0x0, 0xe, 0xf6, 0xef, 0x70, 0x0, 0x0,
    0x0, 0x0, 0x0, 0x0, 0x0, 0x0, 0xe, 0xf6,
    0xef, 0x70, 0x0, 0x0, 0x0, 0x0, 0x0, 0x0,
    0x0, 0x0, 0xe, 0xf6, 0xef, 0x70, 0x0, 0x0,
    0x0, 0x0, 0x0, 0x0, 0x0, 0x0, 0xe, 0xf6,
    0xef, 0x70, 0x0, 0x0, 0x0, 0x0, 0x0, 0x0,
    0x0, 0x0, 0xe, 0xf6, 0xef, 0x70, 0x0, 0x0,
    0x0, 0x0, 0x0, 0x0, 0x0, 0x0, 0xe, 0xf6,
    0xef, 0x70, 0x0, 0x0, 0x0, 0x0, 0x0, 0x0,
    0x0, 0x0, 0xe, 0xf6, 0xef, 0x70, 0x0, 0x0,
    0x0, 0x0, 0x0, 0x0, 0x0, 0x0, 0xe, 0xf6,
    0xef, 0x70, 0x0, 0x0, 0x0, 0x0, 0x0, 0x0,
    0x0, 0x0, 0xe, 0xf6, 0xef, 0x70, 0x0, 0x0,
    0x0, 0x0, 0x0, 0x0, 0x0, 0x0, 0xe, 0xf6,
    0xef, 0x70, 0x0, 0x0, 0x0, 0x0, 0x0, 0x0,
    0x0, 0x0, 0xe, 0xf6, 0xcf, 0xff, 0xff, 0xff,
    0xff, 0xff, 0xff, 0xff, 0xff, 0xff, 0xff, 0xf5,
    0x4f, 0xff, 0xff, 0xff, 0xff, 0xff, 0xff, 0xff,
    0xff, 0xff, 0xff, 0xc0, 0x1, 0x45, 0x55, 0x55,
    0x55, 0x55, 0x55, 0x55, 0x55, 0x55, 0x53, 0x0,

    /* U+E2C8 "" */
    0x1, 0x45, 0x55, 0x55, 0x53, 0x0, 0x0, 0x0,
    0x0, 0x0, 0x0, 0x0, 0x0, 0x4f, 0xff, 0xff,
    0xff, 0xff, 0x40, 0x0, 0x0, 0x0, 0x0, 0x0,
    0x0, 0x0, 0xcf, 0xff, 0xff, 0xff, 0xff, 0xf4,
    0x0, 0x0, 0x0, 0x0, 0x0, 0x0, 0x0, 0xef,
    0x70, 0x0, 0x0, 0x2e, 0xff, 0xff, 0xff, 0xff,
    0xff, 0xfe, 0x70, 0x0, 0xef, 0x70, 0x0, 0x0,
    0x2, 0xef, 0xff, 0xff, 0xff, 0xff, 0xff, 0xf3,
    0x0, 0xef, 0x70, 0x0, 0x0, 0x0, 0x15, 0x55,
    0x55, 0x55, 0x55, 0x55, 0x52, 0x0, 0xef, 0x70,
    0x0, 0x0, 0x0, 0x0, 0x0, 0x0, 0x0, 0x0,
    0x0, 0x0, 0x0, 0xef, 0x70, 0x4, 0x55, 0x55,
    0x55, 0x55, 0x55, 0x55, 0x55, 0x55, 0x55, 0x50,
    0xef, 0x70, 0xf, 0xff, 0xff, 0xff, 0xff, 0xff,
    0xff, 0xff, 0xff, 0xff, 0xe0, 0xef, 0x70, 0x4f,
    0xff, 0xff, 0xff, 0xff, 0xff, 0xff, 0xff, 0xff,
    0xff, 0xa0, 0xef, 0x70, 0x9f, 0xd0, 0x0, 0x0,
    0x0, 0x0, 0x0, 0x0, 0x1, 0xff, 0x50, 0xef,
    0x70, 0xef, 0x80, 0x0, 0x0, 0x0, 0x0, 0x0,
    0x0, 0x6, 0xff, 0x10, 0xef, 0x73, 0xff, 0x40,
    0x0, 0x0, 0x0, 0x0, 0x0, 0x0, 0xb, 0xfb,
    0x0, 0xef, 0x77, 0xfe, 0x0, 0x0, 0x0, 0x0,
    0x0, 0x0, 0x0, 0xf, 0xf7, 0x0, 0xef, 0x7c,
    0xfa, 0x0, 0x0, 0x0, 0x0, 0x0, 0x0, 0x0,
    0x4f, 0xf2, 0x0, 0xef, 0x8f, 0xf5, 0x0, 0x0,
    0x0, 0x0, 0x0, 0x0, 0x0, 0x9f, 0xd0, 0x0,
    0xef, 0xdf, 0xf1, 0x0, 0x0, 0x0, 0x0, 0x0,
    0x0, 0x0, 0xef, 0x80, 0x0, 0xcf, 0xff, 0xff,
    0xff, 0xff, 0xff, 0xff, 0xff, 0xff, 0xff, 0xff,
    0x30, 0x0, 0x4f, 0xff, 0xff, 0xff, 0xff, 0xff,
    0xff, 0xff, 0xff, 0xff, 0xfa, 0x0, 0x0, 0x1,
    0x45, 0x55, 0x55, 0x55, 0x55, 0x55, 0x55, 0x55,
    0x55, 0x30, 0x0, 0x0,

    /* U+E2DB "" */
    0x0, 0x0, 0x0, 0x0, 0x38, 0xac, 0xba, 0x73,
    0x0, 0x0, 0x0, 0x0, 0x0, 0x0, 0x0, 0x6,
    0xef, 0xff, 0xff, 0xff, 0xfd, 0x50, 0x0, 0x0,
    0x0, 0x0, 0x0, 0x1c, 0xff, 0xff, 0xff, 0xff,
    0xff, 0xff, 0xb1, 0x0, 0x0, 0x0, 0x0, 0x3e,
    0xff, 0xff, 0xff, 0xff, 0xff, 0xad, 0xff, 0xd1,
    0x0, 0x0, 0x0, 0x1e, 0xff, 0xff, 0xff, 0xff,
    0xff, 0xf3, 0x7, 0xff, 0xd1, 0x0, 0x0, 0xc,
    0xff, 0xff, 0xff, 0xff, 0xff, 0xf7, 0x0, 0x5,
    0xff, 0xa0, 0x0, 0x5, 0xff, 0xff, 0xff, 0xff,
    0xb0, 0x0, 0x0, 0x0, 0x9, 0xff, 0x30, 0x0,
    0xdf, 0xff, 0xff, 0xff, 0xfb, 0x0, 0x0, 0x0,
    0x0, 0xd, 0xfb, 0x0, 0x2f, 0xff, 0xff, 0xff,
    0xff, 0xb0, 0x0, 0x0, 0x0, 0x0, 0x7f, 0xf0,
    0x7, 0xff, 0xff, 0xff, 0xa8, 0x82, 0x0, 0x3,
    0x66, 0x30, 0x1, 0x99, 0x20, 0x9f, 0xb7, 0xff,
    0xf3, 0x0, 0x0, 0x2c, 0xff, 0xff, 0xc2, 0x0,
    0x0, 0xb, 0xf9, 0x8, 0xff, 0x30, 0x0, 0x2e,
    0xff, 0xff, 0xff, 0xe1, 0x0, 0x0, 0xbf, 0xa0,
    0x8, 0xff, 0xf9, 0xb, 0xff, 0x71, 0x17, 0xff,
    0xa0, 0x0, 0xa, 0xfb, 0x0, 0x8, 0xff, 0x91,
    0xff, 0x70, 0x0, 0x8, 0xff, 0x0, 0x0, 0x7f,
    0xe0, 0x0, 0x9, 0xf9, 0x3f, 0xf2, 0x0, 0x0,
    0x2f, 0xf3, 0x0, 0x3, 0xff, 0x30, 0x0, 0x6,
    0x43, 0xff, 0x20, 0x0, 0x3, 0xff, 0x20, 0x0,
    0xd, 0xfb, 0x0, 0x0, 0x0, 0xf, 0xf9, 0x0,
    0x0, 0x9f, 0xe0, 0x0, 0x0, 0x6f, 0xf5, 0x0,
    0x0, 0x0, 0x9f, 0xfa, 0x44, 0xaf, 0xf9, 0x0,
    0x0, 0x0, 0xdf, 0xf2, 0x0, 0x0, 0x0, 0xcf,
    0xff, 0xff, 0xff, 0xf3, 0x0, 0x0, 0x2, 0xef,
    0xe4, 0x0, 0x0, 0x0, 0x8e, 0xff, 0xe8, 0xef,
    0xe3, 0x0, 0x0, 0x3, 0xff, 0xfa, 0x20, 0x0,
    0x0, 0x2, 0x10, 0x2, 0xef, 0xe2, 0x0, 0x0,
    0x2, 0xdf, 0xff, 0xd9, 0x70, 0x0, 0x0, 0x0,
    0x3, 0xff, 0xd0, 0x0, 0x0, 0x0, 0x7e, 0xff,
    0xfe, 0x0, 0x0, 0x0, 0x0, 0x3, 0xe4, 0x0,
    0x0, 0x0, 0x0, 0x4, 0x9b, 0xb0, 0x0, 0x0,
    0x0, 0x0, 0x0, 0x0,

    /* U+E30C "" */
    0x2, 0x56, 0x66, 0x66, 0x66, 0x66, 0x66, 0x66,
    0x66, 0x66, 0x64, 0x0, 0x5f, 0xff, 0xff, 0xff,
    0xff, 0xff, 0xff, 0xff, 0xff, 0xff, 0xff, 0xc0,
    0xcf, 0xff, 0xff, 0xff, 0xff, 0xff, 0xff, 0xff,
    0xff, 0xff, 0xff, 0xf5, 0xef, 0x70, 0x0, 0x0,
    0x0, 0x0, 0x0, 0x0, 0x0, 0x0, 0xe, 0xf6,
    0xef, 0x70, 0x0, 0x0, 0x0, 0x0, 0x0, 0x0,
    0x0, 0x0, 0xe, 0xf6, 0xef, 0x70, 0x0, 0x0,
    0x0, 0x0, 0x0, 0x0, 0x0, 0x0, 0xe, 0xf6,
    0xef, 0x70, 0x0, 0x0, 0x0, 0x0, 0x0, 0x0,
    0x0, 0x0, 0xe, 0xf6, 0xef, 0x70, 0x0, 0x0,
    0x0, 0x0, 0x0, 0x0, 0x0, 0x0, 0xe, 0xf6,
    0xef, 0x70, 0x0, 0x0, 0x0, 0x0, 0x0, 0x0,
    0x0, 0x0, 0xe, 0xf6, 0xef, 0x70, 0x0, 0x0,
    0x0, 0x0, 0x0, 0x0, 0x0, 0x0, 0xe, 0xf6,
    0xef, 0x70, 0x0, 0x0, 0x0, 0x0, 0x0, 0x0,
    0x0, 0x0, 0xe, 0xf6, 0xef, 0x70, 0x0, 0x0,
    0x0, 0x0, 0x0, 0x0, 0x0, 0x0, 0xe, 0xf6,
    0xef, 0x70, 0x0, 0x0, 0x0, 0x0, 0x0, 0x0,
    0x0, 0x0, 0xe, 0xf6, 0xef, 0x70, 0x0, 0x0,
    0x0, 0x0, 0x0, 0x0, 0x0, 0x0, 0xe, 0xf6,
    0xef, 0xa6, 0x66, 0x66, 0x66, 0x66, 0x66, 0x66,
    0x66, 0x66, 0x6f, 0xf6, 0xaf, 0xff, 0xff, 0xff,
    0xff, 0xff, 0xff, 0xff, 0xff, 0xff, 0xff, 0xf3,
    0x1b, 0xef, 0xff, 0xff, 0xff, 0xff, 0xff, 0xff,
    0xff, 0xff, 0xfd, 0x60, 0x0, 0x0, 0x0, 0x0,
    0x9, 0xff, 0xff, 0x10, 0x0, 0x0, 0x0, 0x0,
    0x0, 0x0, 0x0, 0x0, 0x9, 0xff, 0xff, 0x10,
    0x0, 0x0, 0x0, 0x0, 0x0, 0x0, 0x0, 0xe,
    0xff, 0xff, 0xff, 0xff, 0x60, 0x0, 0x0, 0x0,
    0x0, 0x0, 0x0, 0xe, 0xff, 0xff, 0xff, 0xff,
    0x60, 0x0, 0x0, 0x0, 0x0, 0x0, 0x0, 0x5,
    0x66, 0x66, 0x66, 0x66, 0x20, 0x0, 0x0, 0x0,

    /* U+E31D "" */
    0x0, 0x0, 0x0, 0x2, 0x66, 0x20, 0x0, 0x0,
    0x0, 0x0, 0x0, 0x0, 0x5f, 0xff, 0xf5, 0x0,
    0x0, 0x0, 0x0, 0x0, 0x1, 0xff, 0xff, 0xff,
    0x10, 0x0, 0x0, 0x0, 0x0, 0x5, 0xff, 0x11,
    0xff, 0x50, 0x0, 0x0, 0x0, 0x0, 0x6, 0xfe,
    0x0, 0xef, 0x60, 0x0, 0x0, 0x0, 0x0, 0x6,
    0xfe, 0x0, 0xef, 0x60, 0x0, 0x0, 0x0, 0x0,
    0x6, 0xfe, 0x0, 0xef, 0x60, 0x0, 0x0, 0x0,
    0x0, 0x6, 0xfe, 0x0, 0xef, 0x60, 0x0, 0x0,
    0x0, 0x0, 0x6, 0xfe, 0x0, 0xef, 0x60, 0x0,
    0x0, 0x0, 0x0, 0x6, 0xfe, 0x0, 0xef, 0x60,
    0x0, 0x0, 0x2, 0x20, 0x6, 0xfe, 0x0, 0xef,
    0x60, 0x2, 0x20, 0x1f, 0xf3, 0x4, 0xff, 0x33,
    0xff, 0x40, 0x3f, 0xf1, 0xf, 0xf6, 0x0, 0xef,
    0xff, 0xfe, 0x0, 0x6f, 0xf0, 0xb, 0xfc, 0x0,
    0x3e, 0xff, 0xe3, 0x0, 0xcf, 0xb0, 0x5, 0xff,
    0x60, 0x0, 0x33, 0x0, 0x6, 0xff, 0x50, 0x0,
    0xcf, 0xf5, 0x0, 0x0, 0x0, 0x5f, 0xfc, 0x0,
    0x0, 0x1e, 0xff, 0xb5, 0x22, 0x5b, 0xff, 0xe1,
    0x0, 0x0, 0x2, 0xcf, 0xff, 0xff, 0xff, 0xfc,
    0x20, 0x0, 0x0, 0x0, 0x6, 0xcf, 0xff, 0xfc,
    0x60, 0x0, 0x0, 0x0, 0x0, 0x0, 0x1, 0xff,
    0x10, 0x0, 0x0, 0x0, 0x0, 0x0, 0x0, 0x1,
    0xff, 0x10, 0x0, 0x0, 0x0, 0x0, 0x0, 0x0,
    0x1, 0xff, 0x10, 0x0, 0x0, 0x0, 0x0, 0x0,
    0x0, 0x0, 0xbb, 0x0, 0x0, 0x0, 0x0,

    /* U+E31E "" */
    0x0, 0x15, 0x66, 0x66, 0x66, 0x66, 0x66, 0x66,
    0x66, 0x66, 0x66, 0x50, 0x0, 0x3, 0xff, 0xff,
    0xff, 0xff, 0xff, 0xff, 0xff, 0xff, 0xff, 0xff,
    0xfe, 0x10, 0xa, 0xff, 0xff, 0xff, 0xff, 0xff,
    0xff, 0xff, 0xff, 0xff, 0xff, 0xff, 0x70, 0xc,
    0xf9, 0x0, 0x0, 0x0, 0x0, 0x0, 0x0, 0x0,
    0x0, 0x0, 0xcf, 0x90, 0xc, 0xf9, 0x0, 0x0,
    0x0, 0x0, 0x0, 0x0, 0x0, 0x0, 0x0, 0xcf,
    0x90, 0xc, 0xf9, 0x0, 0x0, 0x0, 0x0, 0x0,
    0x0, 0x0, 0x0, 0x0, 0xcf, 0x90, 0xc, 0xf9,
    0x0, 0x0, 0x0, 0x0, 0x0, 0x0, 0x0, 0x0,
    0x0, 0xcf, 0x90, 0xc, 0xf9, 0x0, 0x0, 0x0,
    0x0, 0x0, 0x0, 0x0, 0x0, 0x0, 0xcf, 0x90,
    0xc, 0xf9, 0x0, 0x0, 0x0, 0x0, 0x0, 0x0,
    0x0, 0x0, 0x0, 0xcf, 0x90, 0xc, 0xf9, 0x0,
    0x0, 0x0, 0x0, 0x0, 0x0, 0x0, 0x0, 0x0,
    0xcf, 0x90, 0xc, 0xf9, 0x0, 0x0, 0x0, 0x0,
    0x0, 0x0, 0x0, 0x0, 0x0, 0xcf, 0x90, 0xc,
    0xf9, 0x0, 0x0, 0x0, 0x0, 0x0, 0x0, 0x0,
    0x0, 0x0, 0xcf, 0x90, 0xc, 0xf9, 0x0, 0x0,
    0x0, 0x0, 0x0, 0x0, 0x0, 0x0, 0x0, 0xcf,
    0x90, 0xc, 0xf9, 0x0, 0x0, 0x0, 0x0, 0x0,
    0x0, 0x0, 0x0, 0x0, 0xcf, 0x90, 0xc, 0xf9,
    0x0, 0x0, 0x0, 0x0, 0x0, 0x0, 0x0, 0x0,
    0x0, 0xcf, 0x90, 0xb, 0xfb, 0x55, 0x55, 0x55,
    0x55, 0x55, 0x55, 0x55, 0x55, 0x55, 0xdf, 0x80,
    0x8, 0xff, 0xff, 0xff, 0xff, 0xff, 0xff, 0xff,
    0xff, 0xff, 0xff, 0xff, 0x50, 0x0, 0xaf, 0xff,
    0xff, 0xff, 0xff, 0xff, 0xff, 0xff, 0xff, 0xff,
    0xf9, 0x0, 0x0, 0x0, 0x0, 0x0, 0x0, 0x0,
    0x0, 0x0, 0x0, 0x0, 0x0, 0x0, 0x0, 0xef,
    0xff, 0xff, 0xff, 0xff, 0xff, 0xff, 0xff, 0xff,
    0xff, 0xff, 0xff, 0xfb, 0xef, 0xff, 0xff, 0xff,
    0xff, 0xff, 0xff, 0xff, 0xff, 0xff, 0xff, 0xff,
    0xfb, 0x56, 0x66, 0x66, 0x66, 0x66, 0x66, 0x66,
    0x66, 0x66, 0x66, 0x66, 0x66, 0x64,

    /* U+E32D "" */
    0x0, 0x47, 0x77, 0x77, 0x77, 0x77, 0x77, 0x74,
    0x0, 0xa, 0xff, 0xff, 0xff, 0xff, 0xff, 0xff,
    0xff, 0xa0, 0x1f, 0xfe, 0xee, 0xee, 0xee, 0xee,
    0xee, 0xef, 0xf1, 0x2f, 0xf2, 0x0, 0x0, 0x0,
    0x0, 0x0, 0x2f, 0xf2, 0x2f, 0xf2, 0x0, 0x5,
    0xdd, 0x50, 0x0, 0x2f, 0xf2, 0x2f, 0xf2, 0x0,
    0x2f, 0xff, 0xf2, 0x0, 0x2f, 0xf2, 0x2f, 0xf2,
    0x0, 0x4f, 0xff, 0xf4, 0x0, 0x2f, 0xf2, 0x2f,
    0xf2, 0x0, 0xd, 0xff, 0xd0, 0x0, 0x2f, 0xf2,
    0x2f, 0xf2, 0x0, 0x1, 0x76, 0x10, 0x0, 0x2f,
    0xf2, 0x2f, 0xf2, 0x0, 0x0, 0x0, 0x0, 0x0,
    0x2f, 0xf2, 0x2f, 0xf2, 0x0, 0x0, 0x11, 0x0,
    0x0, 0x2f, 0xf2, 0x2f, 0xf2, 0x0, 0x5d, 0xff,
    0xd5, 0x0, 0x2f, 0xf2, 0x2f, 0xf2, 0x7, 0xff,
    0xff, 0xff, 0x70, 0x2f, 0xf2, 0x2f, 0xf2, 0x2f,
    0xfd, 0x54, 0xbf, 0xf2, 0x2f, 0xf2, 0x2f, 0xf2,
    0x8f, 0xf1, 0x0, 0xd, 0xf8, 0x2f, 0xf2, 0x2f,
    0xf2, 0xaf, 0xc0, 0x0, 0xa, 0xfa, 0x2f, 0xf2,
    0x2f, 0xf2, 0x9f, 0xf1, 0x0, 0xd, 0xf9, 0x2f,
    0xf2, 0x2f, 0xf2, 0x4f, 0xfc, 0x43, 0xaf, 0xf4,
    0x2f, 0xf2, 0x2f, 0xf2, 0xa, 0xff, 0xff, 0xff,
    0xa0, 0x2f, 0xf2, 0x2f, 0xf2, 0x0, 0x9f, 0xff,
    0xf9, 0x0, 0x2f, 0xf2, 0x2f, 0xf2, 0x0, 0x2,
    0x55, 0x20, 0x0, 0x2f, 0xf2, 0x2f, 0xf8, 0x77,
    0x77, 0x77, 0x77, 0x77, 0x8f, 0xf2, 0xe, 0xff,
    0xff, 0xff, 0xff, 0xff, 0xff, 0xff, 0xe0, 0x3,
    0xbe, 0xee, 0xee, 0xee, 0xee, 0xee, 0xeb, 0x30,

    /* U+E3AE "" */
    0x0, 0x0, 0x0, 0x0, 0x0, 0x0, 0x0, 0x0,
    0x0, 0x3, 0x0, 0x0, 0x0, 0x0, 0x0, 0x0,
    0x0, 0x0, 0x0, 0x0, 0x9, 0xfd, 0x10, 0x0,
    0x0, 0x0, 0x0, 0x0, 0x0, 0x0, 0x0, 0x9,
    0xff, 0xfd, 0x10, 0x0, 0x0, 0x0, 0x0, 0x0,
    0x0, 0x0, 0x9, 0xff, 0xff, 0xf5, 0x0, 0x0,
    0x0, 0x0, 0x0, 0x0, 0x0, 0x9, 0xff, 0xff,
    0xfc, 0x0, 0x0, 0x0, 0x0, 0x0, 0x0, 0x0,
    0x9, 0xff, 0xff, 0xfc, 0x0, 0x0, 0x0, 0x0,
    0x0, 0x0, 0x0, 0x9, 0xff, 0xff, 0xfc, 0x0,
    0x0, 0x0, 0x0, 0x0, 0x0, 0x0, 0x9, 0xff,
    0xff, 0xfc, 0x0, 0x0, 0x0, 0x0, 0x0, 0x0,
    0x0, 0x9, 0xff, 0xff, 0xfc, 0x0, 0x0, 0x0,
    0x0, 0x0, 0x0, 0x0, 0x9, 0xff, 0xff, 0xfc,
    0x0, 0x0, 0x0, 0x0, 0x0, 0x0, 0x0, 0x9,
    0xff, 0xff, 0xfc, 0x0, 0x0, 0x0, 0x0, 0x0,
    0x0, 0x0, 0x5, 0xff, 0xff, 0xfb, 0x0, 0x0,
    0x0, 0x0, 0x0, 0x0, 0x0, 0x0, 0x9, 0xff,
    0xfb, 0x0, 0x0, 0x0, 0x0, 0x0, 0x0, 0x1,
    0x56, 0x20, 0x9, 0xfb, 0x0, 0x0, 0x0, 0x0,
    0x0, 0x0, 0x4, 0xff, 0xff, 0x70, 0x6, 0x0,
    0x0, 0x0, 0x0, 0x0, 0x0, 0x0, 0xef, 0xff,
    0xff, 0x30, 0x0, 0x0, 0x0, 0x0, 0x0, 0x0,
    0x0, 0x4f, 0xf2, 0xe, 0xf8, 0x0, 0x0, 0x0,
    0x0, 0x0, 0x0, 0x0, 0x7, 0xfe, 0x0, 0xef,
    0x80, 0x0, 0x0, 0x0, 0x0, 0x0, 0x0, 0x3,
    0xef, 0xa0, 0x8f, 0xf4, 0x0, 0x0, 0x0, 0x0,
    0x0, 0x0, 0x4, 0xff, 0xfe, 0xff, 0xfb, 0x0,
    0x0, 0x0, 0x0, 0x0, 0x0, 0x0, 0x4, 0xdf,
    0xff, 0xfb, 0x0, 0x0, 0x0, 0x0, 0x0, 0x0,
    0x0, 0x0, 0x0, 0x36, 0x63, 0x0, 0x0, 0x0,
    0x0, 0x0, 0x0, 0x0, 0x0,

    /* U+E3BE "" */
    0x0, 0x0, 0x2d, 0xd2, 0x0, 0x0, 0x0, 0x0,
    0x0, 0x0, 0x0, 0x0, 0x0, 0x0, 0x0, 0x2f,
    0xf2, 0x0, 0x0, 0x0, 0x0, 0x0, 0x0, 0x0,
    0x0, 0x0, 0x0, 0x0, 0x2f, 0xf2, 0x0, 0x0,
    0x0, 0x0, 0x0, 0x0, 0x0, 0x0, 0x0, 0x0,
    0x0, 0x2f, 0xf2, 0x0, 0x0, 0x0, 0x0, 0x0,
    0x0, 0x0, 0x0, 0x0, 0x22, 0x22, 0x5f, 0xf2,
    0x1, 0x22, 0x22, 0x22, 0x22, 0x20, 0x0, 0x0,
    0x0, 0xdf, 0xff, 0xff, 0xf2, 0x8, 0xff, 0xff,
    0xff, 0xff, 0xff, 0x60, 0x0, 0x0, 0xdf, 0xff,
    0xff, 0xf2, 0x8, 0xff, 0xff, 0xff, 0xff, 0xff,
    0xf0, 0x0, 0x0, 0x22, 0x22, 0x5f, 0xf2, 0x1,
    0x22, 0x22, 0x22, 0x22, 0x5f, 0xf2, 0x0, 0x0,
    0x0, 0x0, 0x2f, 0xf2, 0x0, 0x0, 0x0, 0x0,
    0x0, 0x2f, 0xf2, 0x0, 0x0, 0x0, 0x0, 0x2f,
    0xf2, 0x0, 0x0, 0x0, 0x0, 0x0, 0x2f, 0xf2,
    0x0, 0x0, 0x0, 0x0, 0x2f, 0xf2, 0x0, 0x0,
    0x0, 0x0, 0x0, 0x2f, 0xf2, 0x0, 0x0, 0x0,
    0x0, 0x2f, 0xf2, 0x0, 0x0, 0x0, 0x0, 0x0,
    0x2f, 0xf2, 0x0, 0x0, 0x0, 0x0, 0x2f, 0xf2,
    0x0, 0x0, 0x0, 0x0, 0x0, 0x2f, 0xf2, 0x0,
    0x0, 0x0, 0x0, 0x2f, 0xf2, 0x0, 0x0, 0x0,
    0x0, 0x0, 0x2f, 0xf2, 0x0, 0x0, 0x0, 0x0,
    0x2f, 0xf2, 0x0, 0x0, 0x0, 0x0, 0x0, 0x2f,
    0xf2, 0x0, 0x0, 0x0, 0x0, 0x2f, 0xf2, 0x0,
    0x0, 0x0, 0x0, 0x0, 0x2f, 0xf2, 0x0, 0x0,
    0x0, 0x0, 0x2f, 0xf2, 0x0, 0x0, 0x0, 0x0,
    0x0, 0x18, 0x81, 0x0, 0x0, 0x0, 0x0, 0x2f,
    0xf2, 0x0, 0x0, 0x0, 0x0, 0x0, 0x0, 0x0,
    0x0, 0x0, 0x0, 0x0, 0x2f, 0xf5, 0x22, 0x22,
    0x22, 0x22, 0x22, 0x22, 0x22, 0x22, 0x22, 0x0,
    0x0, 0xf, 0xff, 0xff, 0xff, 0xff, 0xff, 0xff,
    0xff, 0xff, 0xff, 0xfd, 0x0, 0x0, 0x6, 0xff,
    0xff, 0xff, 0xff, 0xff, 0xff, 0xff, 0xff, 0xff,
    0xfd, 0x0, 0x0, 0x0, 0x2, 0x22, 0x22, 0x22,
    0x22, 0x22, 0x5f, 0xf5, 0x22, 0x22, 0x0, 0x0,
    0x0, 0x0, 0x0, 0x0, 0x0, 0x0, 0x0, 0x2f,
    0xf2, 0x0, 0x0, 0x0, 0x0, 0x0, 0x0, 0x0,
    0x0, 0x0, 0x0, 0x0, 0x2f, 0xf2, 0x0, 0x0,
    0x0, 0x0, 0x0, 0x0, 0x0, 0x0, 0x0, 0x0,
    0x0, 0x2f, 0xf2, 0x0, 0x0, 0x0, 0x0, 0x0,
    0x0, 0x0, 0x0, 0x0, 0x0, 0x0, 0x2d, 0xd2,
    0x0, 0x0,

    /* U+E405 "" */
    0x0, 0x0, 0x0, 0xa, 0xaa, 0xaa, 0xaa, 0x0,
    0x0, 0x0, 0xf, 0xff, 0xff, 0xff, 0x0, 0x0,
    0x0, 0xf, 0xff, 0xff, 0xff, 0x0, 0x0, 0x0,
    0xf, 0xff, 0xff, 0xff, 0x0, 0x0, 0x0, 0xf,
    0xff, 0xff, 0xff, 0x0, 0x0, 0x0, 0xf, 0xf5,
    0x0, 0x0, 0x0, 0x0, 0x0, 0xf, 0xf5, 0x0,
    0x0, 0x0, 0x0, 0x0, 0xf, 0xf5, 0x0, 0x0,
    0x0, 0x0, 0x0, 0xf, 0xf5, 0x0, 0x0, 0x0,
    0x0, 0x0, 0xf, 0xf5, 0x0, 0x0, 0x0, 0x0,
    0x0, 0xf, 0xf5, 0x0, 0x0, 0x0, 0x0, 0x0,
    0xf, 0xf5, 0x0, 0x0, 0x0, 0x4b, 0xdc, 0x7f,
    0xf5, 0x0, 0x0, 0x9, 0xff, 0xff, 0xff, 0xf5,
    0x0, 0x0, 0x5f, 0xff, 0xff, 0xff, 0xf5, 0x0,
    0x0, 0xcf, 0xff, 0xff, 0xff, 0xf5, 0x0, 0x0,
    0xff, 0xff, 0xff, 0xff, 0xf5, 0x0, 0x0, 0xef,
    0xff, 0xff, 0xff, 0xf4, 0x0, 0x0, 0xaf, 0xff,
    0xff, 0xff, 0xf0, 0x0, 0x0, 0x2f, 0xff, 0xff,
    0xff, 0x60, 0x0, 0x0, 0x3, 0xef, 0xff, 0xf7,
    0x0, 0x0, 0x0, 0x0, 0x4, 0x75, 0x10, 0x0,
    0x0, 0x0,

    /* U+E40A "" */
    0x0, 0x0, 0x0, 0x0, 0x2, 0x56, 0x75, 0x30,
    0x0, 0x0, 0x0, 0x0, 0x0, 0x0, 0x0, 0x18,
    0xdf, 0xff, 0xff, 0xff, 0xa3, 0x0, 0x0, 0x0,
    0x0, 0x0, 0x6, 0xef, 0xff, 0xfe, 0xef, 0xff,
    0xff, 0xa1, 0x0, 0x0, 0x0, 0x0, 0xaf, 0xff,
    0x83, 0x0, 0x0, 0x27, 0xdf, 0xfe, 0x30, 0x0,
    0x0, 0xb, 0xff, 0xa1, 0x0, 0x0, 0x0, 0x0,
    0x7, 0xff, 0xe2, 0x0, 0x0, 0x8f, 0xf8, 0x2,
    0xbb, 0x20, 0x3, 0xba, 0x10, 0x3f, 0xfd, 0x0,
    0x2, 0xff, 0x90, 0xa, 0xff, 0xa0, 0xd, 0xff,
    0x70, 0x4, 0xff, 0x60, 0xb, 0xfd, 0x0, 0x9,
    0xff, 0x90, 0xc, 0xff, 0x60, 0x0, 0xaf, 0xd0,
    0x1f, 0xf5, 0x0, 0x1, 0x88, 0x0, 0x2, 0x87,
    0x0, 0x0, 0x3f, 0xf3, 0x6f, 0xf0, 0x2, 0x0,
    0x0, 0x0, 0x0, 0x0, 0x0, 0x20, 0xe, 0xf6,
    0x9f, 0xb0, 0xdf, 0xc0, 0x0, 0x0, 0x0, 0x0,
    0x1e, 0xfa, 0xd, 0xf8, 0xbf, 0xa3, 0xff, 0xf2,
    0x0, 0x0, 0x0, 0x0, 0x6f, 0xff, 0xc, 0xf8,
    0xbf, 0x90, 0xef, 0xd0, 0x0, 0x0, 0x0, 0x0,
    0x2f, 0xfb, 0xf, 0xf7, 0xaf, 0xb0, 0x4, 0x0,
    0x0, 0x0, 0x0, 0x0, 0x1, 0x30, 0x5f, 0xf3,
    0x8f, 0xe0, 0x0, 0x0, 0x0, 0x0, 0x0, 0x0,
    0x0, 0x4, 0xef, 0xc0, 0x3f, 0xf2, 0x0, 0x0,
    0x0, 0x0, 0x2, 0x56, 0x67, 0xbf, 0xff, 0x30,
    0xe, 0xfa, 0x0, 0x0, 0x0, 0x0, 0x9f, 0xff,
    0xff, 0xff, 0xd3, 0x0, 0x6, 0xff, 0x30, 0x0,
    0x0, 0x3, 0xff, 0xff, 0xfe, 0xb6, 0x0, 0x0,
    0x0, 0xdf, 0xe2, 0x0, 0x0, 0x5, 0xff, 0x0,
    0x0, 0x0, 0x0, 0x0, 0x0, 0x2f, 0xfe, 0x30,
    0x0, 0x2, 0xff, 0x60, 0x0, 0x0, 0x0, 0x0,
    0x0, 0x4, 0xff, 0xf9, 0x10, 0x0, 0xbf, 0xc0,
    0x0, 0x0, 0x0, 0x0, 0x0, 0x0, 0x2d, 0xff,
    0xfc, 0x98, 0xdf, 0xb0, 0x0, 0x0, 0x0, 0x0,
    0x0, 0x0, 0x0, 0x7e, 0xff, 0xff, 0xff, 0x70,
    0x0, 0x0, 0x0, 0x0, 0x0, 0x0, 0x0, 0x0,
    0x49, 0xbd, 0xc7, 0x0, 0x0, 0x0, 0x0, 0x0,

    /* U+E412 "" */
    0x0, 0x0, 0x0, 0x0, 0x78, 0x88, 0x88, 0x84,
    0x0, 0x0, 0x0, 0x0, 0x0, 0x0, 0x0, 0xa,
    0xff, 0xff, 0xff, 0xff, 0x30, 0x0, 0x0, 0x0,
    0x0, 0x22, 0x22, 0x9f, 0xfd, 0xdd, 0xdd, 0xff,
    0xe4, 0x22, 0x21, 0x0, 0x3e, 0xff, 0xff, 0xff,
    0xa0, 0x0, 0x0, 0x3f, 0xff, 0xff, 0xff, 0x90,
    0xbf, 0xff, 0xff, 0xfc, 0x0, 0x0, 0x0, 0x4,
    0xff, 0xff, 0xff, 0xf4, 0xef, 0x82, 0x22, 0x20,
    0x0, 0x0, 0x0, 0x0, 0x12, 0x22, 0x2e, 0xf6,
    0xef, 0x70, 0x0, 0x0, 0x0, 0x0, 0x0, 0x0,
    0x0, 0x0, 0xe, 0xf6, 0xef, 0x70, 0x0, 0x0,
    0x18, 0xef, 0xfc, 0x40, 0x0, 0x0, 0xe, 0xf6,
    0xef, 0x70, 0x0, 0x1, 0xdf, 0xff, 0xff, 0xf7,
    0x0, 0x0, 0xe, 0xf6, 0xef, 0x70, 0x0, 0xb,
    0xff, 0x95, 0x6d, 0xff, 0x40, 0x0, 0xe, 0xf6,
    0xef, 0x70, 0x0, 0x3f, 0xf6, 0x0, 0x0, 0xdf,
    0xb0, 0x0, 0xe, 0xf6, 0xef, 0x70, 0x0, 0x6f,
    0xf0, 0x0, 0x0, 0x6f, 0xf0, 0x0, 0xe, 0xf6,
    0xef, 0x70, 0x0, 0x6f, 0xe0, 0x0, 0x0, 0x5f,
    0xf0, 0x0, 0xe, 0xf6, 0xef, 0x70, 0x0, 0x4f,
    0xf3, 0x0, 0x0, 0xaf, 0xc0, 0x0, 0xe, 0xf6,
    0xef, 0x70, 0x0, 0xd, 0xfe, 0x40, 0x18, 0xff,
    0x60, 0x0, 0xe, 0xf6, 0xef, 0x70, 0x0, 0x3,
    0xff, 0xff, 0xff, 0xfa, 0x0, 0x0, 0xe, 0xf6,
    0xef, 0x70, 0x0, 0x0, 0x3c, 0xff, 0xff, 0x80,
    0x0, 0x0, 0xe, 0xf6, 0xef, 0x70, 0x0, 0x0,
    0x0, 0x24, 0x30, 0x0, 0x0, 0x0, 0xe, 0xf6,
    0xef, 0x70, 0x0, 0x0, 0x0, 0x0, 0x0, 0x0,
    0x0, 0x0, 0xe, 0xf6, 0xcf, 0xff, 0xff, 0xff,
    0xff, 0xff, 0xff, 0xff, 0xff, 0xff, 0xff, 0xf5,
    0x5f, 0xff, 0xff, 0xff, 0xff, 0xff, 0xff, 0xff,
    0xff, 0xff, 0xff, 0xc0, 0x2, 0x56, 0x66, 0x66,
    0x66, 0x66, 0x66, 0x66, 0x66, 0x66, 0x64, 0x0,

    /* U+E425 "" */
    0x0, 0x0, 0x0, 0xa, 0xff, 0xff, 0xff, 0x40,
    0x0, 0x0, 0x0, 0x0, 0x0, 0x0, 0xb, 0xff,
    0xff, 0xff, 0x40, 0x0, 0x0, 0x0, 0x0, 0x0,
    0x0, 0x4, 0x66, 0x66, 0x66, 0x10, 0x0, 0x0,
    0x0, 0x0, 0x0, 0x0, 0x0, 0x2, 0x44, 0x30,
    0x0, 0x0, 0x0, 0x0, 0x0, 0x0, 0x0, 0x4a,
    0xff, 0xff, 0xff, 0xb4, 0x0, 0x15, 0x0, 0x0,
    0x0, 0x1b, 0xff, 0xff, 0xff, 0xff, 0xff, 0xb4,
    0xef, 0x60, 0x0, 0x2, 0xef, 0xfc, 0x62, 0x0,
    0x26, 0xcf, 0xff, 0xff, 0x50, 0x0, 0x1e, 0xff,
    0x60, 0x0, 0x0, 0x0, 0x6, 0xff, 0xf7, 0x0,
    0x0, 0xcf, 0xf3, 0x0, 0x1, 0xaa, 0x10, 0x0,
    0x3f, 0xfc, 0x0, 0x5, 0xff, 0x50, 0x0, 0x2,
    0xff, 0x20, 0x0, 0x5, 0xff, 0x60, 0xc, 0xfb,
    0x0, 0x0, 0x2, 0xff, 0x20, 0x0, 0x0, 0xbf,
    0xd0, 0x1f, 0xf4, 0x0, 0x0, 0x2, 0xff, 0x20,
    0x0, 0x0, 0x4f, 0xf1, 0x5f, 0xf0, 0x0, 0x0,
    0x2, 0xff, 0x20, 0x0, 0x0, 0xf, 0xf5, 0x6f,
    0xe0, 0x0, 0x0, 0x2, 0xff, 0x20, 0x0, 0x0,
    0xe, 0xf7, 0x7f, 0xd0, 0x0, 0x0, 0x2, 0xff,
    0x20, 0x0, 0x0, 0xd, 0xf7, 0x6f, 0xf0, 0x0,
    0x0, 0x1, 0x88, 0x10, 0x0, 0x0, 0xf, 0xf6,
    0x3f, 0xf2, 0x0, 0x0, 0x0, 0x0, 0x0, 0x0,
    0x0, 0x2f, 0xf3, 0xe, 0xf7, 0x0, 0x0, 0x0,
    0x0, 0x0, 0x0, 0x0, 0x7f, 0xe0, 0x9, 0xfe,
    0x10, 0x0, 0x0, 0x0, 0x0, 0x0, 0x1, 0xef,
    0x90, 0x1, 0xff, 0xb0, 0x0, 0x0, 0x0, 0x0,
    0x0, 0xb, 0xff, 0x10, 0x0, 0x6f, 0xfa, 0x0,
    0x0, 0x0, 0x0, 0x0, 0xaf, 0xf6, 0x0, 0x0,
    0x9, 0xff, 0xd4, 0x0, 0x0, 0x0, 0x4d, 0xff,
    0x90, 0x0, 0x0, 0x0, 0x8f, 0xff, 0xea, 0x88,
    0xae, 0xff, 0xf7, 0x0, 0x0, 0x0, 0x0, 0x3,
    0xcf, 0xff, 0xff, 0xff, 0xfc, 0x30, 0x0, 0x0,
    0x0, 0x0, 0x0, 0x3, 0x8b, 0xdc, 0xb8, 0x30,
    0x0, 0x0, 0x0,

    /* U+E429 "" */
    0x0, 0x0, 0x0, 0x0, 0x0, 0x0, 0x0, 0x78,
    0x30, 0x0, 0x0, 0x0, 0x0, 0x0, 0x0, 0x0,
    0x0, 0x0, 0xef, 0x60, 0x0, 0x0, 0x12, 0x22,
    0x22, 0x22, 0x22, 0x22, 0x0, 0xef, 0x82, 0x22,
    0x20, 0xbf, 0xff, 0xff, 0xff, 0xff, 0xff, 0x0,
    0xef, 0xff, 0xff, 0xf1, 0xbf, 0xff, 0xff, 0xff,
    0xff, 0xff, 0x0, 0xef, 0xff, 0xff, 0xf1, 0x12,
    0x22, 0x22, 0x22, 0x22, 0x22, 0x0, 0xef, 0x82,
    0x22, 0x20, 0x0, 0x0, 0x0, 0x0, 0x0, 0x0,
    0x0, 0xef, 0x60, 0x0, 0x0, 0x0, 0x0, 0x8,
    0x82, 0x0, 0x0, 0x0, 0x78, 0x30, 0x0, 0x0,
    0x0, 0x0, 0xf, 0xf4, 0x0, 0x0, 0x0, 0x0,
    0x0, 0x0, 0x0, 0x12, 0x22, 0x3f, 0xf4, 0x1,
    0x22, 0x22, 0x22, 0x22, 0x22, 0x20, 0xbf, 0xff,
    0xff, 0xf4, 0x6, 0xff, 0xff, 0xff, 0xff, 0xff,
    0xf1, 0xbf, 0xff, 0xff, 0xf4, 0x6, 0xff, 0xff,
    0xff, 0xff, 0xff, 0xf1, 0x12, 0x22, 0x3f, 0xf4,
    0x1, 0x22, 0x22, 0x22, 0x22, 0x22, 0x20, 0x0,
    0x0, 0xf, 0xf4, 0x0, 0x0, 0x0, 0x0, 0x0,
    0x0, 0x0, 0x0, 0x0, 0x8, 0x82, 0x3, 0x87,
    0x0, 0x0, 0x0, 0x0, 0x0, 0x0, 0x0, 0x0,
    0x0, 0x6, 0xff, 0x0, 0x0, 0x0, 0x0, 0x0,
    0x12, 0x22, 0x22, 0x20, 0x6, 0xff, 0x22, 0x22,
    0x22, 0x22, 0x20, 0xbf, 0xff, 0xff, 0xf4, 0x6,
    0xff, 0xff, 0xff, 0xff, 0xff, 0xf1, 0xbf, 0xff,
    0xff, 0xf4, 0x6, 0xff, 0xff, 0xff, 0xff, 0xff,
    0xf1, 0x12, 0x22, 0x22, 0x20, 0x6, 0xff, 0x22,
    0x22, 0x22, 0x22, 0x20, 0x0, 0x0, 0x0, 0x0,
    0x6, 0xff, 0x0, 0x0, 0x0, 0x0, 0x0, 0x0,
    0x0, 0x0, 0x0, 0x3, 0x87, 0x0, 0x0, 0x0,
    0x0, 0x0,

    /* U+E5C3 "" */
    0x0, 0x66, 0x10, 0x0, 0x6, 0x61, 0x0, 0x0,
    0x66, 0x10, 0xc, 0xff, 0xe1, 0x0, 0xcf, 0xfe,
    0x10, 0xc, 0xff, 0xe1, 0x2f, 0xff, 0xf5, 0x2,
    0xff, 0xff, 0x50, 0x2f, 0xff, 0xf5, 0x1f, 0xff,
    0xf4, 0x1, 0xff, 0xff, 0x40, 0x1f, 0xff, 0xf4,
    0x7, 0xff, 0x90, 0x0, 0x7f, 0xf9, 0x0, 0x7,
    0xff, 0x90, 0x0, 0x1, 0x0, 0x0, 0x0, 0x10,
    0x0, 0x0, 0x1, 0x0, 0x0, 0x0, 0x0, 0x0,
    0x0, 0x0, 0x0, 0x0, 0x0, 0x0, 0x0, 0x66,
    0x10, 0x0, 0x6, 0x61, 0x0, 0x0, 0x66, 0x10,
    0xc, 0xff, 0xe1, 0x0, 0xcf, 0xfe, 0x10, 0xc,
    0xff, 0xe1, 0x2f, 0xff, 0xf5, 0x2, 0xff, 0xff,
    0x50, 0x2f, 0xff, 0xf5, 0x1f, 0xff, 0xf4, 0x1,
    0xff, 0xff, 0x40, 0x1f, 0xff, 0xf4, 0x7, 0xff,
    0x90, 0x0, 0x7f, 0xf9, 0x0, 0x7, 0xff, 0x90,
    0x0, 0x1, 0x0, 0x0, 0x0, 0x10, 0x0, 0x0,
    0x1, 0x0, 0x0, 0x0, 0x0, 0x0, 0x0, 0x0,
    0x0, 0x0, 0x0, 0x0, 0x0, 0x66, 0x10, 0x0,
    0x6, 0x61, 0x0, 0x0, 0x66, 0x10, 0xc, 0xff,
    0xe1, 0x0, 0xcf, 0xfe, 0x10, 0xc, 0xff, 0xe1,
    0x2f, 0xff, 0xf5, 0x2, 0xff, 0xff, 0x50, 0x2f,
    0xff, 0xf5, 0x1f, 0xff, 0xf4, 0x1, 0xff, 0xff,
    0x40, 0x1f, 0xff, 0xf4, 0x7, 0xff, 0x90, 0x0,
    0x7f, 0xf9, 0x0, 0x7, 0xff, 0x90, 0x0, 0x1,
    0x0, 0x0, 0x0, 0x10, 0x0, 0x0, 0x1, 0x0,

    /* U+E5C4 "" */
    0x0, 0x0, 0x0, 0x0, 0x0, 0x0, 0x0, 0x0,
    0x0, 0x0, 0x0, 0x0, 0x0, 0x0, 0xc, 0xc0,
    0x0, 0x0, 0x0, 0x0, 0x0, 0x0, 0x0, 0x0,
    0xcf, 0xf5, 0x0, 0x0, 0x0, 0x0, 0x0, 0x0,
    0x0, 0xc, 0xff, 0x70, 0x0, 0x0, 0x0, 0x0,
    0x0, 0x0, 0x0, 0xcf, 0xf7, 0x0, 0x0, 0x0,
    0x0, 0x0, 0x0, 0x0, 0xc, 0xff, 0x70, 0x0,
    0x0, 0x0, 0x0, 0x0, 0x0, 0x0, 0xcf, 0xf7,
    0x0, 0x0, 0x0, 0x0, 0x0, 0x0, 0x0, 0xc,
    0xff, 0x70, 0x0, 0x0, 0x0, 0x0, 0x0, 0x0,
    0x0, 0xcf, 0xf9, 0x22, 0x22, 0x22, 0x22, 0x22,
    0x22, 0x20, 0xc, 0xff, 0xff, 0xff, 0xff, 0xff,
    0xff, 0xff, 0xff, 0xf5, 0xc, 0xff, 0xff, 0xff,
    0xff, 0xff, 0xff, 0xff, 0xff, 0xf5, 0x0, 0xcf,
    0xf9, 0x22, 0x22, 0x22, 0x22, 0x22, 0x22, 0x20,
    0x0, 0xc, 0xff, 0x70, 0x0, 0x0, 0x0, 0x0,
    0x0, 0x0, 0x0, 0x0, 0xcf, 0xf7, 0x0, 0x0,
    0x0, 0x0, 0x0, 0x0, 0x0, 0x0, 0xc, 0xff,
    0x70, 0x0, 0x0, 0x0, 0x0, 0x0, 0x0, 0x0,
    0x0, 0xcf, 0xf7, 0x0, 0x0, 0x0, 0x0, 0x0,
    0x0, 0x0, 0x0, 0xc, 0xff, 0x70, 0x0, 0x0,
    0x0, 0x0, 0x0, 0x0, 0x0, 0x0, 0xcf, 0xf5,
    0x0, 0x0, 0x0, 0x0, 0x0, 0x0, 0x0, 0x0,
    0xc, 0xc0, 0x0, 0x0, 0x0, 0x0, 0x0, 0x0,
    0x0, 0x0, 0x0, 0x0, 0x0, 0x0, 0x0, 0x0,

    /* U+E5C8 "" */
    0x0, 0x0, 0x0, 0x0, 0x0, 0x0, 0x0, 0x0,
    0x0, 0x0, 0x0, 0x0, 0x0, 0x0, 0xc, 0xc0,
    0x0, 0x0, 0x0, 0x0, 0x0, 0x0, 0x0, 0x0,
    0x5f, 0xfc, 0x0, 0x0, 0x0, 0x0, 0x0, 0x0,
    0x0, 0x0, 0x7, 0xff, 0xc0, 0x0, 0x0, 0x0,
    0x0, 0x0, 0x0, 0x0, 0x0, 0x7f, 0xfc, 0x0,
    0x0, 0x0, 0x0, 0x0, 0x0, 0x0, 0x0, 0x7,
    0xff, 0xc0, 0x0, 0x0, 0x0, 0x0, 0x0, 0x0,
    0x0, 0x0, 0x7f, 0xfc, 0x0, 0x0, 0x0, 0x0,
    0x0, 0x0, 0x0, 0x0, 0x7, 0xff, 0xc0, 0x0,
    0x2, 0x22, 0x22, 0x22, 0x22, 0x22, 0x22, 0x9f,
    0xfc, 0x0, 0x5f, 0xff, 0xff, 0xff, 0xff, 0xff,
    0xff, 0xff, 0xff, 0xc0, 0x5f, 0xff, 0xff, 0xff,
    0xff, 0xff, 0xff, 0xff, 0xff, 0xc0, 0x2, 0x22,
    0x22, 0x22, 0x22, 0x22, 0x22, 0x9f, 0xfc, 0x0,
    0x0, 0x0, 0x0, 0x0, 0x0, 0x0, 0x7, 0xff,
    0xc0, 0x0, 0x0, 0x0, 0x0, 0x0, 0x0, 0x0,
    0x7f, 0xfc, 0x0, 0x0, 0x0, 0x0, 0x0, 0x0,
    0x0, 0x7, 0xff, 0xc0, 0x0, 0x0, 0x0, 0x0,
    0x0, 0x0, 0x0, 0x7f, 0xfc, 0x0, 0x0, 0x0,
    0x0, 0x0, 0x0, 0x0, 0x7, 0xff, 0xc0, 0x0,
    0x0, 0x0, 0x0, 0x0, 0x0, 0x0, 0x5f, 0xfc,
    0x0, 0x0, 0x0, 0x0, 0x0, 0x0, 0x0, 0x0,
    0xc, 0xc0, 0x0, 0x0, 0x0, 0x0, 0x0, 0x0,
    0x0, 0x0, 0x0, 0x0, 0x0, 0x0, 0x0, 0x0,

    /* U+E5CD "" */
    0x0, 0x0, 0x0, 0x0, 0x0, 0x0, 0x0, 0x0,
    0x0, 0x3, 0xe3, 0x0, 0x0, 0x0, 0x0, 0x0,
    0x3e, 0x30, 0xe, 0xfe, 0x30, 0x0, 0x0, 0x0,
    0x3, 0xef, 0xe0, 0x3, 0xef, 0xe3, 0x0, 0x0,
    0x0, 0x3e, 0xfe, 0x30, 0x0, 0x3e, 0xfe, 0x30,
    0x0, 0x3, 0xef, 0xe3, 0x0, 0x0, 0x3, 0xef,
    0xe3, 0x0, 0x3e, 0xfe, 0x30, 0x0, 0x0, 0x0,
    0x3e, 0xfe, 0x33, 0xef, 0xe3, 0x0, 0x0, 0x0,
    0x0, 0x3, 0xef, 0xee, 0xfe, 0x30, 0x0, 0x0,
    0x0, 0x0, 0x0, 0x3e, 0xff, 0xe3, 0x0, 0x0,
    0x0, 0x0, 0x0, 0x0, 0x3e, 0xff, 0xe3, 0x0,
    0x0, 0x0, 0x0, 0x0, 0x3, 0xef, 0xee, 0xfe,
    0x30, 0x0, 0x0, 0x0, 0x0, 0x3e, 0xfe, 0x33,
    0xef, 0xe3, 0x0, 0x0, 0x0, 0x3, 0xef, 0xe3,
    0x0, 0x3e, 0xfe, 0x30, 0x0, 0x0, 0x3e, 0xfe,
    0x30, 0x0, 0x3, 0xef, 0xe3, 0x0, 0x3, 0xef,
    0xe3, 0x0, 0x0, 0x0, 0x3e, 0xfe, 0x30, 0xe,
    0xfe, 0x30, 0x0, 0x0, 0x0, 0x3, 0xef, 0xe0,
    0x3, 0xe3, 0x0, 0x0, 0x0, 0x0, 0x0, 0x3e,
    0x30, 0x0, 0x0, 0x0, 0x0, 0x0, 0x0, 0x0,
    0x0, 0x0,

    /* U+E5D5 "" */
    0x0, 0x0, 0x0, 0x0, 0x34, 0x42, 0x0, 0x0,
    0x5, 0x51, 0x0, 0x0, 0x2, 0xaf, 0xff, 0xff,
    0xe9, 0x20, 0xf, 0xf5, 0x0, 0x0, 0x8f, 0xff,
    0xff, 0xff, 0xff, 0xf7, 0xf, 0xf5, 0x0, 0xa,
    0xff, 0xe7, 0x20, 0x13, 0x8e, 0xff, 0x9f, 0xf5,
    0x0, 0x8f, 0xfa, 0x0, 0x0, 0x0, 0x1, 0xbf,
    0xff, 0xf5, 0x2, 0xff, 0xa0, 0x0, 0x0, 0x0,
    0x0, 0xb, 0xff, 0xf5, 0xa, 0xfe, 0x0, 0x0,
    0x0, 0x4, 0x66, 0x67, 0xff, 0xf5, 0xf, 0xf7,
    0x0, 0x0, 0x0, 0xd, 0xff, 0xff, 0xff, 0xf5,
    0x3f, 0xf2, 0x0, 0x0, 0x0, 0xc, 0xff, 0xff,
    0xff, 0xf5, 0x4f, 0xf0, 0x0, 0x0, 0x0, 0x0,
    0x0, 0x0, 0x0, 0x0, 0x4f, 0xf0, 0x0, 0x0,
    0x0, 0x0, 0x0, 0x0, 0x0, 0x0, 0x3f, 0xf2,
    0x0, 0x0, 0x0, 0x0, 0x0, 0x0, 0x0, 0x0,
    0xf, 0xf7, 0x0, 0x0, 0x0, 0x0, 0x0, 0x0,
    0x59, 0x80, 0xa, 0xfe, 0x0, 0x0, 0x0, 0x0,
    0x0, 0x0, 0xef, 0xa0, 0x2, 0xff, 0xa0, 0x0,
    0x0, 0x0, 0x0, 0x9, 0xff, 0x20, 0x0, 0x8f,
    0xfa, 0x0, 0x0, 0x0, 0x0, 0x9f, 0xf8, 0x0,
    0x0, 0xb, 0xff, 0xe7, 0x20, 0x2, 0x7e, 0xff,
    0xa0, 0x0, 0x0, 0x0, 0x8f, 0xff, 0xff, 0xff,
    0xff, 0xf8, 0x0, 0x0, 0x0, 0x0, 0x3, 0xaf,
    0xff, 0xff, 0xfa, 0x20, 0x0, 0x0, 0x0, 0x0,
    0x0, 0x0, 0x34, 0x43, 0x0, 0x0, 0x0, 0x0,

    /* U+E5D8 "" */
    0x0, 0x0, 0x0, 0x0, 0x0, 0x0, 0x0, 0x0,
    0x0, 0x0, 0x0, 0x0, 0x0, 0x0, 0xc, 0xc0,
    0x0, 0x0, 0x0, 0x0, 0x0, 0x0, 0x0, 0x0,
    0xcf, 0xfc, 0x0, 0x0, 0x0, 0x0, 0x0, 0x0,
    0x0, 0xc, 0xff, 0xff, 0xc0, 0x0, 0x0, 0x0,
    0x0, 0x0, 0x0, 0xcf, 0xff, 0xff, 0xfc, 0x0,
    0x0, 0x0, 0x0, 0x0, 0xc, 0xff, 0x9f, 0xf9,
    0xff, 0xc0, 0x0, 0x0, 0x0, 0x0, 0xcf, 0xf7,
    0x2f, 0xf2, 0x7f, 0xfc, 0x0, 0x0, 0x0, 0xc,
    0xff, 0x70, 0x2f, 0xf2, 0x7, 0xff, 0xc0, 0x0,
    0x0, 0xcf, 0xf7, 0x0, 0x2f, 0xf2, 0x0, 0x7f,
    0xfc, 0x0, 0xc, 0xff, 0x70, 0x0, 0x2f, 0xf2,
    0x0, 0x7, 0xff, 0xc0, 0xc, 0xf7, 0x0, 0x0,
    0x2f, 0xf2, 0x0, 0x0, 0x7f, 0xc0, 0x0, 0x50,
    0x0, 0x0, 0x2f, 0xf2, 0x0, 0x0, 0x5, 0x0,
    0x0, 0x0, 0x0, 0x0, 0x2f, 0xf2, 0x0, 0x0,
    0x0, 0x0, 0x0, 0x0, 0x0, 0x0, 0x2f, 0xf2,
    0x0, 0x0, 0x0, 0x0, 0x0, 0x0, 0x0, 0x0,
    0x2f, 0xf2, 0x0, 0x0, 0x0, 0x0, 0x0, 0x0,
    0x0, 0x0, 0x2f, 0xf2, 0x0, 0x0, 0x0, 0x0,
    0x0, 0x0, 0x0, 0x0, 0x2f, 0xf2, 0x0, 0x0,
    0x0, 0x0, 0x0, 0x0, 0x0, 0x0, 0x2f, 0xf2,
    0x0, 0x0, 0x0, 0x0, 0x0, 0x0, 0x0, 0x0,
    0x2f, 0xf2, 0x0, 0x0, 0x0, 0x0, 0x0, 0x0,
    0x0, 0x0, 0x5, 0x50, 0x0, 0x0, 0x0, 0x0,

    /* U+E5DB "" */
    0x0, 0x0, 0x0, 0x0, 0x5, 0x50, 0x0, 0x0,
    0x0, 0x0, 0x0, 0x0, 0x0, 0x0, 0x2f, 0xf2,
    0x0, 0x0, 0x0, 0x0, 0x0, 0x0, 0x0, 0x0,
    0x2f, 0xf2, 0x0, 0x0, 0x0, 0x0, 0x0, 0x0,
    0x0, 0x0, 0x2f, 0xf2, 0x0, 0x0, 0x0, 0x0,
    0x0, 0x0, 0x0, 0x0, 0x2f, 0xf2, 0x0, 0x0,
    0x0, 0x0, 0x0, 0x0, 0x0, 0x0, 0x2f, 0xf2,
    0x0, 0x0, 0x0, 0x0, 0x0, 0x0, 0x0, 0x0,
    0x2f, 0xf2, 0x0, 0x0, 0x0, 0x0, 0x0, 0x0,
    0x0, 0x0, 0x2f, 0xf2, 0x0, 0x0, 0x0, 0x0,
    0x0, 0x50, 0x0, 0x0, 0x2f, 0xf2, 0x0, 0x0,
    0x5, 0x0, 0xc, 0xf7, 0x0, 0x0, 0x2f, 0xf2,
    0x0, 0x0, 0x7f, 0xc0, 0xc, 0xff, 0x70, 0x0,
    0x2f, 0xf2, 0x0, 0x7, 0xff, 0xc0, 0x0, 0xcf,
    0xf7, 0x0, 0x2f, 0xf2, 0x0, 0x7f, 0xfc, 0x0,
    0x0, 0xc, 0xff, 0x70, 0x2f, 0xf2, 0x7, 0xff,
    0xc0, 0x0, 0x0, 0x0, 0xcf, 0xf7, 0x2f, 0xf2,
    0x7f, 0xfc, 0x0, 0x0, 0x0, 0x0, 0xc, 0xff,
    0x9f, 0xf9, 0xff, 0xc0, 0x0, 0x0, 0x0, 0x0,
    0x0, 0xcf, 0xff, 0xff, 0xfc, 0x0, 0x0, 0x0,
    0x0, 0x0, 0x0, 0xc, 0xff, 0xff, 0xc0, 0x0,
    0x0, 0x0, 0x0, 0x0, 0x0, 0x0, 0xcf, 0xfc,
    0x0, 0x0, 0x0, 0x0, 0x0, 0x0, 0x0, 0x0,
    0xc, 0xc0, 0x0, 0x0, 0x0, 0x0, 0x0, 0x0,
    0x0, 0x0, 0x0, 0x0, 0x0, 0x0, 0x0, 0x0,

    /* U+E627 "" */
    0x0, 0x0, 0x0, 0x0, 0x0, 0x0, 0x45, 0x55,
    0x55, 0x51, 0x0, 0x0, 0x3, 0xa6, 0x0, 0x0,
    0xef, 0xff, 0xff, 0xf5, 0x0, 0x0, 0x9f, 0xf7,
    0x0, 0x0, 0xef, 0xff, 0xff, 0xf5, 0x0, 0xb,
    0xff, 0xd3, 0x0, 0x0, 0xef, 0xff, 0x90, 0x0,
    0x0, 0x8f, 0xf9, 0x0, 0x0, 0x0, 0xef, 0xff,
    0xf7, 0x0, 0x3, 0xff, 0x90, 0x0, 0x0, 0x0,
    0xef, 0x8c, 0xff, 0x20, 0xa, 0xfe, 0x0, 0x0,
    0x0, 0x0, 0xef, 0x71, 0xff, 0x90, 0xf, 0xf7,
    0x0, 0x0, 0x0, 0x0, 0x9a, 0x40, 0x8f, 0xe0,
    0x3f, 0xf2, 0x0, 0x0, 0x0, 0x0, 0x0, 0x0,
    0x3f, 0xf2, 0x4f, 0xf0, 0x0, 0x0, 0x0, 0x0,
    0x0, 0x0, 0xf, 0xf4, 0x4f, 0xf0, 0x0, 0x0,
    0x0, 0x0, 0x0, 0x0, 0xf, 0xf4, 0x3f, 0xf2,
    0x0, 0x0, 0x0, 0x0, 0x0, 0x0, 0x3f, 0xf2,
    0xf, 0xf6, 0x9, 0xa4, 0x0, 0x0, 0x0, 0x0,
    0x8f, 0xf0, 0xb, 0xfd, 0xe, 0xf7, 0x0, 0x0,
    0x0, 0x1, 0xef, 0x90, 0x3, 0xff, 0x8e, 0xf7,
    0x0, 0x0, 0x0, 0xb, 0xff, 0x20, 0x0, 0x9f,
    0xff, 0xf7, 0x0, 0x0, 0x1, 0xcf, 0xf7, 0x0,
    0x0, 0xb, 0xff, 0xf7, 0x0, 0x0, 0x8f, 0xff,
    0x90, 0x0, 0x5f, 0xff, 0xff, 0xf7, 0x0, 0x0,
    0xef, 0xf6, 0x0, 0x0, 0x5f, 0xff, 0xff, 0xf7,
    0x0, 0x0, 0xc8, 0x10, 0x0, 0x0, 0x15, 0x55,
    0x55, 0x52, 0x0, 0x0, 0x0, 0x0, 0x0, 0x0,

    /* U+E646 "" */
    0x0, 0x30, 0x0, 0x0, 0x34, 0x30, 0x0, 0x2,
    0x43, 0x0, 0x0, 0x0, 0xb, 0xf5, 0x0, 0x0,
    0xaf, 0xa0, 0x0, 0xa, 0xfa, 0x0, 0x0, 0x0,
    0x1d, 0xff, 0x50, 0x0, 0xaf, 0xa0, 0x0, 0xa,
    0xfa, 0x0, 0x0, 0x0, 0x1, 0xdf, 0xf5, 0x0,
    0x6f, 0xa0, 0x0, 0xa, 0xfa, 0x0, 0x0, 0x0,
    0x0, 0x1d, 0xff, 0x50, 0x6, 0xa0, 0x0, 0xa,
    0xfa, 0x0, 0x0, 0x0, 0x0, 0x1, 0xdf, 0xf9,
    0x0, 0x49, 0x99, 0x9d, 0xff, 0x60, 0x0, 0x0,
    0x0, 0x0, 0x1c, 0xff, 0xa0, 0x6, 0xff, 0xff,
    0xff, 0xf9, 0x0, 0x0, 0x0, 0x0, 0x1, 0xff,
    0xf8, 0x0, 0x6b, 0xbb, 0xbc, 0xff, 0x0, 0x0,
    0x0, 0x0, 0x0, 0xff, 0xff, 0x60, 0x0, 0x0,
    0x5, 0xff, 0x0, 0x0, 0x0, 0x0, 0x0, 0xff,
    0xff, 0xf6, 0x0, 0x0, 0x5, 0xff, 0x0, 0x0,
    0x0, 0x0, 0x0, 0xff, 0x6c, 0xff, 0x60, 0x0,
    0x5, 0xff, 0x0, 0x0, 0x0, 0x0, 0x0, 0xff,
    0x50, 0xbf, 0xf7, 0x0, 0x5, 0xff, 0x0, 0x0,
    0x0, 0x0, 0x0, 0xff, 0x50, 0xb, 0xff, 0x70,
    0x3, 0xff, 0x0, 0x0, 0x0, 0x0, 0x0, 0xff,
    0xc1, 0x0, 0xbf, 0xf7, 0x0, 0x44, 0x0, 0x0,
    0x0, 0x0, 0x0, 0x7f, 0xfc, 0x10, 0xb, 0xff,
    0x70, 0x0, 0x0, 0x0, 0x0, 0x0, 0x0, 0x6,
    0xff, 0xd1, 0x0, 0xbf, 0xf8, 0x0, 0x0, 0x0,
    0x0, 0x0, 0x0, 0x0, 0x6f, 0xfd, 0x11, 0xdf,
    0xff, 0x80, 0x0, 0x0, 0x0, 0x0, 0x0, 0x0,
    0x5, 0xff, 0x66, 0xff, 0xcf, 0xf8, 0x0, 0x0,
    0x0, 0x0, 0x0, 0x0, 0x0, 0xef, 0x66, 0xfe,
    0xa, 0xff, 0x80, 0x0, 0x0, 0x0, 0x0, 0x0,
    0x0, 0xef, 0xff, 0xfe, 0x0, 0xaf, 0xf8, 0x0,
    0x0, 0x0, 0x0, 0x0, 0x0, 0xef, 0xff, 0xfe,
    0x0, 0xa, 0xff, 0x90, 0x0, 0x0, 0x0, 0x0,
    0x0, 0x56, 0x66, 0x65, 0x0, 0x0, 0xaf, 0xf7,
    0x0, 0x0, 0x0, 0x0, 0x0, 0x0, 0x0, 0x0,
    0x0, 0x0, 0xa, 0xc1, 0x0, 0x0, 0x0, 0x0,
    0x0, 0x0, 0x0, 0x0, 0x0, 0x0, 0x0, 0x0,

    /* U+E668 "" */
    0x0, 0x0, 0x0, 0x0, 0x0, 0x0, 0x0, 0x0,
    0x0, 0x0, 0x0, 0x0, 0x0, 0x0, 0x0, 0x0,
    0x0, 0x0, 0xa, 0x60, 0x0, 0x0, 0x0, 0x0,
    0x0, 0x0, 0x0, 0x0, 0xaf, 0xf4, 0x0, 0x0,
    0x0, 0x0, 0x0, 0x0, 0x0, 0xa, 0xff, 0xa0,
    0x0, 0x0, 0x0, 0x0, 0x0, 0x0, 0x0, 0xaf,
    0xfa, 0x0, 0x0, 0x0, 0x0, 0x0, 0x0, 0x0,
    0xa, 0xff, 0xa0, 0x0, 0x0, 0x10, 0x0, 0x0,
    0x0, 0x0, 0xaf, 0xfa, 0x0, 0x0, 0xa, 0xd1,
    0x0, 0x0, 0x0, 0xa, 0xff, 0xa0, 0x0, 0x0,
    0x4f, 0xfd, 0x10, 0x0, 0x0, 0xaf, 0xfa, 0x0,
    0x0, 0x0, 0x5, 0xff, 0xd1, 0x0, 0xa, 0xff,
    0xa0, 0x0, 0x0, 0x0, 0x0, 0x5f, 0xfd, 0x10,
    0xaf, 0xfa, 0x0, 0x0, 0x0, 0x0, 0x0, 0x5,
    0xff, 0xdb, 0xff, 0xa0, 0x0, 0x0, 0x0, 0x0,
    0x0, 0x0, 0x5f, 0xff, 0xfa, 0x0, 0x0, 0x0,
    0x0, 0x0, 0x0, 0x0, 0x5, 0xff, 0xa0, 0x0,
    0x0, 0x0, 0x0, 0x0, 0x0, 0x0, 0x0, 0x59,
    0x0, 0x0, 0x0, 0x0, 0x0, 0x0,

    /* U+E684 "" */
    0x0, 0x0, 0x0, 0x11, 0x0, 0x0, 0x11, 0x0,
    0x0, 0x11, 0x10, 0x0, 0xb, 0xe0, 0x0, 0x9f,
    0xb0, 0x0, 0xcf, 0x80, 0x1, 0xff, 0xff, 0x90,
    0x8f, 0xf7, 0x0, 0x1f, 0xf3, 0x0, 0x4f, 0xe0,
    0x0, 0x8f, 0xff, 0xf4, 0xaf, 0xfe, 0x0, 0x9,
    0xfb, 0x0, 0xc, 0xf7, 0x0, 0x1f, 0xff, 0xf7,
    0xaf, 0xff, 0x70, 0x1, 0xff, 0x30, 0x5, 0xfe,
    0x0, 0x9, 0xff, 0xf7, 0xaf, 0xff, 0xe7, 0x77,
    0xdf, 0xc7, 0x77, 0xff, 0xa7, 0x78, 0xff, 0xf7,
    0xaf, 0xff, 0xff, 0xff, 0xff, 0xff, 0xff, 0xff,
    0xff, 0xff, 0xff, 0xf7, 0xaf, 0xfe, 0xee, 0xee,
    0xee, 0xee, 0xee, 0xee, 0xee, 0xee, 0xef, 0xf7,
    0xaf, 0xa0, 0x0, 0x0, 0x0, 0x0, 0x0, 0x0,
    0x0, 0x0, 0xe, 0xf7, 0xaf, 0xa0, 0x0, 0x0,
    0x0, 0x0, 0x0, 0x0, 0x0, 0x0, 0xe, 0xf7,
    0xaf, 0xa0, 0x0, 0x0, 0x0, 0x0, 0x0, 0x0,
    0x0, 0x0, 0xe, 0xf7, 0xaf, 0xa0, 0x0, 0x0,
    0x0, 0x0, 0x0, 0x0, 0x0, 0x0, 0xe, 0xf7,
    0xaf, 0xa0, 0x0, 0x0, 0x0, 0x0, 0x0, 0x0,
    0x0, 0x0, 0xe, 0xf7, 0xaf, 0xa0, 0x0, 0x0,
    0x0, 0x0, 0x0, 0x0, 0x0, 0x0, 0xe, 0xf7,
    0xaf, 0xa0, 0x0, 0x0, 0x0, 0x0, 0x0, 0x0,
    0x0, 0x0, 0xe, 0xf7, 0xaf, 0xa0, 0x0, 0x0,
    0x0, 0x0, 0x0, 0x0, 0x0, 0x0, 0xe, 0xf7,
    0xaf, 0xa0, 0x0, 0x0, 0x0, 0x0, 0x0, 0x0,
    0x0, 0x0, 0xe, 0xf7, 0x9f, 0xff, 0xff, 0xff,
    0xff, 0xff, 0xff, 0xff, 0xff, 0xff, 0xff, 0xf5,
    0x2e, 0xff, 0xff, 0xff, 0xff, 0xff, 0xff, 0xff,
    0xff, 0xff, 0xff, 0xc0, 0x1, 0x45, 0x55, 0x55,
    0x55, 0x55, 0x55, 0x55, 0x55, 0x55, 0x54, 0x0,

    /* U+E745 "" */
    0x15, 0x55, 0x55, 0x55, 0x55, 0x55, 0x53, 0x0,
    0x0, 0x0, 0x0, 0x3f, 0xff, 0xff, 0xff, 0xff,
    0xff, 0xf9, 0x0, 0x0, 0x0, 0x0, 0x3f, 0xff,
    0xff, 0xff, 0xff, 0xff, 0xf9, 0x0, 0x0, 0x0,
    0x0, 0x0, 0x0, 0x0, 0x0, 0x0, 0x0, 0x0,
    0x0, 0x0, 0x0, 0x0, 0x0, 0x0, 0x0, 0x0,
    0x0, 0x0, 0x0, 0x0, 0x0, 0x0, 0x0, 0x17,
    0x77, 0x77, 0x77, 0x77, 0x77, 0x74, 0x0, 0x0,
    0x0, 0x0, 0x3f, 0xff, 0xff, 0xff, 0xff, 0xff,
    0xf9, 0x0, 0x0, 0x0, 0x0, 0x3e, 0xee, 0xee,
    0xee, 0xee, 0xee, 0xe8, 0x0, 0x0, 0x0, 0x0,
    0x0, 0x0, 0x0, 0x0, 0x0, 0x0, 0x0, 0x0,
    0x0, 0x0, 0x0, 0x0, 0x0, 0x0, 0x0, 0x0,
    0x0, 0x0, 0x0, 0x6, 0xfe, 0x40, 0x3f, 0xff,
    0xff, 0xff, 0xe0, 0x0, 0x0, 0x0, 0x6f, 0xff,
    0xf3, 0x3f, 0xff, 0xff, 0xff, 0xe0, 0x0, 0x0,
    0x7, 0xff, 0xff, 0xfb, 0x15, 0x55, 0x55, 0x55,
    0x40, 0x0, 0x0, 0x8f, 0xff, 0xff, 0xf8, 0x0,
    0x0, 0x0, 0x0, 0x0, 0x0, 0x8, 0xfd, 0x2b,
    0xff, 0xa0, 0x0, 0x0, 0x0, 0x0, 0x0, 0x0,
    0x9f, 0xd1, 0x1d, 0xf9, 0x0, 0x0, 0x0, 0x0,
    0x0, 0x0, 0x8, 0xfc, 0x11, 0xdf, 0x90, 0x0,
    0x0, 0x0, 0x0, 0x0, 0x0, 0xb, 0xf0, 0x1d,
    0xf8, 0x0, 0x0, 0x0, 0x0, 0x0, 0x0, 0x0,
    0xb, 0xfa, 0xef, 0x80, 0x0, 0x0, 0x0, 0x0,
    0x0, 0x0, 0x0, 0xb, 0xff, 0xf7, 0x0, 0x0,
    0x0, 0x0, 0x0, 0x0, 0x0, 0x0, 0x1, 0x11,
    0x10, 0x0, 0x0, 0x0,

    /* U+E7BA "" */
    0x3, 0xcf, 0xff, 0xff, 0xff, 0xff, 0xff, 0xfc,
    0x30, 0x0, 0xef, 0xff, 0xff, 0xff, 0xff, 0xff,
    0xff, 0xfe, 0x0, 0x2f, 0xf7, 0x66, 0x66, 0x66,
    0x66, 0x66, 0x7f, 0xf2, 0x2, 0xff, 0x20, 0x0,
    0x4, 0x40, 0x0, 0x2, 0xff, 0x20, 0x2f, 0xf2,
    0x0, 0x1, 0xff, 0x10, 0x0, 0x2f, 0xf2, 0x2,
    0xff, 0x20, 0x0, 0xe, 0xe0, 0x0, 0x2, 0xff,
    0x20, 0x2f, 0xf2, 0x0, 0x0, 0x0, 0x0, 0x0,
    0x2f, 0xf8, 0x2, 0xff, 0x20, 0x0, 0x0, 0x0,
    0x0, 0x2, 0xff, 0xf3, 0x2f, 0xf2, 0x0, 0x0,
    0x0, 0x0, 0x0, 0x2f, 0xff, 0x52, 0xff, 0x20,
    0x0, 0x0, 0x0, 0x0, 0x2, 0xff, 0xf5, 0x2f,
    0xf2, 0x0, 0x0, 0x0, 0x0, 0x0, 0x2f, 0xff,
    0x42, 0xff, 0x20, 0x0, 0x0, 0x0, 0x0, 0x2,
    0xff, 0x90, 0x2f, 0xf2, 0x0, 0x0, 0x0, 0x0,
    0x0, 0x2f, 0xf2, 0x2, 0xff, 0x20, 0x0, 0x0,
    0x0, 0x0, 0x2, 0xff, 0x20, 0x2f, 0xf2, 0x0,
    0x0, 0x0, 0x0, 0x0, 0x2f, 0xf2, 0x2, 0xff,
    0x20, 0x0, 0x0, 0x0, 0x0, 0x2, 0xff, 0x20,
    0x2f, 0xf2, 0x0, 0x0, 0x0, 0x0, 0x0, 0x2f,
    0xf2, 0x2, 0xff, 0x20, 0x0, 0x0, 0x0, 0x0,
    0x2, 0xff, 0x20, 0x2f, 0xf2, 0x0, 0x0, 0x0,
    0x0, 0x0, 0x2f, 0xf2, 0x2, 0xff, 0x20, 0x0,
    0x0, 0x0, 0x0, 0x2, 0xff, 0x20, 0x2f, 0xf2,
    0x0, 0x0, 0x0, 0x0, 0x0, 0x2f, 0xf2, 0x2,
    0xff, 0x20, 0x0, 0x0, 0x0, 0x0, 0x2, 0xff,
    0x20, 0x2f, 0xf2, 0x0, 0x0, 0x0, 0x0, 0x0,
    0x2f, 0xf2, 0x2, 0xff, 0x76, 0x66, 0x66, 0x66,
    0x66, 0x67, 0xff, 0x20, 0xe, 0xff, 0xff, 0xff,
    0xff, 0xff, 0xff, 0xff, 0xe0, 0x0, 0x3c, 0xff,
    0xff, 0xff, 0xff, 0xff, 0xff, 0xc3, 0x0,

    /* U+E7F5 "" */
    0x0, 0x0, 0x0, 0x0, 0x7, 0x92, 0x0, 0x0,
    0x0, 0x0, 0x0, 0x0, 0x0, 0x0, 0x6f, 0xfd,
    0x0, 0x0, 0x0, 0x0, 0x0, 0x0, 0x0, 0x0,
    0x8f, 0xff, 0x0, 0x0, 0x0, 0x0, 0x0, 0x0,
    0x0, 0x4c, 0xff, 0xff, 0xe8, 0x0, 0x0, 0x0,
    0x0, 0x0, 0x8, 0xff, 0xff, 0xff, 0xff, 0xd1,
    0x0, 0x0, 0x0, 0x0, 0x6f, 0xfd, 0x51, 0x3,
    0x9f, 0xfc, 0x0, 0x0, 0x0, 0x1, 0xff, 0xc0,
    0x0, 0x0, 0x6, 0xff, 0x70, 0x0, 0x0, 0x6,
    0xff, 0x20, 0x0, 0x0, 0x0, 0xaf, 0xd0, 0x0,
    0x0, 0xa, 0xfb, 0x0, 0x0, 0x0, 0x0, 0x4f,
    0xf1, 0x0, 0x0, 0xc, 0xf9, 0x0, 0x0, 0x0,
    0x0, 0x2f, 0xf3, 0x0, 0x0, 0xc, 0xf9, 0x0,
    0x0, 0x0, 0x0, 0x1f, 0xf3, 0x0, 0x0, 0xc,
    0xf9, 0x0, 0x0, 0x0, 0x0, 0x1f, 0xf3, 0x0,
    0x0, 0xc, 0xf9, 0x0, 0x0, 0x0, 0x0, 0x1f,
    0xf3, 0x0, 0x0, 0xc, 0xf9, 0x0, 0x0, 0x0,
    0x0, 0x1f, 0xf3, 0x0, 0x0, 0xc, 0xf9, 0x0,
    0x0, 0x0, 0x0, 0x1f, 0xf3, 0x0, 0x0, 0xc,
    0xf9, 0x0, 0x0, 0x0, 0x0, 0x1f, 0xf3, 0x0,
    0x0, 0xc, 0xf9, 0x0, 0x0, 0x0, 0x0, 0x1f,
    0xf3, 0x0, 0x2, 0x2d, 0xfa, 0x22, 0x22, 0x22,
    0x22, 0x4f, 0xf5, 0x21, 0x1f, 0xff, 0xff, 0xff,
    0xff, 0xff, 0xff, 0xff, 0xff, 0xf8, 0x1f, 0xff,
    0xff, 0xff, 0xff, 0xff, 0xff, 0xff, 0xff, 0xf8,
    0x2, 0x22, 0x22, 0x22, 0x22, 0x22, 0x22, 0x22,
    0x22, 0x21, 0x0, 0x0, 0x0, 0x0, 0x77, 0x77,
    0x30, 0x0, 0x0, 0x0, 0x0, 0x0, 0x0, 0x0,
    0xdf, 0xff, 0x40, 0x0, 0x0, 0x0, 0x0, 0x0,
    0x0, 0x0, 0x2b, 0xd7, 0x0, 0x0, 0x0, 0x0,

    /* U+E7F7 "" */
    0x0, 0x0, 0x43, 0x0, 0x0, 0x19, 0x80, 0x0,
    0x0, 0x42, 0x0, 0x0, 0x0, 0x5, 0xfd, 0x0,
    0x0, 0xbf, 0xf8, 0x0, 0x2, 0xfe, 0x30, 0x0,
    0x0, 0x3f, 0xfd, 0x10, 0x0, 0xdf, 0xfa, 0x0,
    0x3, 0xff, 0xf1, 0x0, 0x0, 0xdf, 0xd1, 0x0,
    0x7e, 0xff, 0xff, 0xd5, 0x0, 0x3f, 0xfb, 0x0,
    0x8, 0xff, 0x30, 0xc, 0xff, 0xff, 0xff, 0xff,
    0x90, 0x6, 0xff, 0x50, 0xf, 0xf9, 0x0, 0xbf,
    0xfb, 0x30, 0x4, 0xcf, 0xf8, 0x0, 0xcf, 0xc0,
    0x5f, 0xf2, 0x5, 0xff, 0x80, 0x0, 0x0, 0xa,
    0xff, 0x20, 0x5f, 0xf2, 0x8f, 0xd0, 0xb, 0xfc,
    0x0, 0x0, 0x0, 0x0, 0xef, 0x90, 0xf, 0xf5,
    0xbf, 0xa0, 0xf, 0xf6, 0x0, 0x0, 0x0, 0x0,
    0x9f, 0xc0, 0xd, 0xf8, 0x8a, 0x60, 0x1f, 0xf4,
    0x0, 0x0, 0x0, 0x0, 0x6f, 0xe0, 0x8, 0xa6,
    0x0, 0x0, 0x1f, 0xf3, 0x0, 0x0, 0x0, 0x0,
    0x6f, 0xe0, 0x0, 0x0, 0x0, 0x0, 0x1f, 0xf3,
    0x0, 0x0, 0x0, 0x0, 0x6f, 0xe0, 0x0, 0x0,
    0x0, 0x0, 0x1f, 0xf3, 0x0, 0x0, 0x0, 0x0,
    0x6f, 0xe0, 0x0, 0x0, 0x0, 0x0, 0x1f, 0xf3,
    0x0, 0x0, 0x0, 0x0, 0x6f, 0xe0, 0x0, 0x0,
    0x0, 0x0, 0x1f, 0xf3, 0x0, 0x0, 0x0, 0x0,
    0x6f, 0xe0, 0x0, 0x0, 0x0, 0x0, 0x1f, 0xf3,
    0x0, 0x0, 0x0, 0x0, 0x6f, 0xe0, 0x0, 0x0,
    0x0, 0x0, 0x1f, 0xf3, 0x0, 0x0, 0x0, 0x0,
    0x6f, 0xe0, 0x0, 0x0, 0x0, 0x12, 0x3f, 0xf5,
    0x22, 0x22, 0x22, 0x22, 0x8f, 0xe2, 0x20, 0x0,
    0x0, 0x6f, 0xff, 0xff, 0xff, 0xff, 0xff, 0xff,
    0xff, 0xff, 0xf3, 0x0, 0x0, 0x6f, 0xff, 0xff,
    0xff, 0xff, 0xff, 0xff, 0xff, 0xff, 0xf3, 0x0,
    0x0, 0x12, 0x22, 0x22, 0x22, 0x22, 0x22, 0x22,
    0x22, 0x22, 0x20, 0x0, 0x0, 0x0, 0x0, 0x0,
    0x2, 0x77, 0x77, 0x10, 0x0, 0x0, 0x0, 0x0,
    0x0, 0x0, 0x0, 0x0, 0x2, 0xff, 0xfe, 0x0,
    0x0, 0x0, 0x0, 0x0, 0x0, 0x0, 0x0, 0x0,
    0x0, 0x5c, 0xc3, 0x0, 0x0, 0x0, 0x0, 0x0,

    /* U+E80B "" */
    0x0, 0x0, 0x0, 0x0, 0x38, 0xac, 0xba, 0x72,
    0x0, 0x0, 0x0, 0x0, 0x0, 0x0, 0x0, 0x6e,
    0xff, 0xff, 0xff, 0xff, 0xc4, 0x0, 0x0, 0x0,
    0x0, 0x0, 0x2c, 0xff, 0xff, 0xff, 0xff, 0xff,
    0xff, 0xb0, 0x0, 0x0, 0x0, 0x3, 0xef, 0xff,
    0xff, 0xff, 0xff, 0xf8, 0xdf, 0xfd, 0x10, 0x0,
    0x0, 0x1e, 0xff, 0xff, 0xff, 0xff, 0xff, 0xf1,
    0x8, 0xff, 0xc0, 0x0, 0x0, 0xcf, 0xff, 0xff,
    0xff, 0xff, 0xfe, 0x50, 0x0, 0x6f, 0xf9, 0x0,
    0x5, 0xff, 0xff, 0xff, 0xff, 0x90, 0x0, 0x0,
    0x0, 0x9, 0xff, 0x20, 0xd, 0xff, 0xff, 0xff,
    0xff, 0x90, 0x0, 0x0, 0x0, 0x0, 0xef, 0xa0,
    0x3f, 0xff, 0xff, 0xff, 0xff, 0x80, 0x0, 0x0,
    0x0, 0x0, 0x7f, 0xf0, 0x7f, 0xff, 0xff, 0xfa,
    0x88, 0x10, 0x0, 0x0, 0x0, 0x0, 0x1f, 0xf4,
    0xaf, 0xb8, 0xff, 0xf3, 0x0, 0x0, 0x0, 0x0,
    0x0, 0x0, 0xe, 0xf6, 0xbf, 0x90, 0x9f, 0xf3,
    0x0, 0x0, 0x0, 0x0, 0x0, 0x0, 0xc, 0xf8,
    0xbf, 0x90, 0x9, 0xff, 0xff, 0xff, 0xff, 0xd1,
    0x0, 0x0, 0xd, 0xf8, 0x9f, 0xb0, 0x0, 0xaf,
    0xff, 0xff, 0xff, 0xf3, 0x0, 0x0, 0xe, 0xf6,
    0x7f, 0xe0, 0x0, 0xb, 0xff, 0xff, 0xff, 0xf3,
    0x0, 0x0, 0x2f, 0xf4, 0x2f, 0xf4, 0x0, 0x0,
    0xdf, 0xff, 0xff, 0xf3, 0x0, 0x0, 0x7f, 0xf0,
    0xd, 0xfb, 0x0, 0x0, 0xcf, 0xff, 0xff, 0xf7,
    0x41, 0x0, 0xef, 0xa0, 0x4, 0xff, 0x60, 0x0,
    0x8f, 0xff, 0xff, 0xff, 0xff, 0x3a, 0xff, 0x20,
    0x0, 0xbf, 0xf3, 0x0, 0xa, 0xff, 0xff, 0xff,
    0xff, 0xff, 0xf8, 0x0, 0x0, 0x1d, 0xff, 0x50,
    0x0, 0x7f, 0xff, 0xff, 0xff, 0xff, 0xb0, 0x0,
    0x0, 0x2, 0xdf, 0xfb, 0x40, 0x7f, 0xff, 0xff,
    0xff, 0xfc, 0x10, 0x0, 0x0, 0x0, 0x1b, 0xff,
    0xff, 0xef, 0xff, 0xff, 0xff, 0x90, 0x0, 0x0,
    0x0, 0x0, 0x0, 0x4c, 0xff, 0xff, 0xff, 0xff,
    0xb2, 0x0, 0x0, 0x0, 0x0, 0x0, 0x0, 0x0,
    0x16, 0x8a, 0x98, 0x51, 0x0, 0x0, 0x0, 0x0,

    /* U+E86F "" */
    0x0, 0x0, 0x0, 0x3b, 0x0, 0x0, 0x0, 0x0,
    0xb3, 0x0, 0x0, 0x0, 0x0, 0x0, 0x3, 0xff,
    0xb0, 0x0, 0x0, 0xb, 0xff, 0x30, 0x0, 0x0,
    0x0, 0x0, 0x3f, 0xff, 0x30, 0x0, 0x0, 0x2,
    0xef, 0xf3, 0x0, 0x0, 0x0, 0x3, 0xff, 0xf3,
    0x0, 0x0, 0x0, 0x0, 0x2e, 0xff, 0x30, 0x0,
    0x0, 0x3f, 0xff, 0x30, 0x0, 0x0, 0x0, 0x0,
    0x2, 0xef, 0xf3, 0x0, 0x3, 0xff, 0xf3, 0x0,
    0x0, 0x0, 0x0, 0x0, 0x0, 0x2e, 0xff, 0x30,
    0x3f, 0xff, 0x30, 0x0, 0x0, 0x0, 0x0, 0x0,
    0x0, 0x2, 0xef, 0xf3, 0x3f, 0xfe, 0x20, 0x0,
    0x0, 0x0, 0x0, 0x0, 0x0, 0x3, 0xff, 0xf3,
    0x3, 0xff, 0xe2, 0x0, 0x0, 0x0, 0x0, 0x0,
    0x0, 0x3f, 0xff, 0x30, 0x0, 0x3f, 0xfe, 0x20,
    0x0, 0x0, 0x0, 0x0, 0x3, 0xff, 0xf3, 0x0,
    0x0, 0x3, 0xff, 0xe2, 0x0, 0x0, 0x0, 0x0,
    0x3f, 0xff, 0x30, 0x0, 0x0, 0x0, 0x3f, 0xfe,
    0x20, 0x0, 0x0, 0x3, 0xff, 0xf3, 0x0, 0x0,
    0x0, 0x0, 0x3, 0xff, 0xb0, 0x0, 0x0, 0xb,
    0xff, 0x30, 0x0, 0x0, 0x0, 0x0, 0x0, 0x3b,
    0x0, 0x0, 0x0, 0x0, 0xb3, 0x0, 0x0, 0x0,

    /* U+E871 "" */
    0x26, 0x66, 0x66, 0x66, 0x65, 0x0, 0x56, 0x66,
    0x66, 0x66, 0x62, 0x6f, 0xff, 0xff, 0xff, 0xfe,
    0x0, 0xef, 0xff, 0xff, 0xff, 0xf6, 0x6f, 0xff,
    0xff, 0xff, 0xfe, 0x0, 0xef, 0xff, 0xff, 0xff,
    0xf6, 0x6f, 0xe0, 0x0, 0x6, 0xfe, 0x0, 0xef,
    0x60, 0x0, 0xe, 0xf6, 0x6f, 0xe0, 0x0, 0x6,
    0xfe, 0x0, 0xef, 0x60, 0x0, 0xe, 0xf6, 0x6f,
    0xe0, 0x0, 0x6, 0xfe, 0x0, 0xef, 0xff, 0xff,
    0xff, 0xf6, 0x6f, 0xe0, 0x0, 0x6, 0xfe, 0x0,
    0xef, 0xff, 0xff, 0xff, 0xf6, 0x6f, 0xe0, 0x0,
    0x6, 0xfe, 0x0, 0x56, 0x66, 0x66, 0x66, 0x62,
    0x6f, 0xe0, 0x0, 0x6, 0xfe, 0x0, 0x0, 0x0,
    0x0, 0x0, 0x0, 0x6f, 0xe2, 0x22, 0x28, 0xfe,
    0x0, 0x22, 0x22, 0x22, 0x22, 0x21, 0x6f, 0xff,
    0xff, 0xff, 0xfe, 0x0, 0xef, 0xff, 0xff, 0xff,
    0xf6, 0x6f, 0xff, 0xff, 0xff, 0xfe, 0x0, 0xef,
    0xff, 0xff, 0xff, 0xf6, 0x12, 0x22, 0x22, 0x22,
    0x22, 0x0, 0xef, 0x82, 0x22, 0x2e, 0xf6, 0x0,
    0x0, 0x0, 0x0, 0x0, 0x0, 0xef, 0x60, 0x0,
    0xe, 0xf6, 0x26, 0x66, 0x66, 0x66, 0x65, 0x0,
    0xef, 0x60, 0x0, 0xe, 0xf6, 0x6f, 0xff, 0xff,
    0xff, 0xfe, 0x0, 0xef, 0x60, 0x0, 0xe, 0xf6,
    0x6f, 0xff, 0xff, 0xff, 0xfe, 0x0, 0xef, 0x60,
    0x0, 0xe, 0xf6, 0x6f, 0xe0, 0x0, 0x6, 0xfe,
    0x0, 0xef, 0x60, 0x0, 0xe, 0xf6, 0x6f, 0xe0,
    0x0, 0x6, 0xfe, 0x0, 0xef, 0x60, 0x0, 0xe,
    0xf6, 0x6f, 0xff, 0xff, 0xff, 0xfe, 0x0, 0xef,
    0xff, 0xff, 0xff, 0xf6, 0x6f, 0xff, 0xff, 0xff,
    0xfe, 0x0, 0xef, 0xff, 0xff, 0xff, 0xf6, 0x26,
    0x66, 0x66, 0x66, 0x65, 0x0, 0x56, 0x66, 0x66,
    0x66, 0x62,

    /* U+E873 "" */
    0x0, 0x57, 0x77, 0x77, 0x77, 0x77, 0x40, 0x0,
    0x0, 0x0, 0xc, 0xff, 0xff, 0xff, 0xff, 0xff,
    0xf5, 0x0, 0x0, 0x0, 0x4f, 0xfe, 0xee, 0xee,
    0xee, 0xef, 0xff, 0x50, 0x0, 0x0, 0x5f, 0xf0,
    0x0, 0x0, 0x0, 0xd, 0xff, 0xf4, 0x0, 0x0,
    0x5f, 0xf0, 0x0, 0x0, 0x0, 0xd, 0xff, 0xff,
    0x40, 0x0, 0x5f, 0xf0, 0x0, 0x0, 0x0, 0xd,
    0xff, 0xff, 0xf4, 0x0, 0x5f, 0xf0, 0x0, 0x0,
    0x0, 0xd, 0xff, 0xff, 0xff, 0x40, 0x5f, 0xf0,
    0x0, 0x0, 0x0, 0xd, 0xff, 0xff, 0xff, 0xf3,
    0x5f, 0xf0, 0x0, 0x0, 0x0, 0x9, 0xbb, 0xbb,
    0xbf, 0xf5, 0x5f, 0xf0, 0x0, 0x0, 0x0, 0x0,
    0x0, 0x0, 0xf, 0xf5, 0x5f, 0xf0, 0x0, 0x0,
    0x0, 0x0, 0x0, 0x0, 0xf, 0xf5, 0x5f, 0xf0,
    0x0, 0x0, 0x0, 0x0, 0x0, 0x0, 0xf, 0xf5,
    0x5f, 0xf0, 0x8, 0xcc, 0xcc, 0xcc, 0xcc, 0x80,
    0xf, 0xf5, 0x5f, 0xf0, 0xa, 0xff, 0xff, 0xff,
    0xff, 0xa0, 0xf, 0xf5, 0x5f, 0xf0, 0x5, 0x88,
    0x88, 0x88, 0x88, 0x50, 0xf, 0xf5, 0x5f, 0xf0,
    0x0, 0x0, 0x0, 0x0, 0x0, 0x0, 0xf, 0xf5,
    0x5f, 0xf0, 0x1, 0x11, 0x11, 0x11, 0x11, 0x10,
    0xf, 0xf5, 0x5f, 0xf0, 0xa, 0xff, 0xff, 0xff,
    0xff, 0xa0, 0xf, 0xf5, 0x5f, 0xf0, 0xa, 0xff,
    0xff, 0xff, 0xff, 0xa0, 0xf, 0xf5, 0x5f, 0xf0,
    0x2, 0x33, 0x33, 0x33, 0x33, 0x20, 0xf, 0xf5,
    0x5f, 0xf0, 0x0, 0x0, 0x0, 0x0, 0x0, 0x0,
    0xf, 0xf5, 0x4f, 0xf7, 0x77, 0x77, 0x77, 0x77,
    0x77, 0x77, 0x7f, 0xf4, 0x1f, 0xff, 0xff, 0xff,
    0xff, 0xff, 0xff, 0xff, 0xff, 0xf1, 0x4, 0xce,
    0xee, 0xee, 0xee, 0xee, 0xee, 0xee, 0xec, 0x40,

    /* U+E876 "" */
    0x0, 0x0, 0x0, 0x0, 0x0, 0x0, 0x0, 0x0,
    0x0, 0x0, 0x0, 0x0, 0x0, 0x0, 0x0, 0x0,
    0x0, 0x0, 0xa, 0x60, 0x0, 0x0, 0x0, 0x0,
    0x0, 0x0, 0x0, 0x0, 0xaf, 0xf4, 0x0, 0x0,
    0x0, 0x0, 0x0, 0x0, 0x0, 0xa, 0xff, 0xa0,
    0x0, 0x0, 0x0, 0x0, 0x0, 0x0, 0x0, 0xaf,
    0xfa, 0x0, 0x0, 0x0, 0x0, 0x0, 0x0, 0x0,
    0xa, 0xff, 0xa0, 0x0, 0x0, 0x10, 0x0, 0x0,
    0x0, 0x0, 0xaf, 0xfa, 0x0, 0x0, 0xa, 0xd1,
    0x0, 0x0, 0x0, 0xa, 0xff, 0xa0, 0x0, 0x0,
    0x4f, 0xfd, 0x10, 0x0, 0x0, 0xaf, 0xfa, 0x0,
    0x0, 0x0, 0x5, 0xff, 0xd1, 0x0, 0xa, 0xff,
    0xa0, 0x0, 0x0, 0x0, 0x0, 0x5f, 0xfd, 0x10,
    0xaf, 0xfa, 0x0, 0x0, 0x0, 0x0, 0x0, 0x5,
    0xff, 0xdb, 0xff, 0xa0, 0x0, 0x0, 0x0, 0x0,
    0x0, 0x0, 0x5f, 0xff, 0xfa, 0x0, 0x0, 0x0,
    0x0, 0x0, 0x0, 0x0, 0x5, 0xff, 0xa0, 0x0,
    0x0, 0x0, 0x0, 0x0, 0x0, 0x0, 0x0, 0x59,
    0x0, 0x0, 0x0, 0x0, 0x0, 0x0,

    /* U+E879 "" */
    0x0, 0x46, 0x66, 0x66, 0x66, 0x66, 0x66, 0x66,
    0x66, 0x64, 0x0, 0xc, 0xff, 0xff, 0xff, 0xff,
    0xff, 0xff, 0xff, 0xff, 0xff, 0xc0, 0x5f, 0xff,
    0xff, 0xff, 0xff, 0xff, 0xff, 0xff, 0xff, 0xff,
    0xf5, 0x6f, 0xe0, 0x0, 0x0, 0x0, 0x0, 0x0,
    0x0, 0x0, 0xe, 0xf6, 0x6f, 0xe0, 0x0, 0x0,
    0x0, 0x0, 0x0, 0x0, 0x0, 0xe, 0xf6, 0x6f,
    0xe0, 0x0, 0x0, 0x16, 0x0, 0x0, 0x0, 0x0,
    0xe, 0xf6, 0x6f, 0xe0, 0x0, 0x1, 0xdf, 0x70,
    0x0, 0x0, 0x0, 0xe, 0xf6, 0x4a, 0x90, 0x0,
    0x0, 0xcf, 0xf7, 0x0, 0x0, 0x0, 0xe, 0xf6,
    0x0, 0x0, 0x0, 0x0, 0xb, 0xff, 0x80, 0x0,
    0x0, 0xe, 0xf6, 0x12, 0x22, 0x22, 0x22, 0x23,
    0xdf, 0xf8, 0x0, 0x0, 0xe, 0xf6, 0x6f, 0xff,
    0xff, 0xff, 0xff, 0xff, 0xff, 0x80, 0x0, 0xe,
    0xf6, 0x6f, 0xff, 0xff, 0xff, 0xff, 0xff, 0xff,
    0x80, 0x0, 0xe, 0xf6, 0x12, 0x22, 0x22, 0x22,
    0x23, 0xdf, 0xf8, 0x0, 0x0, 0xe, 0xf6, 0x0,
    0x0, 0x0, 0x0, 0xb, 0xff, 0x80, 0x0, 0x0,
    0xe, 0xf6, 0x4a, 0x90, 0x0, 0x0, 0xcf, 0xf8,
    0x0, 0x0, 0x0, 0xe, 0xf6, 0x6f, 0xe0, 0x0,
    0x1, 0xcf, 0x70, 0x0, 0x0, 0x0, 0xe, 0xf6,
    0x6f, 0xe0, 0x0, 0x0, 0x16, 0x0, 0x0, 0x0,
    0x0, 0xe, 0xf6, 0x6f, 0xe0, 0x0, 0x0, 0x0,
    0x0, 0x0, 0x0, 0x0, 0xe, 0xf6, 0x6f, 0xe0,
    0x0, 0x0, 0x0, 0x0, 0x0, 0x0, 0x0, 0xe,
    0xf6, 0x5f, 0xff, 0xff, 0xff, 0xff, 0xff, 0xff,
    0xff, 0xff, 0xff, 0xf5, 0xc, 0xff, 0xff, 0xff,
    0xff, 0xff, 0xff, 0xff, 0xff, 0xff, 0xc0, 0x0,
    0x46, 0x66, 0x66, 0x66, 0x66, 0x66, 0x66, 0x66,
    0x64, 0x0,

    /* U+E87A "" */
    0x0, 0x0, 0x0, 0x0, 0x3, 0x57, 0x65, 0x20,
    0x0, 0x0, 0x0, 0x0, 0x0, 0x0, 0x0, 0x19,
    0xef, 0xff, 0xff, 0xfd, 0x81, 0x0, 0x0, 0x0,
    0x0, 0x0, 0x8, 0xff, 0xff, 0xfe, 0xef, 0xff,
    0xfe, 0x60, 0x0, 0x0, 0x0, 0x1, 0xbf, 0xfe,
    0x83, 0x0, 0x0, 0x49, 0xff, 0xf9, 0x0, 0x0,
    0x0, 0xc, 0xff, 0x90, 0x0, 0x0, 0x0, 0x0,
    0x1b, 0xff, 0x90, 0x0, 0x0, 0x9f, 0xf7, 0x0,
    0x0, 0x0, 0x0, 0x0, 0x0, 0xaf, 0xf6, 0x0,
    0x3, 0xff, 0x80, 0x0, 0x0, 0x0, 0x0, 0x0,
    0x0, 0xb, 0xff, 0x10, 0xc, 0xfd, 0x0, 0x0,
    0x0, 0x0, 0x1, 0x5a, 0xd0, 0x1, 0xff, 0x90,
    0x1f, 0xf5, 0x0, 0x0, 0x0, 0x37, 0xcf, 0xff,
    0xb0, 0x0, 0x8f, 0xe0, 0x6f, 0xf0, 0x0, 0x0,
    0x1e, 0xff, 0xff, 0xff, 0x60, 0x0, 0x2f, 0xf3,
    0x9f, 0xb0, 0x0, 0x0, 0x6f, 0xe7, 0x8f, 0xff,
    0x20, 0x0, 0xe, 0xf6, 0xbf, 0xa0, 0x0, 0x0,
    0xaf, 0x50, 0x8, 0xfd, 0x0, 0x0, 0xd, 0xf8,
    0xbf, 0x90, 0x0, 0x0, 0xef, 0x30, 0x6, 0xf8,
    0x0, 0x0, 0xc, 0xf8, 0xaf, 0xb0, 0x0, 0x3,
    0xff, 0xc3, 0x4e, 0xf4, 0x0, 0x0, 0xe, 0xf7,
    0x8f, 0xe0, 0x0, 0x8, 0xff, 0xff, 0xff, 0xf0,
    0x0, 0x0, 0x1f, 0xf5, 0x3f, 0xf2, 0x0, 0xc,
    0xff, 0xff, 0xb7, 0x20, 0x0, 0x0, 0x5f, 0xf1,
    0xe, 0xfa, 0x0, 0x1f, 0xd9, 0x40, 0x0, 0x0,
    0x0, 0x0, 0xdf, 0xb0, 0x6, 0xff, 0x30, 0x12,
    0x0, 0x0, 0x0, 0x0, 0x0, 0x7, 0xff, 0x30,
    0x0, 0xdf, 0xe2, 0x0, 0x0, 0x0, 0x0, 0x0,
    0x0, 0x4f, 0xfa, 0x0, 0x0, 0x2f, 0xfe, 0x30,
    0x0, 0x0, 0x0, 0x0, 0x5, 0xff, 0xd1, 0x0,
    0x0, 0x4, 0xff, 0xf9, 0x10, 0x0, 0x0, 0x3,
    0xbf, 0xfe, 0x20, 0x0, 0x0, 0x0, 0x2d, 0xff,
    0xfc, 0x98, 0x8a, 0xdf, 0xff, 0xc1, 0x0, 0x0,
    0x0, 0x0, 0x0, 0x7e, 0xff, 0xff, 0xff, 0xff,
    0xe5, 0x0, 0x0, 0x0, 0x0, 0x0, 0x0, 0x0,
    0x49, 0xbd, 0xcb, 0x83, 0x0, 0x0, 0x0, 0x0,

    /* U+E880 "" */
    0x0, 0x57, 0x77, 0x77, 0x77, 0x77, 0x74, 0x0,
    0x0, 0x0, 0xc, 0xff, 0xff, 0xff, 0xff, 0xff,
    0xff, 0x40, 0x0, 0x0, 0x4f, 0xfe, 0xee, 0xee,
    0xee, 0xee, 0xff, 0xe2, 0x0, 0x0, 0x5f, 0xf0,
    0x0, 0x0, 0x0, 0x0, 0x3f, 0xfd, 0x10, 0x0,
    0x5f, 0xf0, 0x0, 0x0, 0x0, 0x0, 0x4, 0xff,
    0xc0, 0x0, 0x5f, 0xf0, 0x0, 0x0, 0x0, 0x0,
    0x0, 0x6f, 0xfa, 0x0, 0x5f, 0xf0, 0x0, 0x0,
    0x0, 0x0, 0x0, 0x8, 0xff, 0x80, 0x5f, 0xf0,
    0x0, 0x0, 0x0, 0x0, 0x0, 0x0, 0x9f, 0xf4,
    0x5f, 0xf0, 0x0, 0x0, 0x36, 0x62, 0x0, 0x0,
    0xf, 0xf5, 0x5f, 0xf0, 0x0, 0x1c, 0xff, 0xff,
    0xa0, 0x0, 0xf, 0xf5, 0x5f, 0xf0, 0x0, 0xdf,
    0xfe, 0xff, 0xfa, 0x0, 0xf, 0xf5, 0x5f, 0xf0,
    0x6, 0xff, 0x60, 0x9, 0xff, 0x30, 0xf, 0xf5,
    0x5f, 0xf0, 0xb, 0xfb, 0x0, 0x0, 0xef, 0x80,
    0xf, 0xf5, 0x5f, 0xf0, 0xb, 0xfa, 0x0, 0x0,
    0xdf, 0x80, 0xf, 0xf5, 0x5f, 0xf0, 0x9, 0xfe,
    0x10, 0x3, 0xff, 0x50, 0xf, 0xf5, 0x5f, 0xf0,
    0x2, 0xff, 0xe8, 0x9f, 0xff, 0x10, 0xf, 0xf5,
    0x5f, 0xf0, 0x0, 0x5f, 0xff, 0xff, 0xff, 0xd1,
    0xf, 0xf5, 0x5f, 0xf0, 0x0, 0x2, 0xad, 0xc8,
    0x7f, 0xfd, 0x1f, 0xf5, 0x5f, 0xf0, 0x0, 0x0,
    0x0, 0x0, 0x7, 0xff, 0xdf, 0xf5, 0x5f, 0xf0,
    0x0, 0x0, 0x0, 0x0, 0x0, 0x7f, 0xff, 0xf5,
    0x5f, 0xf0, 0x0, 0x0, 0x0, 0x0, 0x0, 0x7,
    0xff, 0xf5, 0x4f, 0xf7, 0x77, 0x77, 0x77, 0x77,
    0x72, 0x0, 0x8f, 0xf4, 0x1f, 0xff, 0xff, 0xff,
    0xff, 0xff, 0xfe, 0x20, 0x8, 0xf1, 0x4, 0xce,
    0xee, 0xee, 0xee, 0xee, 0xee, 0xc1, 0x0, 0x20,

    /* U+E888 "" */
    0x0, 0x0, 0x0, 0x0, 0x3, 0x57, 0x65, 0x20,
    0x0, 0x0, 0x0, 0x0, 0x0, 0x0, 0x0, 0x19,
    0xef, 0xff, 0xff, 0xfd, 0x81, 0x0, 0x0, 0x0,
    0x0, 0x0, 0x8, 0xff, 0xff, 0xfe, 0xef, 0xff,
    0xfe, 0x60, 0x0, 0x0, 0x0, 0x1, 0xbf, 0xfe,
    0x73, 0x0, 0x0, 0x39, 0xff, 0xf9, 0x0, 0x0,
    0x0, 0xc, 0xff, 0x90, 0x0, 0x0, 0x0, 0x0,
    0x1b, 0xff, 0x90, 0x0, 0x0, 0x9f, 0xf6, 0x0,
    0x0, 0x0, 0x0, 0x0, 0x0, 0x9f, 0xf6, 0x0,
    0x3, 0xff, 0x80, 0x5, 0x0, 0x0, 0x0, 0x2,
    0x40, 0xb, 0xff, 0x10, 0xc, 0xfd, 0x0, 0x6f,
    0xc0, 0x0, 0x0, 0x2e, 0xf4, 0x1, 0xff, 0x90,
    0x1f, 0xf5, 0x0, 0x6f, 0xfc, 0x0, 0x2, 0xef,
    0xf4, 0x0, 0x8f, 0xe0, 0x6f, 0xf0, 0x0, 0x6,
    0xff, 0xc0, 0x2e, 0xff, 0x40, 0x0, 0x2f, 0xf3,
    0x9f, 0xb0, 0x0, 0x0, 0x6f, 0xfc, 0xef, 0xf4,
    0x0, 0x0, 0xe, 0xf6, 0xbf, 0xa0, 0x0, 0x0,
    0x6, 0xff, 0xff, 0x40, 0x0, 0x0, 0xd, 0xf8,
    0xbf, 0x90, 0x0, 0x0, 0x2, 0xef, 0xfd, 0x0,
    0x0, 0x0, 0xc, 0xf8, 0xaf, 0xb0, 0x0, 0x0,
    0x2e, 0xff, 0xff, 0xc0, 0x0, 0x0, 0xe, 0xf7,
    0x8f, 0xd0, 0x0, 0x2, 0xef, 0xf4, 0x6f, 0xfc,
    0x0, 0x0, 0x1f, 0xf5, 0x3f, 0xf2, 0x0, 0x2e,
    0xff, 0x40, 0x6, 0xff, 0xc0, 0x0, 0x5f, 0xf1,
    0xe, 0xfa, 0x0, 0xaf, 0xf4, 0x0, 0x0, 0x6f,
    0xf7, 0x0, 0xdf, 0xb0, 0x6, 0xff, 0x30, 0xb,
    0x40, 0x0, 0x0, 0x6, 0x90, 0x6, 0xff, 0x30,
    0x0, 0xdf, 0xe1, 0x0, 0x0, 0x0, 0x0, 0x0,
    0x0, 0x4f, 0xfa, 0x0, 0x0, 0x2f, 0xfe, 0x30,
    0x0, 0x0, 0x0, 0x0, 0x5, 0xff, 0xd1, 0x0,
    0x0, 0x4, 0xff, 0xf9, 0x10, 0x0, 0x0, 0x2,
    0xbf, 0xfe, 0x20, 0x0, 0x0, 0x0, 0x2d, 0xff,
    0xfc, 0x98, 0x8a, 0xdf, 0xff, 0xc1, 0x0, 0x0,
    0x0, 0x0, 0x0, 0x7e, 0xff, 0xff, 0xff, 0xff,
    0xe5, 0x0, 0x0, 0x0, 0x0, 0x0, 0x0, 0x0,
    0x49, 0xbd, 0xcb, 0x83, 0x0, 0x0, 0x0, 0x0,

    /* U+E88B "" */
    0x7, 0x77, 0x77, 0x77, 0x77, 0x77, 0x77, 0x77,
    0x77, 0x73, 0x1f, 0xff, 0xff, 0xff, 0xff, 0xff,
    0xff, 0xff, 0xff, 0xf8, 0x1e, 0xef, 0xff, 0xee,
    0xee, 0xee, 0xee, 0xef, 0xfe, 0xe7, 0x0, 0xc,
    0xf9, 0x0, 0x0, 0x0, 0x0, 0x1f, 0xf3, 0x0,
    0x0, 0xc, 0xf9, 0x0, 0x0, 0x0, 0x0, 0x1f,
    0xf3, 0x0, 0x0, 0xc, 0xf9, 0x0, 0x0, 0x0,
    0x0, 0x1f, 0xf3, 0x0, 0x0, 0xc, 0xf9, 0x0,
    0x0, 0x0, 0x0, 0x2f, 0xf3, 0x0, 0x0, 0xa,
    0xfb, 0x0, 0x0, 0x0, 0x0, 0x4f, 0xf1, 0x0,
    0x0, 0x6, 0xff, 0x20, 0x0, 0x0, 0x0, 0xbf,
    0xc0, 0x0, 0x0, 0x0, 0xef, 0xd1, 0x0, 0x0,
    0x8, 0xff, 0x60, 0x0, 0x0, 0x0, 0x4f, 0xfe,
    0x83, 0x35, 0xcf, 0xfb, 0x0, 0x0, 0x0, 0x0,
    0x4, 0xff, 0xff, 0xff, 0xff, 0xa0, 0x0, 0x0,
    0x0, 0x0, 0x4, 0xff, 0xff, 0xff, 0xff, 0xa0,
    0x0, 0x0, 0x0, 0x0, 0x3f, 0xff, 0x84, 0x35,
    0xcf, 0xfa, 0x0, 0x0, 0x0, 0x0, 0xdf, 0xe2,
    0x0, 0x0, 0x9, 0xff, 0x50, 0x0, 0x0, 0x5,
    0xff, 0x40, 0x0, 0x0, 0x0, 0xcf, 0xb0, 0x0,
    0x0, 0x9, 0xfc, 0x0, 0x0, 0x0, 0x0, 0x5f,
    0xf0, 0x0, 0x0, 0xb, 0xf9, 0x0, 0x0, 0x0,
    0x0, 0x2f, 0xf2, 0x0, 0x0, 0xc, 0xf9, 0x0,
    0x0, 0x0, 0x0, 0x1f, 0xf3, 0x0, 0x0, 0xc,
    0xf9, 0x0, 0x0, 0x0, 0x0, 0x1f, 0xf3, 0x0,
    0x0, 0xc, 0xf9, 0x0, 0x0, 0x0, 0x0, 0x1f,
    0xf3, 0x0, 0x7, 0x7e, 0xfc, 0x77, 0x77, 0x77,
    0x77, 0x8f, 0xf9, 0x73, 0x1f, 0xff, 0xff, 0xff,
    0xff, 0xff, 0xff, 0xff, 0xff, 0xf8, 0x1e, 0xee,
    0xee, 0xee, 0xee, 0xee, 0xee, 0xee, 0xee, 0xe7,

    /* U+E88E "" */
    0x0, 0x0, 0x0, 0x0, 0x3, 0x57, 0x65, 0x20,
    0x0, 0x0, 0x0, 0x0, 0x0, 0x0, 0x0, 0x19,
    0xef, 0xff, 0xff, 0xfd, 0x81, 0x0, 0x0, 0x0,
    0x0, 0x0, 0x8, 0xff, 0xff, 0xfe, 0xef, 0xff,
    0xfe, 0x60, 0x0, 0x0, 0x0, 0x1, 0xbf, 0xfe,
    0x73, 0x0, 0x0, 0x39, 0xff, 0xf9, 0x0, 0x0,
    0x0, 0xc, 0xff, 0x90, 0x0, 0x0, 0x0, 0x0,
    0x1b, 0xff, 0x90, 0x0, 0x0, 0x9f, 0xf6, 0x0,
    0x0, 0x0, 0x0, 0x0, 0x0, 0x9f, 0xf6, 0x0,
    0x3, 0xff, 0x80, 0x0, 0x0, 0x8, 0x60, 0x0,
    0x0, 0xb, 0xff, 0x10, 0xc, 0xfd, 0x0, 0x0,
    0x0, 0x3f, 0xf0, 0x0, 0x0, 0x1, 0xff, 0x90,
    0x1f, 0xf5, 0x0, 0x0, 0x0, 0x8, 0x60, 0x0,
    0x0, 0x0, 0x8f, 0xe0, 0x6f, 0xf0, 0x0, 0x0,
    0x0, 0x0, 0x0, 0x0, 0x0, 0x0, 0x2f, 0xf3,
    0x9f, 0xb0, 0x0, 0x0, 0x0, 0x0, 0x0, 0x0,
    0x0, 0x0, 0xe, 0xf6, 0xbf, 0xa0, 0x0, 0x0,
    0x0, 0x4f, 0xf1, 0x0, 0x0, 0x0, 0xd, 0xf8,
    0xbf, 0x90, 0x0, 0x0, 0x0, 0x4f, 0xf1, 0x0,
    0x0, 0x0, 0xc, 0xf8, 0xaf, 0xb0, 0x0, 0x0,
    0x0, 0x4f, 0xf1, 0x0, 0x0, 0x0, 0xe, 0xf7,
    0x8f, 0xd0, 0x0, 0x0, 0x0, 0x4f, 0xf1, 0x0,
    0x0, 0x0, 0x1f, 0xf5, 0x3f, 0xf2, 0x0, 0x0,
    0x0, 0x4f, 0xf1, 0x0, 0x0, 0x0, 0x5f, 0xf1,
    0xe, 0xfa, 0x0, 0x0, 0x0, 0x4f, 0xf1, 0x0,
    0x0, 0x0, 0xdf, 0xb0, 0x6, 0xff, 0x30, 0x0,
    0x0, 0x4f, 0xf1, 0x0, 0x0, 0x6, 0xff, 0x30,
    0x0, 0xdf, 0xe1, 0x0, 0x0, 0x0, 0x0, 0x0,
    0x0, 0x4f, 0xfa, 0x0, 0x0, 0x2f, 0xfe, 0x30,
    0x0, 0x0, 0x0, 0x0, 0x5, 0xff, 0xd1, 0x0,
    0x0, 0x4, 0xff, 0xf9, 0x10, 0x0, 0x0, 0x2,
    0xbf, 0xfe, 0x20, 0x0, 0x0, 0x0, 0x2d, 0xff,
    0xfc, 0x98, 0x8a, 0xdf, 0xff, 0xc1, 0x0, 0x0,
    0x0, 0x0, 0x0, 0x7e, 0xff, 0xff, 0xff, 0xff,
    0xe5, 0x0, 0x0, 0x0, 0x0, 0x0, 0x0, 0x0,
    0x49, 0xbd, 0xcb, 0x83, 0x0, 0x0, 0x0, 0x0,

    /* U+E898 "" */
    0x0, 0x0, 0x0, 0x4, 0xac, 0xda, 0x40, 0x0,
    0x0, 0x0, 0x0, 0x0, 0x0, 0x9f, 0xff, 0xff,
    0xfa, 0x0, 0x0, 0x0, 0x0, 0x0, 0x9, 0xff,
    0xd8, 0x8c, 0xff, 0xa0, 0x0, 0x0, 0x0, 0x0,
    0x3f, 0xf9, 0x0, 0x0, 0x8f, 0xf4, 0x0, 0x0,
    0x0, 0x0, 0x9f, 0xd0, 0x0, 0x0, 0xc, 0xfa,
    0x0, 0x0, 0x0, 0x0, 0xcf, 0x90, 0x0, 0x0,
    0x7, 0xfd, 0x0, 0x0, 0x0, 0x0, 0x11, 0x0,
    0x0, 0x0, 0x6, 0xfe, 0x0, 0x0, 0x0, 0x0,
    0x0, 0x0, 0x0, 0x0, 0x6, 0xfe, 0x0, 0x0,
    0x0, 0x57, 0x77, 0x77, 0x77, 0x77, 0x7a, 0xff,
    0x75, 0x0, 0xc, 0xff, 0xff, 0xff, 0xff, 0xff,
    0xff, 0xff, 0xff, 0xc0, 0x4f, 0xfe, 0xee, 0xee,
    0xee, 0xee, 0xee, 0xee, 0xef, 0xf4, 0x5f, 0xf0,
    0x0, 0x0, 0x0, 0x0, 0x0, 0x0, 0xf, 0xf5,
    0x5f, 0xf0, 0x0, 0x0, 0x0, 0x0, 0x0, 0x0,
    0xf, 0xf5, 0x5f, 0xf0, 0x0, 0x0, 0x0, 0x0,
    0x0, 0x0, 0xf, 0xf5, 0x5f, 0xf0, 0x0, 0x0,
    0x18, 0x81, 0x0, 0x0, 0xf, 0xf5, 0x5f, 0xf0,
    0x0, 0x0, 0xef, 0xfd, 0x0, 0x0, 0xf, 0xf5,
    0x5f, 0xf0, 0x0, 0x4, 0xff, 0xff, 0x40, 0x0,
    0xf, 0xf5, 0x5f, 0xf0, 0x0, 0x2, 0xff, 0xff,
    0x20, 0x0, 0xf, 0xf5, 0x5f, 0xf0, 0x0, 0x0,
    0x6f, 0xf6, 0x0, 0x0, 0xf, 0xf5, 0x5f, 0xf0,
    0x0, 0x0, 0x0, 0x0, 0x0, 0x0, 0xf, 0xf5,
    0x5f, 0xf0, 0x0, 0x0, 0x0, 0x0, 0x0, 0x0,
    0xf, 0xf5, 0x5f, 0xf0, 0x0, 0x0, 0x0, 0x0,
    0x0, 0x0, 0xf, 0xf5, 0x4f, 0xf7, 0x77, 0x77,
    0x77, 0x77, 0x77, 0x77, 0x7f, 0xf4, 0x1f, 0xff,
    0xff, 0xff, 0xff, 0xff, 0xff, 0xff, 0xff, 0xf1,
    0x4, 0xce, 0xee, 0xee, 0xee, 0xee, 0xee, 0xee,
    0xec, 0x40,

    /* U+E899 "" */
    0x0, 0x0, 0x0, 0x4, 0xac, 0xca, 0x40, 0x0,
    0x0, 0x0, 0x0, 0x0, 0x0, 0xaf, 0xff, 0xff,
    0xfa, 0x0, 0x0, 0x0, 0x0, 0x0, 0xa, 0xff,
    0xd8, 0x8d, 0xff, 0xa0, 0x0, 0x0, 0x0, 0x0,
    0x4f, 0xf8, 0x0, 0x0, 0x8f, 0xf4, 0x0, 0x0,
    0x0, 0x0, 0xaf, 0xc0, 0x0, 0x0, 0xc, 0xfa,
    0x0, 0x0, 0x0, 0x0, 0xdf, 0x70, 0x0, 0x0,
    0x7, 0xfd, 0x0, 0x0, 0x0, 0x0, 0xef, 0x60,
    0x0, 0x0, 0x6, 0xfe, 0x0, 0x0, 0x0, 0x0,
    0xef, 0x60, 0x0, 0x0, 0x6, 0xfe, 0x0, 0x0,
    0x0, 0x57, 0xff, 0xa7, 0x77, 0x77, 0x7a, 0xff,
    0x75, 0x0, 0xc, 0xff, 0xff, 0xff, 0xff, 0xff,
    0xff, 0xff, 0xff, 0xc0, 0x4f, 0xfe, 0xee, 0xee,
    0xee, 0xee, 0xee, 0xee, 0xef, 0xf4, 0x5f, 0xf0,
    0x0, 0x0, 0x0, 0x0, 0x0, 0x0, 0xf, 0xf5,
    0x5f, 0xf0, 0x0, 0x0, 0x0, 0x0, 0x0, 0x0,
    0xf, 0xf5, 0x5f, 0xf0, 0x0, 0x0, 0x0, 0x0,
    0x0, 0x0, 0xf, 0xf5, 0x5f, 0xf0, 0x0, 0x0,
    0x18, 0x81, 0x0, 0x0, 0xf, 0xf5, 0x5f, 0xf0,
    0x0, 0x0, 0xef, 0xfd, 0x0, 0x0, 0xf, 0xf5,
    0x5f, 0xf0, 0x0, 0x4, 0xff, 0xff, 0x40, 0x0,
    0xf, 0xf5, 0x5f, 0xf0, 0x0, 0x2, 0xff, 0xff,
    0x20, 0x0, 0xf, 0xf5, 0x5f, 0xf0, 0x0, 0x0,
    0x6f, 0xf6, 0x0, 0x0, 0xf, 0xf5, 0x5f, 0xf0,
    0x0, 0x0, 0x0, 0x0, 0x0, 0x0, 0xf, 0xf5,
    0x5f, 0xf0, 0x0, 0x0, 0x0, 0x0, 0x0, 0x0,
    0xf, 0xf5, 0x5f, 0xf0, 0x0, 0x0, 0x0, 0x0,
    0x0, 0x0, 0xf, 0xf5, 0x4f, 0xf7, 0x77, 0x77,
    0x77, 0x77, 0x77, 0x77, 0x7f, 0xf4, 0x1f, 0xff,
    0xff, 0xff, 0xff, 0xff, 0xff, 0xff, 0xff, 0xf1,
    0x4, 0xce, 0xee, 0xee, 0xee, 0xee, 0xee, 0xee,
    0xec, 0x40,

    /* U+E89E "" */
    0x0, 0x46, 0x66, 0x66, 0x66, 0x60, 0x4, 0x66,
    0x66, 0x66, 0x62, 0xc, 0xff, 0xff, 0xff, 0xff,
    0xf1, 0xc, 0xff, 0xff, 0xff, 0xf6, 0x5f, 0xff,
    0xff, 0xff, 0xff, 0xf1, 0xb, 0xff, 0xff, 0xff,
    0xf6, 0x6f, 0xe0, 0x0, 0x0, 0x0, 0x0, 0x0,
    0x0, 0x3e, 0xff, 0xf6, 0x6f, 0xe0, 0x0, 0x0,
    0x0, 0x0, 0x0, 0x3, 0xef, 0xff, 0xf6, 0x6f,
    0xe0, 0x0, 0x0, 0x0, 0x0, 0x0, 0x3e, 0xff,
    0x3e, 0xf6, 0x6f, 0xe0, 0x0, 0x0, 0x0, 0x0,
    0x3, 0xef, 0xf3, 0xe, 0xf6, 0x6f, 0xe0, 0x0,
    0x0, 0x0, 0x0, 0x3e, 0xfe, 0x30, 0xe, 0xf6,
    0x6f, 0xe0, 0x0, 0x0, 0x0, 0x3, 0xef, 0xe3,
    0x0, 0xb, 0xc5, 0x6f, 0xe0, 0x0, 0x0, 0x0,
    0x3e, 0xfe, 0x30, 0x0, 0x0, 0x0, 0x6f, 0xe0,
    0x0, 0x0, 0x3, 0xef, 0xe3, 0x0, 0x0, 0x1,
    0x20, 0x6f, 0xe0, 0x0, 0x0, 0x3f, 0xfe, 0x20,
    0x0, 0x0, 0xe, 0xf6, 0x6f, 0xe0, 0x0, 0x3,
    0xff, 0xe2, 0x0, 0x0, 0x0, 0xe, 0xf6, 0x6f,
    0xe0, 0x0, 0xe, 0xfe, 0x20, 0x0, 0x0, 0x0,
    0xe, 0xf6, 0x6f, 0xe0, 0x0, 0x5, 0xe2, 0x0,
    0x0, 0x0, 0x0, 0xe, 0xf6, 0x6f, 0xe0, 0x0,
    0x0, 0x0, 0x0, 0x0, 0x0, 0x0, 0xe, 0xf6,
    0x6f, 0xe0, 0x0, 0x0, 0x0, 0x0, 0x0, 0x0,
    0x0, 0xe, 0xf6, 0x6f, 0xe0, 0x0, 0x0, 0x0,
    0x0, 0x0, 0x0, 0x0, 0xe, 0xf6, 0x6f, 0xe0,
    0x0, 0x0, 0x0, 0x0, 0x0, 0x0, 0x0, 0xe,
    0xf6, 0x5f, 0xff, 0xff, 0xff, 0xff, 0xff, 0xff,
    0xff, 0xff, 0xff, 0xf5, 0xc, 0xff, 0xff, 0xff,
    0xff, 0xff, 0xff, 0xff, 0xff, 0xff, 0xc0, 0x0,
    0x46, 0x66, 0x66, 0x66, 0x66, 0x66, 0x66, 0x66,
    0x64, 0x0,

    /* U+E8B8 "" */
    0x0, 0x0, 0x0, 0x0, 0x17, 0x77, 0x77, 0x72,
    0x0, 0x0, 0x0, 0x0, 0x0, 0x0, 0x0, 0x0,
    0x5f, 0xff, 0xff, 0xf5, 0x0, 0x0, 0x0, 0x0,
    0x0, 0x0, 0x0, 0x0, 0x7f, 0xfe, 0xef, 0xf7,
    0x0, 0x0, 0x0, 0x0, 0x0, 0x2, 0x0, 0x0,
    0x9f, 0xc0, 0xb, 0xf9, 0x0, 0x0, 0x20, 0x0,
    0x0, 0x1f, 0xe8, 0x14, 0xef, 0xa0, 0x9, 0xfe,
    0x41, 0x8e, 0xf1, 0x0, 0x0, 0x9f, 0xff, 0xff,
    0xff, 0x80, 0x7, 0xff, 0xff, 0xff, 0xfa, 0x0,
    0x3, 0xff, 0xcf, 0xff, 0xd6, 0x0, 0x0, 0x5d,
    0xff, 0xfc, 0xff, 0x30, 0xc, 0xfe, 0x0, 0x69,
    0x0, 0x0, 0x0, 0x0, 0x97, 0x10, 0xdf, 0xc0,
    0x5f, 0xf8, 0x0, 0x0, 0x1, 0x8c, 0xd9, 0x10,
    0x0, 0x0, 0x8f, 0xf6, 0x5f, 0xff, 0x90, 0x0,
    0x1d, 0xff, 0xff, 0xe2, 0x0, 0x8, 0xff, 0xf5,
    0x2, 0xdf, 0xfa, 0x0, 0xaf, 0xff, 0xff, 0xfc,
    0x0, 0xaf, 0xfd, 0x20, 0x0, 0xd, 0xf9, 0x0,
    0xff, 0xff, 0xff, 0xff, 0x10, 0x9f, 0xd0, 0x0,
    0x0, 0xc, 0xf9, 0x0, 0xff, 0xff, 0xff, 0xff,
    0x20, 0x8f, 0xc0, 0x0, 0x0, 0x6f, 0xfb, 0x0,
    0xdf, 0xff, 0xff, 0xff, 0x0, 0xaf, 0xf6, 0x0,
    0xa, 0xff, 0xe4, 0x0, 0x5f, 0xff, 0xff, 0xf7,
    0x0, 0x3e, 0xff, 0xa0, 0x8f, 0xfc, 0x10, 0x0,
    0x6, 0xff, 0xff, 0x70, 0x0, 0x1, 0xbf, 0xf8,
    0x1f, 0xfa, 0x0, 0x2, 0x0, 0x3, 0x41, 0x0,
    0x20, 0x0, 0xaf, 0xf1, 0x7, 0xff, 0x59, 0xff,
    0x70, 0x0, 0x0, 0x6, 0xff, 0x95, 0xff, 0x70,
    0x0, 0xdf, 0xff, 0xff, 0xfe, 0x50, 0x4, 0xef,
    0xff, 0xff, 0xfd, 0x0, 0x0, 0x4f, 0xfe, 0x8b,
    0xff, 0x90, 0x9, 0xff, 0xb8, 0xef, 0xf4, 0x0,
    0x0, 0x9, 0x60, 0x0, 0xaf, 0xb0, 0xb, 0xfb,
    0x0, 0x6, 0x90, 0x0, 0x0, 0x0, 0x0, 0x0,
    0x8f, 0xe7, 0x7e, 0xf8, 0x0, 0x0, 0x0, 0x0,
    0x0, 0x0, 0x0, 0x0, 0x6f, 0xff, 0xff, 0xf6,
    0x0, 0x0, 0x0, 0x0, 0x0, 0x0, 0x0, 0x0,
    0x3e, 0xee, 0xee, 0xe4, 0x0, 0x0, 0x0, 0x0,

    /* U+E8D8 "" */
    0x1, 0x45, 0x55, 0x55, 0x55, 0x55, 0x55, 0x55,
    0x55, 0x55, 0x53, 0x0, 0x4f, 0xff, 0xff, 0xff,
    0xff, 0xff, 0xff, 0xff, 0xff, 0xff, 0xff, 0xc0,
    0xcf, 0xff, 0xff, 0xff, 0xff, 0xff, 0xff, 0xff,
    0xff, 0xff, 0xff, 0xf5, 0xef, 0x70, 0x0, 0x0,
    0x0, 0x0, 0x1f, 0xff, 0xff, 0xff, 0xff, 0xf6,
    0xef, 0x70, 0x0, 0x0, 0x0, 0x0, 0x1f, 0xff,
    0xff, 0xff, 0xff, 0xf6, 0xef, 0x70, 0x0, 0x0,
    0x0, 0x0, 0x1f, 0xff, 0xff, 0xff, 0xff, 0xf6,
    0xef, 0x70, 0x0, 0x0, 0x0, 0x0, 0x1f, 0xff,
    0xff, 0xff, 0xff, 0xf6, 0xef, 0x70, 0x0, 0x0,
    0x0, 0x0, 0xa, 0xaa, 0xaa, 0xaa, 0xaf, 0xf6,
    0xef, 0x70, 0x0, 0x0, 0x0, 0x0, 0x0, 0x0,
    0x0, 0x0, 0xe, 0xf6, 0xef, 0x70, 0x0, 0x0,
    0x0, 0x0, 0x0, 0x0, 0x0, 0x0, 0xe, 0xf6,
    0xef, 0x70, 0x0, 0x0, 0x0, 0x0, 0x0, 0x0,
    0x0, 0x0, 0xe, 0xf6, 0xef, 0x70, 0x0, 0x0,
    0x0, 0x0, 0x0, 0x0, 0x0, 0x0, 0xe, 0xf6,
    0xef, 0x70, 0x0, 0x0, 0x0, 0x0, 0x0, 0x0,
    0x0, 0x0, 0xe, 0xf6, 0xef, 0x70, 0x0, 0x0,
    0x0, 0x0, 0x0, 0x0, 0x0, 0x0, 0xe, 0xf6,
    0xef, 0x70, 0x0, 0x0, 0x0, 0x0, 0x0, 0x0,
    0x0, 0x0, 0xe, 0xf6, 0xef, 0x70, 0x0, 0x0,
    0x0, 0x0, 0x0, 0x0, 0x0, 0x0, 0xe, 0xf6,
    0xef, 0x70, 0x0, 0x0, 0x0, 0x0, 0x0, 0x0,
    0x0, 0x0, 0xe, 0xf6, 0xcf, 0xff, 0xff, 0xff,
    0xff, 0xff, 0xff, 0xff, 0xff, 0xff, 0xff, 0xf5,
    0x4f, 0xff, 0xff, 0xff, 0xff, 0xff, 0xff, 0xff,
    0xff, 0xff, 0xff, 0xc0, 0x1, 0x45, 0x55, 0x55,
    0x55, 0x55, 0x55, 0x55, 0x55, 0x55, 0x53, 0x0,

    /* U+E8E7 "" */
    0x0, 0x35, 0x66, 0x66, 0x66, 0x66, 0x66, 0x53,
    0x0, 0x9, 0xff, 0xff, 0xff, 0xff, 0xff, 0xff,
    0xff, 0x90, 0x1f, 0xff, 0xff, 0xff, 0xff, 0xff,
    0xff, 0xff, 0xf1, 0x2f, 0xf2, 0x0, 0x0, 0x0,
    0x0, 0x0, 0x2f, 0xf2, 0x2f, 0xf2, 0x0, 0x0,
    0x0, 0x0, 0x0, 0x2f, 0xf2, 0x2f, 0xf2, 0x0,
    0x0, 0x0, 0x0, 0x0, 0x2f, 0xf2, 0x2f, 0xf2,
    0x0, 0x0, 0x0, 0x0, 0x0, 0x2f, 0xf2, 0x2f,
    0xf2, 0x0, 0x0, 0x0, 0x0, 0x0, 0x2f, 0xf2,
    0x2f, 0xf2, 0x0, 0x0, 0x0, 0x0, 0x0, 0x2f,
    0xf2, 0x2f, 0xf2, 0x0, 0x0, 0x0, 0x0, 0x0,
    0x2f, 0xf2, 0x2f, 0xf2, 0x0, 0x0, 0x0, 0x0,
    0x0, 0x2f, 0xf2, 0x2f, 0xf2, 0x0, 0x0, 0x0,
    0x0, 0x0, 0x2f, 0xf2, 0x2f, 0xf2, 0x0, 0x0,
    0x0, 0x0, 0x0, 0x2f, 0xf2, 0x2f, 0xf2, 0x0,
    0x0, 0x0, 0x0, 0x0, 0x2f, 0xf2, 0x2f, 0xf2,
    0x0, 0x0, 0x0, 0x0, 0x0, 0x2f, 0xf2, 0x2f,
    0xf2, 0x0, 0x0, 0x33, 0x0, 0x0, 0x2f, 0xf2,
    0x2f, 0xf2, 0x0, 0x5c, 0xff, 0xc5, 0x0, 0x2f,
    0xf2, 0x2f, 0xf4, 0x8e, 0xff, 0xff, 0xff, 0xe8,
    0x4f, 0xf2, 0x2f, 0xff, 0xff, 0xfc, 0x55, 0xcf,
    0xff, 0xff, 0xf2, 0x2f, 0xff, 0xfa, 0x30, 0x0,
    0x3, 0xaf, 0xff, 0xf2, 0x2f, 0xe7, 0x10, 0x0,
    0x0, 0x0, 0x1, 0x7e, 0xf2, 0x15, 0x0, 0x0,
    0x0, 0x0, 0x0, 0x0, 0x0, 0x51,

    /* U+E8FD "" */
    0x0, 0x0, 0x0, 0x0, 0x3, 0x57, 0x65, 0x20,
    0x0, 0x0, 0x0, 0x0, 0x0, 0x0, 0x0, 0x19,
    0xef, 0xff, 0xff, 0xfd, 0x81, 0x0, 0x0, 0x0,
    0x0, 0x0, 0x8, 0xff, 0xff, 0xfe, 0xef, 0xff,
    0xfe, 0x60, 0x0, 0x0, 0x0, 0x1, 0xbf, 0xfe,
    0x73, 0x0, 0x0, 0x39, 0xff, 0xf9, 0x0, 0x0,
    0x0, 0xc, 0xff, 0x90, 0x0, 0x0, 0x0, 0x0,
    0x1b, 0xff, 0x90, 0x0, 0x0, 0x9f, 0xf6, 0x0,
    0x1, 0x8b, 0xb9, 0x20, 0x0, 0x9f, 0xf6, 0x0,
    0x3, 0xff, 0x80, 0x0, 0x3f, 0xff, 0xff, 0xf5,
    0x0, 0xb, 0xff, 0x10, 0xc, 0xfd, 0x0, 0x0,
    0xdf, 0x90, 0x9, 0xfe, 0x0, 0x1, 0xff, 0x90,
    0x1f, 0xf5, 0x0, 0x0, 0x38, 0x0, 0x2, 0xff,
    0x0, 0x0, 0x8f, 0xe0, 0x6f, 0xf0, 0x0, 0x0,
    0x0, 0x0, 0x6, 0xfd, 0x0, 0x0, 0x2f, 0xf3,
    0x9f, 0xb0, 0x0, 0x0, 0x0, 0x0, 0x4f, 0xf5,
    0x0, 0x0, 0xe, 0xf6, 0xbf, 0xa0, 0x0, 0x0,
    0x0, 0x4, 0xff, 0x60, 0x0, 0x0, 0xd, 0xf8,
    0xbf, 0x90, 0x0, 0x0, 0x0, 0xe, 0xf8, 0x0,
    0x0, 0x0, 0xc, 0xf8, 0xaf, 0xb0, 0x0, 0x0,
    0x0, 0x2f, 0xf0, 0x0, 0x0, 0x0, 0xe, 0xf7,
    0x8f, 0xd0, 0x0, 0x0, 0x0, 0x17, 0x70, 0x0,
    0x0, 0x0, 0x1f, 0xf5, 0x3f, 0xf2, 0x0, 0x0,
    0x0, 0x0, 0x0, 0x0, 0x0, 0x0, 0x5f, 0xf1,
    0xe, 0xfa, 0x0, 0x0, 0x0, 0x2d, 0xb0, 0x0,
    0x0, 0x0, 0xdf, 0xb0, 0x6, 0xff, 0x30, 0x0,
    0x0, 0x9f, 0xf3, 0x0, 0x0, 0x6, 0xff, 0x30,
    0x0, 0xdf, 0xe1, 0x0, 0x0, 0x4f, 0xe1, 0x0,
    0x0, 0x4f, 0xfa, 0x0, 0x0, 0x2f, 0xfe, 0x30,
    0x0, 0x1, 0x0, 0x0, 0x5, 0xff, 0xd1, 0x0,
    0x0, 0x4, 0xff, 0xf9, 0x10, 0x0, 0x0, 0x2,
    0xbf, 0xfe, 0x20, 0x0, 0x0, 0x0, 0x2d, 0xff,
    0xfc, 0x98, 0x8a, 0xdf, 0xff, 0xc1, 0x0, 0x0,
    0x0, 0x0, 0x0, 0x7e, 0xff, 0xff, 0xff, 0xff,
    0xe5, 0x0, 0x0, 0x0, 0x0, 0x0, 0x0, 0x0,
    0x49, 0xbd, 0xcb, 0x83, 0x0, 0x0, 0x0, 0x0,

    /* U+E92E "" */
    0x0, 0x0, 0x0, 0x48, 0x88, 0x88, 0x84, 0x0,
    0x0, 0x0, 0x5, 0x55, 0x55, 0xaf, 0xff, 0xff,
    0xfa, 0x55, 0x55, 0x52, 0x1f, 0xff, 0xff, 0xff,
    0xff, 0xff, 0xff, 0xff, 0xff, 0xf8, 0x1f, 0xff,
    0xff, 0xff, 0xff, 0xff, 0xff, 0xff, 0xff, 0xf8,
    0x2, 0xff, 0x20, 0x0, 0x0, 0x0, 0x0, 0x1,
    0xff, 0x50, 0x2, 0xff, 0x20, 0x0, 0x0, 0x0,
    0x0, 0x1, 0xff, 0x50, 0x2, 0xff, 0x20, 0x5a,
    0x90, 0x9, 0xa5, 0x1, 0xff, 0x50, 0x2, 0xff,
    0x20, 0x7f, 0xd0, 0xd, 0xf7, 0x1, 0xff, 0x50,
    0x2, 0xff, 0x20, 0x7f, 0xd0, 0xd, 0xf7, 0x1,
    0xff, 0x50, 0x2, 0xff, 0x20, 0x7f, 0xd0, 0xd,
    0xf7, 0x1, 0xff, 0x50, 0x2, 0xff, 0x20, 0x7f,
    0xd0, 0xd, 0xf7, 0x1, 0xff, 0x50, 0x2, 0xff,
    0x20, 0x7f, 0xd0, 0xd, 0xf7, 0x1, 0xff, 0x50,
    0x2, 0xff, 0x20, 0x7f, 0xd0, 0xd, 0xf7, 0x1,
    0xff, 0x50, 0x2, 0xff, 0x20, 0x7f, 0xd0, 0xd,
    0xf7, 0x1, 0xff, 0x50, 0x2, 0xff, 0x20, 0x7f,
    0xd0, 0xd, 0xf7, 0x1, 0xff, 0x50, 0x2, 0xff,
    0x20, 0x7f, 0xd0, 0xd, 0xf7, 0x1, 0xff, 0x50,
    0x2, 0xff, 0x20, 0x5b, 0x90, 0x9, 0xb5, 0x1,
    0xff, 0x50, 0x2, 0xff, 0x20, 0x0, 0x0, 0x0,
    0x0, 0x1, 0xff, 0x50, 0x2, 0xff, 0x20, 0x0,
    0x0, 0x0, 0x0, 0x1, 0xff, 0x50, 0x1, 0xff,
    0xff, 0xff, 0xff, 0xff, 0xff, 0xff, 0xff, 0x40,
    0x0, 0x9f, 0xff, 0xff, 0xff, 0xff, 0xff, 0xff,
    0xfb, 0x0, 0x0, 0x3, 0x56, 0x66, 0x66, 0x66,
    0x66, 0x65, 0x40, 0x0,

    /* U+E935 "" */
    0x0, 0x0, 0x9a, 0x40, 0x0, 0x0, 0x0, 0x2,
    0xaa, 0x10, 0x0, 0x0, 0x0, 0xef, 0x60, 0x0,
    0x0, 0x0, 0x3, 0xff, 0x10, 0x0, 0x0, 0x35,
    0xff, 0x95, 0x55, 0x55, 0x55, 0x57, 0xff, 0x64,
    0x0, 0xb, 0xff, 0xff, 0xff, 0xff, 0xff, 0xff,
    0xff, 0xff, 0xff, 0xc0, 0x4f, 0xff, 0xff, 0xff,
    0xff, 0xff, 0xff, 0xff, 0xff, 0xff, 0xf4, 0x6f,
    0xe0, 0x0, 0x0, 0x0, 0x0, 0x0, 0x0, 0x0,
    0xe, 0xf6, 0x6f, 0xe0, 0x0, 0x0, 0x0, 0x0,
    0x0, 0x0, 0x0, 0xe, 0xf6, 0x6f, 0xf7, 0x77,
    0x77, 0x77, 0x77, 0x77, 0x77, 0x77, 0x7f, 0xf6,
    0x6f, 0xff, 0xff, 0xff, 0xff, 0xff, 0xff, 0xff,
    0xff, 0xff, 0xf6, 0x6f, 0xfe, 0xee, 0xee, 0xee,
    0xee, 0xee, 0xee, 0xee, 0xef, 0xf6, 0x6f, 0xe0,
    0x0, 0x0, 0x0, 0x0, 0x0, 0x0, 0x0, 0xe,
    0xf6, 0x6f, 0xe0, 0x0, 0x0, 0x0, 0x0, 0x0,
    0x0, 0x0, 0xe, 0xf6, 0x6f, 0xe0, 0x0, 0x0,
    0x0, 0x0, 0x0, 0x0, 0x0, 0xe, 0xf6, 0x6f,
    0xe0, 0x0, 0x0, 0x0, 0x0, 0x0, 0x0, 0x0,
    0xe, 0xf6, 0x6f, 0xe0, 0x0, 0x0, 0x0, 0x0,
    0x0, 0x0, 0x0, 0xe, 0xf6, 0x6f, 0xe0, 0x0,
    0x0, 0x0, 0x0, 0x0, 0x0, 0x0, 0xe, 0xf6,
    0x6f, 0xe0, 0x0, 0x0, 0x0, 0x0, 0x0, 0x0,
    0x0, 0xe, 0xf6, 0x6f, 0xe0, 0x0, 0x0, 0x0,
    0x0, 0x0, 0x0, 0x0, 0xe, 0xf6, 0x6f, 0xe0,
    0x0, 0x0, 0x0, 0x0, 0x0, 0x0, 0x0, 0xe,
    0xf6, 0x6f, 0xe0, 0x0, 0x0, 0x0, 0x0, 0x0,
    0x0, 0x0, 0xe, 0xf6, 0x6f, 0xe0, 0x0, 0x0,
    0x0, 0x0, 0x0, 0x0, 0x0, 0xe, 0xf6, 0x6f,
    0xf7, 0x77, 0x77, 0x77, 0x77, 0x77, 0x77, 0x77,
    0x7f, 0xf6, 0x2f, 0xff, 0xff, 0xff, 0xff, 0xff,
    0xff, 0xff, 0xff, 0xff, 0xf2, 0x5, 0xce, 0xee,
    0xee, 0xee, 0xee, 0xee, 0xee, 0xee, 0xec, 0x50,

    /* U+E990 "" */
    0x0, 0x0, 0x0, 0x0, 0x3, 0x57, 0x65, 0x20,
    0x0, 0x0, 0x0, 0x0, 0x0, 0x0, 0x0, 0x19,
    0xef, 0xff, 0xff, 0xfd, 0x81, 0x0, 0x0, 0x0,
    0x0, 0x0, 0x8, 0xff, 0xff, 0xfe, 0xef, 0xff,
    0xfe, 0x60, 0x0, 0x0, 0x0, 0x1, 0xbf, 0xfe,
    0x73, 0x0, 0x0, 0x39, 0xff, 0xf9, 0x0, 0x0,
    0x0, 0xc, 0xff, 0x90, 0x0, 0x0, 0x0, 0x0,
    0x1b, 0xff, 0x90, 0x0, 0x0, 0x9f, 0xf6, 0x0,
    0x0, 0x0, 0x0, 0x0, 0x0, 0x9f, 0xf6, 0x0,
    0x3, 0xff, 0x80, 0x0, 0x0, 0x2a, 0xa0, 0x0,
    0x0, 0xb, 0xff, 0x10, 0xc, 0xfd, 0x0, 0x0,
    0x0, 0x4f, 0xf1, 0x0, 0x0, 0x1, 0xff, 0x90,
    0x1f, 0xf5, 0x0, 0x0, 0x0, 0x4f, 0xf1, 0x0,
    0x0, 0x0, 0x8f, 0xe0, 0x6f, 0xf0, 0x0, 0x0,
    0x0, 0x4f, 0xf1, 0x0, 0x0, 0x0, 0x2f, 0xf3,
    0x9f, 0xb0, 0x0, 0x0, 0x0, 0x4f, 0xf1, 0x0,
    0x0, 0x0, 0xe, 0xf6, 0xbf, 0xa0, 0x0, 0xef,
    0xff, 0xff, 0xff, 0xff, 0xfb, 0x0, 0xd, 0xf8,
    0xbf, 0x90, 0x0, 0xef, 0xff, 0xff, 0xff, 0xff,
    0xfb, 0x0, 0xc, 0xf8, 0xaf, 0xb0, 0x0, 0x55,
    0x55, 0x8f, 0xf6, 0x55, 0x54, 0x0, 0xe, 0xf7,
    0x8f, 0xd0, 0x0, 0x0, 0x0, 0x4f, 0xf1, 0x0,
    0x0, 0x0, 0x1f, 0xf5, 0x3f, 0xf2, 0x0, 0x0,
    0x0, 0x4f, 0xf1, 0x0, 0x0, 0x0, 0x5f, 0xf1,
    0xe, 0xfa, 0x0, 0x0, 0x0, 0x4f, 0xf1, 0x0,
    0x0, 0x0, 0xdf, 0xb0, 0x6, 0xff, 0x30, 0x0,
    0x0, 0x4f, 0xf1, 0x0, 0x0, 0x6, 0xff, 0x30,
    0x0, 0xdf, 0xe1, 0x0, 0x0, 0x0, 0x0, 0x0,
    0x0, 0x4f, 0xfa, 0x0, 0x0, 0x2f, 0xfe, 0x30,
    0x0, 0x0, 0x0, 0x0, 0x5, 0xff, 0xd1, 0x0,
    0x0, 0x4, 0xff, 0xf9, 0x10, 0x0, 0x0, 0x2,
    0xbf, 0xfe, 0x20, 0x0, 0x0, 0x0, 0x2d, 0xff,
    0xfc, 0x98, 0x8a, 0xdf, 0xff, 0xc1, 0x0, 0x0,
    0x0, 0x0, 0x0, 0x7e, 0xff, 0xff, 0xff, 0xff,
    0xe5, 0x0, 0x0, 0x0, 0x0, 0x0, 0x0, 0x0,
    0x49, 0xbd, 0xcb, 0x83, 0x0, 0x0, 0x0, 0x0,

    /* U+E9B2 "" */
    0x0, 0x0, 0x0, 0x0, 0x4, 0x40, 0x0, 0x0,
    0x0, 0x0, 0x0, 0x0, 0x0, 0x0, 0x7f, 0xf7,
    0x0, 0x0, 0x0, 0x0, 0x0, 0x0, 0x0, 0x1b,
    0xff, 0xff, 0xb1, 0x0, 0x0, 0x0, 0x0, 0x0,
    0x4, 0xef, 0xfa, 0xaf, 0xfe, 0x40, 0x0, 0x0,
    0x0, 0x0, 0x7f, 0xff, 0x60, 0x6, 0xff, 0xf7,
    0x0, 0x0, 0x0, 0x1b, 0xff, 0xd3, 0x0, 0x0,
    0x3d, 0xff, 0xb1, 0x0, 0x4, 0xef, 0xfa, 0x0,
    0x0, 0x0, 0x0, 0xaf, 0xfe, 0x40, 0x3f, 0xff,
    0x60, 0x0, 0x0, 0x0, 0x0, 0x6, 0xff, 0xf3,
    0x5f, 0xf3, 0x0, 0x0, 0x0, 0x0, 0x0, 0x0,
    0x3f, 0xf5, 0x5f, 0xf0, 0x0, 0x0, 0x0, 0x0,
    0x0, 0x0, 0xf, 0xf5, 0x5f, 0xf0, 0x0, 0x0,
    0x0, 0x0, 0x0, 0x0, 0xf, 0xf5, 0x5f, 0xf0,
    0x0, 0x0, 0x0, 0x0, 0x0, 0x0, 0xf, 0xf5,
    0x5f, 0xf0, 0x0, 0x6f, 0xff, 0xff, 0xf6, 0x0,
    0xf, 0xf5, 0x5f, 0xf0, 0x0, 0x6f, 0xff, 0xff,
    0xf6, 0x0, 0xf, 0xf5, 0x5f, 0xf0, 0x0, 0x6f,
    0xf6, 0x6f, 0xf6, 0x0, 0xf, 0xf5, 0x5f, 0xf0,
    0x0, 0x6f, 0xe0, 0xe, 0xf6, 0x0, 0xf, 0xf5,
    0x5f, 0xf0, 0x0, 0x6f, 0xe0, 0xe, 0xf6, 0x0,
    0xf, 0xf5, 0x5f, 0xf0, 0x0, 0x6f, 0xe0, 0xe,
    0xf6, 0x0, 0xf, 0xf5, 0x5f, 0xf0, 0x0, 0x6f,
    0xe0, 0xe, 0xf6, 0x0, 0xf, 0xf5, 0x5f, 0xff,
    0xff, 0xff, 0xe0, 0xe, 0xff, 0xff, 0xff, 0xf5,
    0x5f, 0xff, 0xff, 0xff, 0xe0, 0xe, 0xff, 0xff,
    0xff, 0xf5, 0x16, 0x66, 0x66, 0x66, 0x50, 0x5,
    0x66, 0x66, 0x66, 0x61,

    /* U+E9BA "" */
    0x0, 0x46, 0x66, 0x66, 0x66, 0x60, 0x0, 0x0,
    0x0, 0x0, 0x0, 0xc, 0xff, 0xff, 0xff, 0xff,
    0xf1, 0x0, 0x0, 0x0, 0x0, 0x0, 0x5f, 0xff,
    0xff, 0xff, 0xff, 0xf1, 0x0, 0x0, 0x0, 0x0,
    0x0, 0x6f, 0xe0, 0x0, 0x0, 0x0, 0x0, 0x0,
    0x0, 0x0, 0x0, 0x0, 0x6f, 0xe0, 0x0, 0x0,
    0x0, 0x0, 0x0, 0x0, 0x0, 0x0, 0x0, 0x6f,
    0xe0, 0x0, 0x0, 0x0, 0x0, 0x0, 0x6, 0x20,
    0x0, 0x0, 0x6f, 0xe0, 0x0, 0x0, 0x0, 0x0,
    0x0, 0x7f, 0xe2, 0x0, 0x0, 0x6f, 0xe0, 0x0,
    0x0, 0x0, 0x0, 0x0, 0x4f, 0xfe, 0x20, 0x0,
    0x6f, 0xe0, 0x0, 0x0, 0x0, 0x0, 0x0, 0x4,
    0xff, 0xe2, 0x0, 0x6f, 0xe0, 0x0, 0x1, 0x22,
    0x22, 0x22, 0x22, 0x6f, 0xfe, 0x20, 0x6f, 0xe0,
    0x0, 0x6, 0xff, 0xff, 0xff, 0xff, 0xff, 0xff,
    0xe2, 0x6f, 0xe0, 0x0, 0x6, 0xff, 0xff, 0xff,
    0xff, 0xff, 0xff, 0xe2, 0x6f, 0xe0, 0x0, 0x1,
    0x22, 0x22, 0x22, 0x22, 0x6f, 0xfe, 0x20, 0x6f,
    0xe0, 0x0, 0x0, 0x0, 0x0, 0x0, 0x4, 0xff,
    0xe2, 0x0, 0x6f, 0xe0, 0x0, 0x0, 0x0, 0x0,
    0x0, 0x4f, 0xfe, 0x20, 0x0, 0x6f, 0xe0, 0x0,
    0x0, 0x0, 0x0, 0x0, 0x7f, 0xe2, 0x0, 0x0,
    0x6f, 0xe0, 0x0, 0x0, 0x0, 0x0, 0x0, 0x7,
    0x20, 0x0, 0x0, 0x6f, 0xe0, 0x0, 0x0, 0x0,
    0x0, 0x0, 0x0, 0x0, 0x0, 0x0, 0x6f, 0xe0,
    0x0, 0x0, 0x0, 0x0, 0x0, 0x0, 0x0, 0x0,
    0x0, 0x5f, 0xff, 0xff, 0xff, 0xff, 0xf1, 0x0,
    0x0, 0x0, 0x0, 0x0, 0xc, 0xff, 0xff, 0xff,
    0xff, 0xf1, 0x0, 0x0, 0x0, 0x0, 0x0, 0x0,
    0x46, 0x66, 0x66, 0x66, 0x60, 0x0, 0x0, 0x0,
    0x0, 0x0,

    /* U+E9E0 "" */
    0x0, 0x0, 0x0, 0x0, 0x17, 0x71, 0x0, 0x0,
    0x0, 0x0, 0x0, 0x0, 0x0, 0x5b, 0xff, 0xff,
    0xb5, 0x0, 0x0, 0x0, 0x0, 0x3, 0x9f, 0xff,
    0xff, 0xff, 0xff, 0xf9, 0x30, 0x0, 0x17, 0xdf,
    0xff, 0xfc, 0x60, 0x6, 0xcf, 0xff, 0xfd, 0x71,
    0x5f, 0xff, 0xd8, 0x20, 0x0, 0x0, 0x2, 0x8d,
    0xff, 0xf5, 0x5f, 0xf4, 0x0, 0x0, 0x0, 0x0,
    0x0, 0x0, 0x4f, 0xf5, 0x5f, 0xf0, 0x0, 0x0,
    0x0, 0x0, 0x0, 0x0, 0xf, 0xf5, 0x5f, 0xf0,
    0x0, 0x0, 0x0, 0x0, 0x0, 0x0, 0xf, 0xf5,
    0x5f, 0xf0, 0x0, 0x0, 0x0, 0x0, 0x0, 0x0,
    0xf, 0xf5, 0x5f, 0xf0, 0x0, 0x0, 0x0, 0x0,
    0x0, 0x0, 0xf, 0xf5, 0x5f, 0xf0, 0x0, 0x0,
    0x0, 0x0, 0x0, 0x0, 0xf, 0xf5, 0x4f, 0xf0,
    0x0, 0x0, 0x0, 0x0, 0x0, 0x0, 0xf, 0xf4,
    0x3f, 0xf1, 0x0, 0x0, 0x0, 0x0, 0x0, 0x0,
    0x1f, 0xf3, 0x1f, 0xf4, 0x0, 0x0, 0x0, 0x0,
    0x0, 0x0, 0x5f, 0xf1, 0xd, 0xf9, 0x0, 0x0,
    0x0, 0x0, 0x0, 0x0, 0x9f, 0xd0, 0x8, 0xfe,
    0x0, 0x0, 0x0, 0x0, 0x0, 0x0, 0xef, 0x80,
    0x2, 0xff, 0x70, 0x0, 0x0, 0x0, 0x0, 0x7,
    0xff, 0x20, 0x0, 0xaf, 0xf2, 0x0, 0x0, 0x0,
    0x0, 0x2f, 0xf9, 0x0, 0x0, 0x1e, 0xfd, 0x10,
    0x0, 0x0, 0x1, 0xdf, 0xe1, 0x0, 0x0, 0x4,
    0xff, 0xd1, 0x0, 0x0, 0x1d, 0xff, 0x40, 0x0,
    0x0, 0x0, 0x6f, 0xff, 0x60, 0x7, 0xff, 0xf6,
    0x0, 0x0, 0x0, 0x0, 0x5, 0xff, 0xff, 0xff,
    0xff, 0x50, 0x0, 0x0, 0x0, 0x0, 0x0, 0x2a,
    0xff, 0xff, 0xa2, 0x0, 0x0, 0x0, 0x0, 0x0,
    0x0, 0x0, 0x28, 0x72, 0x0, 0x0, 0x0, 0x0,

    /* U+EA07 "" */
    0x0, 0x0, 0x0, 0x0, 0x2, 0x46, 0x64, 0x20,
    0x0, 0x0, 0x0, 0x0, 0x0, 0x0, 0x0, 0x18,
    0xef, 0xff, 0xff, 0xfd, 0x70, 0x0, 0x0, 0x0,
    0x0, 0x0, 0x7, 0xff, 0xff, 0xff, 0xff, 0xff,
    0xfe, 0x50, 0x0, 0x0, 0x0, 0x0, 0xbf, 0xff,
    0xbf, 0xf9, 0xcf, 0xfb, 0xff, 0xf8, 0x0, 0x0,
    0x0, 0xb, 0xff, 0xa1, 0xaf, 0xe0, 0x2f, 0xf7,
    0x2c, 0xff, 0x90, 0x0, 0x0, 0x9f, 0xf7, 0x1,
    0xff, 0x70, 0xa, 0xfd, 0x0, 0xaf, 0xf6, 0x0,
    0x3, 0xff, 0x90, 0x6, 0xff, 0x10, 0x4, 0xff,
    0x30, 0xc, 0xfe, 0x10, 0xb, 0xff, 0x77, 0x7c,
    0xfe, 0x77, 0x77, 0xff, 0xb7, 0x79, 0xff, 0x80,
    0x1f, 0xff, 0xff, 0xff, 0xff, 0xff, 0xff, 0xff,
    0xff, 0xff, 0xff, 0xe0, 0x6f, 0xfe, 0xee, 0xef,
    0xfe, 0xee, 0xee, 0xef, 0xfe, 0xee, 0xef, 0xf3,
    0x9f, 0xc0, 0x0, 0x3f, 0xf1, 0x0, 0x0, 0x4f,
    0xf0, 0x0, 0xf, 0xf6, 0xbf, 0x90, 0x0, 0x5f,
    0xf0, 0x0, 0x0, 0x3f, 0xf2, 0x0, 0xd, 0xf8,
    0xbf, 0x90, 0x0, 0x5f, 0xf0, 0x0, 0x0, 0x2f,
    0xf2, 0x0, 0xc, 0xf8, 0xaf, 0xa0, 0x0, 0x4f,
    0xf0, 0x0, 0x0, 0x3f, 0xf1, 0x0, 0xd, 0xf7,
    0x8f, 0xe7, 0x77, 0x9f, 0xf8, 0x77, 0x77, 0xaf,
    0xf7, 0x77, 0x7f, 0xf5, 0x3f, 0xff, 0xff, 0xff,
    0xff, 0xff, 0xff, 0xff, 0xff, 0xff, 0xff, 0xf1,
    0xe, 0xff, 0xee, 0xef, 0xff, 0xee, 0xee, 0xff,
    0xfe, 0xee, 0xff, 0xb0, 0x7, 0xff, 0x40, 0x8,
    0xfe, 0x0, 0x1, 0xff, 0x50, 0x7, 0xff, 0x30,
    0x0, 0xdf, 0xe2, 0x3, 0xff, 0x40, 0x7, 0xff,
    0x0, 0x4f, 0xfb, 0x0, 0x0, 0x2f, 0xfe, 0x30,
    0xdf, 0xb0, 0xd, 0xfa, 0x5, 0xff, 0xd1, 0x0,
    0x0, 0x4, 0xff, 0xf9, 0x8f, 0xf4, 0x7f, 0xf6,
    0xaf, 0xfe, 0x20, 0x0, 0x0, 0x0, 0x3e, 0xff,
    0xff, 0xfe, 0xff, 0xff, 0xff, 0xc1, 0x0, 0x0,
    0x0, 0x0, 0x0, 0x7f, 0xff, 0xff, 0xff, 0xff,
    0xe6, 0x0, 0x0, 0x0, 0x0, 0x0, 0x0, 0x0,
    0x59, 0xcd, 0xdb, 0x94, 0x0, 0x0, 0x0, 0x0,

    /* U+EA0B "" */
    0x0, 0x0, 0x0, 0x0, 0x0, 0x1a, 0xa4, 0x0,
    0x0, 0x0, 0x0, 0x0, 0x0, 0x0, 0x0, 0xaf,
    0xf5, 0x0, 0x0, 0x0, 0x0, 0x0, 0x0, 0x0,
    0x5, 0xff, 0xf3, 0x0, 0x0, 0x0, 0x0, 0x0,
    0x0, 0x0, 0x1e, 0xff, 0xf1, 0x0, 0x0, 0x0,
    0x0, 0x0, 0x0, 0x0, 0xbf, 0xff, 0xf0, 0x0,
    0x0, 0x0, 0x0, 0x0, 0x0, 0x7, 0xff, 0xef,
    0xd0, 0x0, 0x0, 0x0, 0x0, 0x0, 0x0, 0x2f,
    0xfb, 0x9f, 0xb0, 0x0, 0x0, 0x0, 0x0, 0x0,
    0x0, 0xcf, 0xe1, 0xbf, 0x90, 0x0, 0x0, 0x0,
    0x0, 0x0, 0x8, 0xff, 0x50, 0xef, 0x70, 0x0,
    0x0, 0x0, 0x0, 0x0, 0x3f, 0xf9, 0x0, 0xff,
    0x95, 0x55, 0x55, 0x50, 0x0, 0x0, 0xdf, 0xd0,
    0x2, 0xff, 0xff, 0xff, 0xff, 0xa0, 0x0, 0xa,
    0xff, 0x30, 0x4, 0xff, 0xff, 0xff, 0xfc, 0x0,
    0x0, 0x5f, 0xf8, 0x0, 0x0, 0x0, 0x2, 0xef,
    0xd1, 0x0, 0x1, 0xef, 0xff, 0xff, 0xf1, 0x0,
    0x1d, 0xff, 0x20, 0x0, 0xb, 0xff, 0xff, 0xff,
    0xf0, 0x0, 0xcf, 0xf4, 0x0, 0x0, 0x16, 0x66,
    0x66, 0xbf, 0xd0, 0x9, 0xff, 0x60, 0x0, 0x0,
    0x0, 0x0, 0x0, 0xaf, 0xa0, 0x7f, 0xf9, 0x0,
    0x0, 0x0, 0x0, 0x0, 0x0, 0xcf, 0x85, 0xff,
    0xb0, 0x0, 0x0, 0x0, 0x0, 0x0, 0x0, 0xff,
    0x9f, 0xfd, 0x10, 0x0, 0x0, 0x0, 0x0, 0x0,
    0x1, 0xff, 0xff, 0xe2, 0x0, 0x0, 0x0, 0x0,
    0x0, 0x0, 0x3, 0xff, 0xff, 0x40, 0x0, 0x0,
    0x0, 0x0, 0x0, 0x0, 0x6, 0xff, 0xf6, 0x0,
    0x0, 0x0, 0x0, 0x0, 0x0, 0x0, 0x8, 0xff,
    0x80, 0x0, 0x0, 0x0, 0x0, 0x0, 0x0, 0x0,
    0x5, 0x87, 0x0, 0x0, 0x0, 0x0, 0x0, 0x0,

    /* U+EA12 "" */
    0x0, 0x4, 0x66, 0x66, 0x66, 0x66, 0x66, 0x66,
    0x66, 0x66, 0x50, 0x0, 0x0, 0xbf, 0xff, 0xff,
    0xff, 0xff, 0xff, 0xff, 0xff, 0xff, 0xfd, 0x0,
    0x4, 0xff, 0xff, 0xff, 0xff, 0xff, 0xff, 0xff,
    0xff, 0xff, 0xff, 0x70, 0x9, 0xfd, 0x0, 0xdf,
    0x80, 0x1f, 0xf4, 0x6, 0xff, 0x0, 0xbf, 0xc0,
    0xe, 0xf8, 0x0, 0xff, 0x60, 0x1f, 0xf4, 0x3,
    0xff, 0x20, 0x5f, 0xf1, 0x3f, 0xf3, 0x2, 0xff,
    0x30, 0x1f, 0xf4, 0x1, 0xff, 0x40, 0x1f, 0xf6,
    0x7f, 0xe0, 0x4, 0xff, 0x10, 0x1f, 0xf4, 0x0,
    0xef, 0x60, 0xb, 0xfa, 0x9f, 0xd0, 0x7, 0xff,
    0x0, 0x2f, 0xf5, 0x0, 0xef, 0x90, 0xa, 0xfb,
    0x5f, 0xf9, 0x6e, 0xff, 0xb6, 0xcf, 0xfd, 0x69,
    0xff, 0xf7, 0x7f, 0xf7, 0xb, 0xff, 0xff, 0xff,
    0xff, 0xff, 0xff, 0xff, 0xff, 0xff, 0xff, 0xd0,
    0x6, 0xff, 0xfb, 0x26, 0xdf, 0xd5, 0x3c, 0xfe,
    0x71, 0xaf, 0xff, 0x90, 0x6, 0xfe, 0x0, 0x0,
    0x0, 0x0, 0x0, 0x0, 0x0, 0x0, 0xcf, 0x90,
    0x6, 0xfe, 0x0, 0x0, 0x0, 0x0, 0x0, 0x0,
    0x0, 0x0, 0xcf, 0x90, 0x6, 0xfe, 0x0, 0x0,
    0x0, 0x0, 0x0, 0x0, 0x0, 0x0, 0xcf, 0x90,
    0x6, 0xfe, 0x0, 0x0, 0x0, 0x0, 0x0, 0x0,
    0x0, 0x0, 0xcf, 0x90, 0x6, 0xfe, 0x0, 0x0,
    0x0, 0x0, 0x0, 0x0, 0x0, 0x0, 0xcf, 0x90,
    0x6, 0xfe, 0x0, 0x0, 0x0, 0x0, 0x0, 0x0,
    0x0, 0x0, 0xcf, 0x90, 0x6, 0xfe, 0x0, 0x0,
    0x0, 0x0, 0x0, 0x0, 0x0, 0x0, 0xcf, 0x90,
    0x6, 0xfe, 0x0, 0x0, 0x0, 0x0, 0x0, 0x0,
    0x0, 0x0, 0xcf, 0x90, 0x5, 0xff, 0xff, 0xff,
    0xff, 0xff, 0xff, 0xff, 0xff, 0xff, 0xff, 0x70,
    0x0, 0xcf, 0xff, 0xff, 0xff, 0xff, 0xff, 0xff,
    0xff, 0xff, 0xfe, 0x10, 0x0, 0x4, 0x66, 0x66,
    0x66, 0x66, 0x66, 0x66, 0x66, 0x66, 0x50, 0x0,

    /* U+EA28 "" */
    0x0, 0x0, 0x1, 0x22, 0x22, 0x22, 0x22, 0x22,
    0x22, 0x10, 0x0, 0x0, 0x0, 0x3, 0xcf, 0xff,
    0xff, 0xff, 0xff, 0xff, 0xff, 0xfd, 0x50, 0x0,
    0x0, 0x3f, 0xff, 0xff, 0xff, 0xff, 0xff, 0xff,
    0xff, 0xff, 0xf6, 0x0, 0x0, 0xdf, 0xe6, 0x22,
    0x22, 0x22, 0x22, 0x22, 0x22, 0x4c, 0xff, 0x10,
    0x2, 0xff, 0x50, 0x8, 0x90, 0x0, 0x0, 0x19,
    0x30, 0x1, 0xff, 0x60, 0x5, 0xff, 0x0, 0xd,
    0xe0, 0x0, 0x0, 0x7f, 0xb0, 0x0, 0xcf, 0x90,
    0x7, 0xfe, 0x8, 0x9e, 0xf9, 0x90, 0x0, 0x3d,
    0x60, 0x0, 0xaf, 0xb0, 0xa, 0xfb, 0xd, 0xff,
    0xff, 0xf0, 0x0, 0x0, 0x1, 0x0, 0x7f, 0xe0,
    0xc, 0xf9, 0x4, 0x5e, 0xf5, 0x50, 0x0, 0x0,
    0x1e, 0xe0, 0x5f, 0xf0, 0xe, 0xf7, 0x0, 0xd,
    0xe0, 0x0, 0x0, 0x0, 0x1f, 0xf0, 0x3f, 0xf2,
    0xf, 0xf5, 0x0, 0x5, 0x50, 0x0, 0x0, 0x0,
    0x3, 0x30, 0x1f, 0xf4, 0x3f, 0xf2, 0x0, 0x6,
    0x77, 0x77, 0x77, 0x77, 0x71, 0x0, 0xe, 0xf7,
    0x5f, 0xf0, 0x0, 0xbf, 0xff, 0xff, 0xff, 0xff,
    0xfe, 0x20, 0xc, 0xf9, 0x7f, 0xe0, 0x1c, 0xff,
    0xee, 0xee, 0xee, 0xee, 0xff, 0xe2, 0xa, 0xfb,
    0x7f, 0xe4, 0xdf, 0xf8, 0x0, 0x0, 0x0, 0x0,
    0x4f, 0xfe, 0x5b, 0xfb, 0x3f, 0xff, 0xff, 0x70,
    0x0, 0x0, 0x0, 0x0, 0x3, 0xff, 0xff, 0xf7,
    0x7, 0xff, 0xe5, 0x0, 0x0, 0x0, 0x0, 0x0,
    0x0, 0x2d, 0xff, 0xa0, 0x0, 0x2, 0x0, 0x0,
    0x0, 0x0, 0x0, 0x0, 0x0, 0x0, 0x11, 0x0,

    /* U+EA5B "" */
    0x7, 0x77, 0x77, 0x77, 0x77, 0x77, 0x77, 0x77,
    0x77, 0x73, 0x1f, 0xff, 0xff, 0xff, 0xff, 0xff,
    0xff, 0xff, 0xff, 0xf8, 0x1e, 0xef, 0xff, 0xff,
    0xff, 0xff, 0xff, 0xff, 0xfe, 0xe7, 0x0, 0xc,
    0xff, 0xff, 0xff, 0xff, 0xff, 0xff, 0xf3, 0x0,
    0x0, 0xc, 0xff, 0xff, 0xff, 0xff, 0xff, 0xff,
    0xf3, 0x0, 0x0, 0xc, 0xff, 0xff, 0xff, 0xff,
    0xff, 0xff, 0xf3, 0x0, 0x0, 0xc, 0xff, 0xff,
    0xff, 0xff, 0xff, 0xff, 0xf3, 0x0, 0x0, 0xa,
    0xff, 0xff, 0xff, 0xff, 0xff, 0xff, 0xf1, 0x0,
    0x0, 0x6, 0xff, 0xff, 0xff, 0xff, 0xff, 0xff,
    0xd0, 0x0, 0x0, 0x1, 0xff, 0xff, 0xff, 0xff,
    0xff, 0xff, 0x70, 0x0, 0x0, 0x0, 0x6f, 0xff,
    0xff, 0xff, 0xff, 0xfd, 0x0, 0x0, 0x0, 0x0,
    0x8, 0xff, 0xff, 0xff, 0xff, 0xd2, 0x0, 0x0,
    0x0, 0x0, 0x2, 0xef, 0xff, 0xff, 0xff, 0x70,
    0x0, 0x0, 0x0, 0x0, 0x2e, 0xff, 0xb7, 0x69,
    0xef, 0xf8, 0x0, 0x0, 0x0, 0x0, 0xcf, 0xf5,
    0x0, 0x0, 0x1b, 0xff, 0x30, 0x0, 0x0, 0x4,
    0xff, 0x50, 0x0, 0x0, 0x0, 0xdf, 0xb0, 0x0,
    0x0, 0x9, 0xfd, 0x0, 0x0, 0x0, 0x0, 0x6f,
    0xf0, 0x0, 0x0, 0xb, 0xf9, 0x0, 0x0, 0x0,
    0x0, 0x2f, 0xf2, 0x0, 0x0, 0xc, 0xf9, 0x0,
    0x0, 0x0, 0x0, 0x1f, 0xf3, 0x0, 0x0, 0xc,
    0xf9, 0x0, 0x0, 0x0, 0x0, 0x1f, 0xf3, 0x0,
    0x0, 0xc, 0xf9, 0x0, 0x0, 0x0, 0x0, 0x1f,
    0xf3, 0x0, 0x7, 0x7e, 0xfc, 0x77, 0x77, 0x77,
    0x77, 0x8f, 0xf9, 0x73, 0x1f, 0xff, 0xff, 0xff,
    0xff, 0xff, 0xff, 0xff, 0xff, 0xf8, 0x1e, 0xee,
    0xee, 0xee, 0xee, 0xee, 0xee, 0xee, 0xee, 0xe7,

    /* U+EA5C "" */
    0x7, 0x77, 0x77, 0x77, 0x77, 0x77, 0x77, 0x77,
    0x77, 0x73, 0x1f, 0xff, 0xff, 0xff, 0xff, 0xff,
    0xff, 0xff, 0xff, 0xf8, 0x1e, 0xef, 0xff, 0xee,
    0xee, 0xee, 0xee, 0xef, 0xfe, 0xe7, 0x0, 0xc,
    0xf9, 0x0, 0x0, 0x0, 0x0, 0x1f, 0xf3, 0x0,
    0x0, 0xc, 0xf9, 0x0, 0x0, 0x0, 0x0, 0x1f,
    0xf3, 0x0, 0x0, 0xc, 0xf9, 0x0, 0x0, 0x0,
    0x0, 0x1f, 0xf3, 0x0, 0x0, 0xc, 0xf9, 0x0,
    0x0, 0x0, 0x0, 0x2f, 0xf3, 0x0, 0x0, 0xa,
    0xfb, 0x0, 0x0, 0x0, 0x0, 0x4f, 0xf1, 0x0,
    0x0, 0x6, 0xff, 0x10, 0x0, 0x0, 0x0, 0xaf,
    0xd0, 0x0, 0x0, 0x1, 0xff, 0xc0, 0x0, 0x0,
    0x5, 0xff, 0x70, 0x0, 0x0, 0x0, 0x6f, 0xfd,
    0x40, 0x2, 0x9f, 0xfd, 0x0, 0x0, 0x0, 0x0,
    0x8, 0xff, 0xff, 0xff, 0xff, 0xd2, 0x0, 0x0,
    0x0, 0x0, 0x2, 0xef, 0xff, 0xff, 0xff, 0x70,
    0x0, 0x0, 0x0, 0x0, 0x2e, 0xff, 0xff, 0xff,
    0xff, 0xf8, 0x0, 0x0, 0x0, 0x0, 0xcf, 0xff,
    0xff, 0xff, 0xff, 0xff, 0x30, 0x0, 0x0, 0x4,
    0xff, 0xff, 0xff, 0xff, 0xff, 0xff, 0xb0, 0x0,
    0x0, 0x9, 0xff, 0xff, 0xff, 0xff, 0xff, 0xff,
    0xf0, 0x0, 0x0, 0xb, 0xff, 0xff, 0xff, 0xff,
    0xff, 0xff, 0xf2, 0x0, 0x0, 0xc, 0xff, 0xff,
    0xff, 0xff, 0xff, 0xff, 0xf3, 0x0, 0x0, 0xc,
    0xff, 0xff, 0xff, 0xff, 0xff, 0xff, 0xf3, 0x0,
    0x0, 0xc, 0xff, 0xff, 0xff, 0xff, 0xff, 0xff,
    0xf3, 0x0, 0x7, 0x7e, 0xff, 0xff, 0xff, 0xff,
    0xff, 0xff, 0xf9, 0x73, 0x1f, 0xff, 0xff, 0xff,
    0xff, 0xff, 0xff, 0xff, 0xff, 0xf8, 0x1e, 0xee,
    0xee, 0xee, 0xee, 0xee, 0xee, 0xee, 0xee, 0xe7,

    /* U+EA5F "" */
    0x0, 0x46, 0x66, 0x66, 0x66, 0x66, 0x66, 0x66,
    0x66, 0x64, 0x0, 0xd, 0xff, 0xff, 0xff, 0xff,
    0xff, 0xff, 0xff, 0xff, 0xff, 0xc0, 0x6f, 0xff,
    0xff, 0xff, 0xff, 0xff, 0xff, 0xff, 0xff, 0xff,
    0xf5, 0x8f, 0xd0, 0x0, 0x0, 0x0, 0x0, 0x0,
    0x0, 0x0, 0xe, 0xf6, 0x8f, 0xd0, 0x0, 0x0,
    0x0, 0x0, 0x29, 0x0, 0x91, 0xe, 0xf6, 0x8f,
    0xd0, 0x0, 0x0, 0x0, 0x0, 0x9f, 0xbb, 0xf9,
    0xe, 0xf6, 0x8f, 0xd0, 0xae, 0xee, 0xee, 0x0,
    0xb, 0xff, 0xb0, 0xe, 0xf6, 0x8f, 0xd0, 0xaf,
    0xff, 0xff, 0x0, 0xa, 0xff, 0xa0, 0xe, 0xf6,
    0x8f, 0xd0, 0x0, 0x0, 0x0, 0x0, 0x8f, 0xcc,
    0xf8, 0xe, 0xf6, 0x8f, 0xd0, 0x0, 0x0, 0x0,
    0x0, 0x3b, 0x11, 0xb2, 0xe, 0xf6, 0x8f, 0xd0,
    0x0, 0x0, 0x0, 0x0, 0x0, 0x0, 0x0, 0xe,
    0xf6, 0x8f, 0xd0, 0x0, 0x23, 0x0, 0x0, 0x0,
    0x0, 0x0, 0xe, 0xf6, 0x8f, 0xd0, 0x0, 0xaf,
    0x0, 0x0, 0x66, 0x66, 0x66, 0xe, 0xf6, 0x8f,
    0xd0, 0x0, 0xaf, 0x0, 0x0, 0xef, 0xff, 0xfe,
    0xe, 0xf6, 0x8f, 0xd0, 0xdd, 0xff, 0xdd, 0x40,
    0x0, 0x0, 0x0, 0xe, 0xf6, 0x8f, 0xd0, 0x88,
    0xdf, 0x88, 0x20, 0xbc, 0xcc, 0xcb, 0xe, 0xf6,
    0x8f, 0xd0, 0x0, 0xaf, 0x0, 0x0, 0xef, 0xff,
    0xfe, 0xe, 0xf6, 0x8f, 0xd0, 0x0, 0x9d, 0x0,
    0x0, 0x0, 0x0, 0x0, 0xe, 0xf6, 0x8f, 0xd0,
    0x0, 0x0, 0x0, 0x0, 0x0, 0x0, 0x0, 0xe,
    0xf6, 0x6f, 0xff, 0xff, 0xff, 0xff, 0xff, 0xff,
    0xff, 0xff, 0xff, 0xf5, 0x1d, 0xff, 0xff, 0xff,
    0xff, 0xff, 0xff, 0xff, 0xff, 0xff, 0xc0, 0x0,
    0x56, 0x66, 0x66, 0x66, 0x66, 0x66, 0x66, 0x66,
    0x64, 0x0,

    /* U+EB8E "" */
    0x4, 0x88, 0x88, 0x88, 0x88, 0x88, 0x88, 0x88,
    0x88, 0x88, 0x87, 0x10, 0x6f, 0xff, 0xff, 0xff,
    0xff, 0xff, 0xff, 0xff, 0xff, 0xff, 0xff, 0xe1,
    0xdf, 0xff, 0xff, 0xff, 0xff, 0xff, 0xff, 0xff,
    0xff, 0xff, 0xff, 0xf5, 0xef, 0xff, 0xff, 0xff,
    0xff, 0xff, 0xff, 0xff, 0xff, 0xff, 0xff, 0xf6,
    0xef, 0xff, 0xff, 0xff, 0xff, 0xff, 0xff, 0xff,
    0xff, 0xff, 0xff, 0xf6, 0xef, 0x81, 0x11, 0x11,
    0x11, 0x11, 0x11, 0x11, 0x11, 0x11, 0x1e, 0xf6,
    0xef, 0x70, 0x0, 0x60, 0x0, 0x0, 0x0, 0x0,
    0x0, 0x0, 0xe, 0xf6, 0xef, 0x70, 0x9, 0xfb,
    0x0, 0x0, 0x0, 0x0, 0x0, 0x0, 0xe, 0xf6,
    0xef, 0x70, 0xa, 0xff, 0xa0, 0x0, 0x0, 0x0,
    0x0, 0x0, 0xe, 0xf6, 0xef, 0x70, 0x0, 0xaf,
    0xfa, 0x0, 0x0, 0x0, 0x0, 0x0, 0xe, 0xf6,
    0xef, 0x70, 0x0, 0xa, 0xff, 0xa0, 0x0, 0x0,
    0x0, 0x0, 0xe, 0xf6, 0xef, 0x70, 0x0, 0x5,
    0xff, 0xe1, 0x0, 0x0, 0x0, 0x0, 0xe, 0xf6,
    0xef, 0x70, 0x0, 0x4f, 0xfe, 0x20, 0x0, 0x0,
    0x0, 0x0, 0xe, 0xf6, 0xef, 0x70, 0x4, 0xff,
    0xe2, 0x0, 0x66, 0x66, 0x66, 0x50, 0xe, 0xf6,
    0xef, 0x70, 0xc, 0xfe, 0x20, 0x1, 0xff, 0xff,
    0xff, 0xe0, 0xe, 0xf6, 0xef, 0x70, 0x1, 0xb2,
    0x0, 0x1, 0xff, 0xff, 0xff, 0xe0, 0xe, 0xf6,
    0xef, 0x70, 0x0, 0x0, 0x0, 0x0, 0x0, 0x0,
    0x0, 0x0, 0xe, 0xf6, 0xcf, 0xff, 0xff, 0xff,
    0xff, 0xff, 0xff, 0xff, 0xff, 0xff, 0xff, 0xf5,
    0x4f, 0xff, 0xff, 0xff, 0xff, 0xff, 0xff, 0xff,
    0xff, 0xff, 0xff, 0xc0, 0x1, 0x45, 0x55, 0x55,
    0x55, 0x55, 0x55, 0x55, 0x55, 0x55, 0x53, 0x0,

    /* U+EB9B "" */
    0x0, 0x0, 0x0, 0x0, 0x0, 0x0, 0x0, 0x0,
    0x0, 0x0, 0x0, 0x0, 0x0, 0x0, 0x0, 0x0,
    0x0, 0x0, 0x0, 0x0, 0x0, 0x4, 0x79, 0x99,
    0x40, 0x0, 0x0, 0x0, 0x0, 0x0, 0x0, 0x0,
    0x3, 0xaf, 0xff, 0xff, 0xfa, 0x0, 0x0, 0x0,
    0x0, 0x0, 0x0, 0x0, 0x1a, 0xff, 0xff, 0xdb,
    0xdf, 0xb0, 0x0, 0x0, 0x0, 0x0, 0x0, 0x0,
    0x5f, 0xff, 0xd6, 0x10, 0x8, 0xfb, 0x0, 0x0,
    0x0, 0x0, 0x0, 0x0, 0x8f, 0xff, 0x70, 0x0,
    0x0, 0xaf, 0x90, 0x0, 0x0, 0x7, 0xff, 0xda,
    0xaf, 0xfd, 0x10, 0x0, 0x0, 0xd, 0xf7, 0x0,
    0x0, 0x8, 0xff, 0xff, 0xff, 0xfb, 0x17, 0xb8,
    0x0, 0x3, 0xff, 0x20, 0x0, 0x8, 0xff, 0xb5,
    0xbf, 0xfc, 0x7, 0xff, 0xf9, 0x0, 0xaf, 0xd0,
    0x0, 0x8, 0xff, 0xb0, 0xe, 0xfe, 0x10, 0xbf,
    0xff, 0xd0, 0x3f, 0xf6, 0x0, 0x8, 0xff, 0xd0,
    0x8, 0xff, 0x30, 0x8, 0xff, 0xfa, 0xc, 0xfe,
    0x0, 0x2, 0xef, 0xff, 0xe8, 0xff, 0x80, 0x0,
    0x9, 0xda, 0x19, 0xff, 0x50, 0x0, 0x0, 0x5c,
    0xff, 0xff, 0xf0, 0x0, 0x0, 0x0, 0x7, 0xff,
    0x90, 0x0, 0x0, 0x0, 0x3, 0xaf, 0xfe, 0x30,
    0x0, 0x0, 0x8, 0xff, 0xc0, 0x0, 0x0, 0x0,
    0x0, 0x0, 0x3f, 0xfe, 0x30, 0x0, 0xb, 0xff,
    0xd1, 0x0, 0x0, 0x0, 0x0, 0x0, 0x0, 0x3f,
    0xfe, 0x30, 0x4e, 0xff, 0xfc, 0x0, 0x0, 0x0,
    0x0, 0x1, 0x55, 0x10, 0x3f, 0xfe, 0xcf, 0xff,
    0xcf, 0xf0, 0x0, 0x0, 0x0, 0x4, 0xff, 0xff,
    0x60, 0x3f, 0xff, 0xfc, 0x33, 0xff, 0x20, 0x0,
    0x0, 0x1, 0xef, 0xff, 0xff, 0x20, 0x3f, 0xfa,
    0x0, 0x7f, 0xf3, 0x0, 0x0, 0x0, 0x7f, 0xf2,
    0x1e, 0xf7, 0x0, 0x8f, 0xf0, 0x7f, 0xfb, 0x0,
    0x0, 0x0, 0xd, 0xf9, 0x0, 0xef, 0x80, 0x1,
    0xff, 0xcf, 0xfc, 0x0, 0x0, 0x0, 0x1, 0xff,
    0x76, 0xdf, 0xf3, 0x0, 0xa, 0xff, 0xfc, 0x0,
    0x0, 0x0, 0x0, 0x4f, 0xff, 0xff, 0xf8, 0x0,
    0x0, 0x4f, 0xfc, 0x0, 0x0, 0x0, 0x0, 0x6,
    0xff, 0xff, 0xb4, 0x0, 0x0, 0x0, 0xdc, 0x0,
    0x0, 0x0, 0x0, 0x0, 0x69, 0x74, 0x0, 0x0,
    0x0, 0x0, 0x4, 0x0, 0x0, 0x0, 0x0, 0x0,
    0x0,

    /* U+EBCC "" */
    0x0, 0x0, 0x9a, 0x40, 0x0, 0x0, 0x0, 0x2,
    0xaa, 0x0, 0x0, 0x0, 0x0, 0xef, 0x60, 0x0,
    0x0, 0x0, 0x3, 0xff, 0x0, 0x0, 0x0, 0x35,
    0xff, 0x95, 0x55, 0x55, 0x55, 0x57, 0xff, 0x54,
    0x0, 0xb, 0xff, 0xff, 0xff, 0xff, 0xff, 0xff,
    0xff, 0xff, 0xff, 0xc0, 0x4f, 0xff, 0xff, 0xff,
    0xff, 0xff, 0xff, 0xff, 0xff, 0xff, 0xf4, 0x6f,
    0xe0, 0x0, 0x0, 0x0, 0x0, 0x0, 0x0, 0x0,
    0xe, 0xf6, 0x6f, 0xe0, 0x0, 0x0, 0x0, 0x0,
    0x0, 0x0, 0x0, 0xe, 0xf6, 0x6f, 0xf7, 0x77,
    0x77, 0x77, 0x77, 0x77, 0x77, 0x77, 0x7f, 0xf6,
    0x6f, 0xff, 0xff, 0xff, 0xff, 0xff, 0xff, 0xff,
    0xff, 0xff, 0xf6, 0x6f, 0xfe, 0xee, 0xee, 0xee,
    0xee, 0xee, 0xee, 0xee, 0xef, 0xf6, 0x6f, 0xe0,
    0x0, 0x0, 0x0, 0x0, 0x0, 0x0, 0x0, 0xe,
    0xf6, 0x6f, 0xe0, 0x0, 0x0, 0x0, 0x0, 0x0,
    0x0, 0x0, 0xe, 0xf6, 0x6f, 0xe0, 0x7, 0xf4,
    0x0, 0xcd, 0x10, 0x2e, 0x90, 0xe, 0xf6, 0x6f,
    0xe0, 0xa, 0xf7, 0x0, 0xff, 0x20, 0x4f, 0xd0,
    0xe, 0xf6, 0x6f, 0xe0, 0x0, 0x40, 0x0, 0x23,
    0x0, 0x3, 0x10, 0xe, 0xf6, 0x6f, 0xe0, 0x0,
    0x0, 0x0, 0x0, 0x0, 0x0, 0x0, 0xe, 0xf6,
    0x6f, 0xe0, 0x0, 0x40, 0x0, 0x23, 0x0, 0x3,
    0x10, 0xe, 0xf6, 0x6f, 0xe0, 0xa, 0xf7, 0x0,
    0xff, 0x20, 0x4f, 0xd0, 0xe, 0xf6, 0x6f, 0xe0,
    0x7, 0xf4, 0x0, 0xcd, 0x10, 0x2e, 0x90, 0xe,
    0xf6, 0x6f, 0xe0, 0x0, 0x0, 0x0, 0x0, 0x0,
    0x0, 0x0, 0xe, 0xf6, 0x6f, 0xe0, 0x0, 0x0,
    0x0, 0x0, 0x0, 0x0, 0x0, 0xe, 0xf6, 0x6f,
    0xf7, 0x77, 0x77, 0x77, 0x77, 0x77, 0x77, 0x77,
    0x7f, 0xf6, 0x2f, 0xff, 0xff, 0xff, 0xff, 0xff,
    0xff, 0xff, 0xff, 0xff, 0xf2, 0x5, 0xce, 0xee,
    0xee, 0xee, 0xee, 0xee, 0xee, 0xee, 0xec, 0x50,

    /* U+EBEB "" */
    0x0, 0x0, 0x0, 0x0, 0x0, 0x0, 0x0, 0xdf,
    0x90, 0x1f, 0xf2, 0x0, 0x0, 0x0, 0x0, 0x0,
    0x0, 0x0, 0x0, 0xc, 0xfb, 0x0, 0xff, 0x70,
    0x0, 0x0, 0x0, 0x0, 0x0, 0x0, 0x0, 0x0,
    0x9f, 0xe0, 0x9, 0xff, 0x20, 0x0, 0x0, 0x0,
    0x0, 0x0, 0x0, 0x0, 0x5, 0xff, 0x40, 0x2f,
    0xff, 0x83, 0x0, 0x0, 0x0, 0x0, 0x12, 0x0,
    0x0, 0xe, 0xfc, 0x0, 0x4f, 0xff, 0x90, 0x0,
    0x0, 0x2, 0xbf, 0xff, 0xa1, 0x0, 0x6f, 0xf7,
    0x0, 0x2a, 0xe9, 0x0, 0x0, 0x2, 0xef, 0xff,
    0xff, 0xe1, 0x0, 0xcf, 0xf7, 0x0, 0x0, 0x0,
    0x0, 0x0, 0xcf, 0xf6, 0x37, 0xff, 0xa0, 0x1,
    0xdf, 0xfa, 0x20, 0x0, 0x0, 0x0, 0x1f, 0xf6,
    0x0, 0x8, 0xff, 0x0, 0x1, 0xcf, 0xff, 0xc9,
    0x40, 0x0, 0x3, 0xff, 0x20, 0x0, 0x4f, 0xf1,
    0x0, 0x0, 0x6e, 0xff, 0xf9, 0x0, 0x0, 0x1f,
    0xf6, 0x0, 0x7, 0xff, 0x0, 0x0, 0x0, 0x5,
    0x9c, 0x80, 0x0, 0x0, 0xcf, 0xf6, 0x37, 0xff,
    0xa0, 0x0, 0x0, 0x0, 0x0, 0x0, 0x0, 0x0,
    0x2, 0xef, 0xff, 0xff, 0xe1, 0x0, 0x0, 0x0,
    0x0, 0x0, 0x0, 0x0, 0x0, 0x2, 0xbf, 0xff,
    0xa1, 0x0, 0x0, 0x0, 0x0, 0x0, 0x0, 0x0,
    0x0, 0x0, 0x0, 0x12, 0x0, 0x0, 0x0, 0x0,
    0x0, 0x0, 0x0, 0x0, 0x0, 0x0, 0x3, 0x56,
    0x76, 0x53, 0x0, 0x0, 0x0, 0x0, 0x0, 0x0,
    0x0, 0x5, 0xbf, 0xff, 0xff, 0xff, 0xff, 0xb5,
    0x0, 0x0, 0x0, 0x0, 0x0, 0x6e, 0xff, 0xff,
    0xfe, 0xee, 0xff, 0xff, 0xfe, 0x60, 0x0, 0x0,
    0x0, 0x5f, 0xff, 0xb6, 0x30, 0x0, 0x0, 0x36,
    0xbf, 0xff, 0x60, 0x0, 0x0, 0xc, 0xfc, 0x10,
    0x0, 0x0, 0x0, 0x0, 0x0, 0x1c, 0xfc, 0x0,
    0x0, 0x0, 0xef, 0x70, 0x0, 0x0, 0x0, 0x0,
    0x0, 0x0, 0x6f, 0xe0, 0x0, 0x0, 0xe, 0xff,
    0xff, 0xff, 0xff, 0xff, 0xff, 0xff, 0xff, 0xfe,
    0x0, 0x0, 0x0, 0xef, 0xff, 0xff, 0xff, 0xff,
    0xff, 0xff, 0xff, 0xff, 0xe0, 0x0, 0x0, 0x5,
    0x66, 0x66, 0x66, 0x66, 0x66, 0x66, 0x66, 0x66,
    0x65, 0x0, 0x0, 0x0,

    /* U+EBFF "" */
    0x7, 0x77, 0x77, 0x77, 0x77, 0x77, 0x77, 0x77,
    0x77, 0x73, 0x1f, 0xff, 0xff, 0xff, 0xff, 0xff,
    0xff, 0xff, 0xff, 0xf8, 0x1e, 0xef, 0xff, 0xee,
    0xee, 0xee, 0xee, 0xef, 0xfe, 0xe7, 0x0, 0xc,
    0xf9, 0x0, 0x0, 0x0, 0x0, 0x1f, 0xf3, 0x0,
    0x0, 0xc, 0xf9, 0x0, 0x0, 0x0, 0x0, 0x1f,
    0xf3, 0x0, 0x0, 0xc, 0xf9, 0x0, 0x0, 0x0,
    0x0, 0x1f, 0xf3, 0x0, 0x0, 0xc, 0xf9, 0x0,
    0x0, 0x0, 0x0, 0x2f, 0xf3, 0x0, 0x0, 0xa,
    0xfb, 0x0, 0x0, 0x0, 0x0, 0x4f, 0xf1, 0x0,
    0x0, 0x6, 0xff, 0x20, 0x0, 0x0, 0x0, 0xbf,
    0xc0, 0x0, 0x0, 0x0, 0xef, 0xd1, 0x0, 0x0,
    0x8, 0xff, 0x60, 0x0, 0x0, 0x0, 0x4f, 0xfe,
    0x83, 0x35, 0xcf, 0xfb, 0x0, 0x0, 0x0, 0x0,
    0x4, 0xff, 0xff, 0xff, 0xff, 0xa0, 0x0, 0x0,
    0x0, 0x0, 0x4, 0xff, 0xff, 0xff, 0xff, 0xa0,
    0x0, 0x0, 0x0, 0x0, 0x3f, 0xff, 0x84, 0x35,
    0xcf, 0xfa, 0x0, 0x0, 0x0, 0x0, 0xdf, 0xe2,
    0x0, 0x0, 0x9, 0xff, 0x50, 0x0, 0x0, 0x5,
    0xff, 0x40, 0x0, 0x0, 0x0, 0xcf, 0xb0, 0x0,
    0x0, 0x9, 0xfc, 0x0, 0x0, 0x0, 0x0, 0x5f,
    0xf0, 0x0, 0x0, 0xb, 0xf9, 0x0, 0x0, 0x0,
    0x0, 0x2f, 0xf2, 0x0, 0x0, 0xc, 0xf9, 0x0,
    0x0, 0x0, 0x0, 0x1f, 0xf3, 0x0, 0x0, 0xc,
    0xf9, 0x0, 0x0, 0x0, 0x0, 0x1f, 0xf3, 0x0,
    0x0, 0xc, 0xf9, 0x0, 0x0, 0x0, 0x0, 0x1f,
    0xf3, 0x0, 0x7, 0x7e, 0xfc, 0x77, 0x77, 0x77,
    0x77, 0x8f, 0xf9, 0x73, 0x1f, 0xff, 0xff, 0xff,
    0xff, 0xff, 0xff, 0xff, 0xff, 0xf8, 0x1e, 0xee,
    0xee, 0xee, 0xee, 0xee, 0xee, 0xee, 0xee, 0xe7,

    /* U+EF3E "" */
    0x0, 0x46, 0x66, 0x66, 0x66, 0x66, 0x66, 0x66,
    0x66, 0x64, 0x0, 0xd, 0xff, 0xff, 0xff, 0xff,
    0xff, 0xff, 0xff, 0xff, 0xff, 0xc0, 0x6f, 0xff,
    0xff, 0xff, 0xff, 0xff, 0xff, 0xff, 0xff, 0xff,
    0xf5, 0x8f, 0xd0, 0x0, 0x0, 0x0, 0x0, 0x0,
    0x0, 0x0, 0xe, 0xf6, 0x8f, 0xd0, 0x0, 0x0,
    0x0, 0x0, 0x0, 0x0, 0x0, 0xe, 0xf6, 0x8f,
    0xd0, 0x0, 0x0, 0x0, 0x0, 0x0, 0x6b, 0x80,
    0xe, 0xf6, 0x8f, 0xd0, 0x0, 0x0, 0x0, 0x0,
    0x0, 0x9f, 0xb0, 0xe, 0xf6, 0x8f, 0xd0, 0x0,
    0x0, 0x0, 0x0, 0x0, 0x9f, 0xb0, 0xe, 0xf6,
    0x8f, 0xd0, 0x0, 0x0, 0x0, 0x33, 0x0, 0x9f,
    0xb0, 0xe, 0xf6, 0x8f, 0xd0, 0x0, 0x0, 0x1,
    0xff, 0x10, 0x9f, 0xb0, 0xe, 0xf6, 0x8f, 0xd0,
    0x0, 0x0, 0x1, 0xff, 0x10, 0x9f, 0xb0, 0xe,
    0xf6, 0x8f, 0xd0, 0xb, 0xd8, 0x0, 0x0, 0x0,
    0x9f, 0xb0, 0xe, 0xf6, 0x8f, 0xd0, 0xd, 0xf9,
    0x0, 0x0, 0x0, 0x9f, 0xb0, 0xe, 0xf6, 0x8f,
    0xd0, 0xd, 0xf9, 0x0, 0xaa, 0x0, 0x9f, 0xb0,
    0xe, 0xf6, 0x8f, 0xd0, 0xd, 0xf9, 0x1, 0xff,
    0x10, 0x9f, 0xb0, 0xe, 0xf6, 0x8f, 0xd0, 0xd,
    0xf9, 0x1, 0xff, 0x10, 0x9f, 0xb0, 0xe, 0xf6,
    0x8f, 0xd0, 0x9, 0xb6, 0x0, 0xbb, 0x0, 0x6b,
    0x80, 0xe, 0xf6, 0x8f, 0xd0, 0x0, 0x0, 0x0,
    0x0, 0x0, 0x0, 0x0, 0xe, 0xf6, 0x8f, 0xd0,
    0x0, 0x0, 0x0, 0x0, 0x0, 0x0, 0x0, 0xe,
    0xf6, 0x6f, 0xff, 0xff, 0xff, 0xff, 0xff, 0xff,
    0xff, 0xff, 0xff, 0xf5, 0x1d, 0xff, 0xff, 0xff,
    0xff, 0xff, 0xff, 0xff, 0xff, 0xff, 0xc0, 0x0,
    0x56, 0x66, 0x66, 0x66, 0x66, 0x66, 0x66, 0x66,
    0x64, 0x0,

    /* U+EF7A "" */
    0x0, 0x0, 0x0, 0x46, 0x65, 0x10, 0x0, 0x0,
    0x0, 0x0, 0x0, 0x0, 0x1, 0x9f, 0xff, 0xff,
    0xf9, 0x10, 0x0, 0x0, 0x0, 0x0, 0x0, 0x2d,
    0xff, 0xfe, 0xef, 0xff, 0xe2, 0x0, 0x0, 0x0,
    0x0, 0x0, 0xdf, 0xf8, 0x10, 0x1, 0x8f, 0xfe,
    0x10, 0x0, 0x0, 0x0, 0x9, 0xff, 0x50, 0x0,
    0x0, 0x4, 0xff, 0xa0, 0x0, 0x0, 0x0, 0xf,
    0xf8, 0x0, 0x0, 0x0, 0x0, 0x7f, 0xf1, 0x0,
    0x0, 0x0, 0x4f, 0xf1, 0x0, 0x0, 0x0, 0x0,
    0xf, 0xf6, 0x0, 0x0, 0x0, 0x7f, 0xe0, 0x0,
    0x0, 0x0, 0x0, 0xd, 0xf8, 0x0, 0x0, 0x0,
    0x7f, 0xd0, 0x0, 0x0, 0x0, 0x0, 0xc, 0xf8,
    0x0, 0x0, 0x0, 0x6f, 0xf0, 0x0, 0x0, 0x0,
    0x0, 0xe, 0xf7, 0x0, 0x0, 0x0, 0x2f, 0xf5,
    0x0, 0x0, 0x0, 0x0, 0x4f, 0xf2, 0x0, 0x0,
    0x0, 0xc, 0xfe, 0x10, 0x0, 0x0, 0x0, 0xdf,
    0xc0, 0x0, 0x0, 0x0, 0x3, 0xff, 0xd2, 0x0,
    0x0, 0x2c, 0xff, 0x40, 0x0, 0x0, 0x0, 0x0,
    0x6f, 0xff, 0xb8, 0x8b, 0xff, 0xff, 0xc1, 0x0,
    0x0, 0x0, 0x0, 0x5, 0xef, 0xff, 0xff, 0xfe,
    0x8f, 0xfc, 0x10, 0x0, 0x0, 0x0, 0x0, 0x6,
    0xbd, 0xda, 0x60, 0x6, 0xff, 0xc1, 0x0, 0x0,
    0x0, 0x0, 0x0, 0x0, 0x0, 0x0, 0x0, 0x6f,
    0xfc, 0x10, 0x0, 0x0, 0x0, 0x0, 0x0, 0x0,
    0x0, 0x0, 0x6, 0xff, 0xc1, 0x0, 0x0, 0x0,
    0x0, 0x0, 0x0, 0x0, 0x0, 0x0, 0x6f, 0xfc,
    0x10, 0x0, 0x0, 0x0, 0x0, 0x0, 0x0, 0x0,
    0x0, 0x6, 0xff, 0xc1, 0x0, 0x0, 0x0, 0x0,
    0x0, 0x0, 0x0, 0x0, 0x0, 0x6f, 0xd1, 0x0,
    0x0, 0x0, 0x0, 0x0, 0x0, 0x0, 0x0, 0x0,
    0x5, 0x10,

    /* U+EFD6 "" */
    0x0, 0x0, 0x0, 0x0, 0x3, 0x57, 0x65, 0x20,
    0x0, 0x0, 0x0, 0x0, 0x0, 0x0, 0x0, 0x19,
    0xef, 0xff, 0xff, 0xfd, 0x81, 0x0, 0x0, 0x0,
    0x0, 0x0, 0x8, 0xff, 0xff, 0xfe, 0xef, 0xff,
    0xfe, 0x60, 0x0, 0x0, 0x0, 0x1, 0xbf, 0xfe,
    0x83, 0x0, 0x0, 0x49, 0xff, 0xf9, 0x0, 0x0,
    0x0, 0xc, 0xff, 0x90, 0x0, 0x0, 0x0, 0x0,
    0x1b, 0xff, 0x90, 0x0, 0x0, 0x9f, 0xf7, 0x0,
    0x0, 0x0, 0x0, 0x0, 0x0, 0xaf, 0xf6, 0x0,
    0x3, 0xff, 0x80, 0x0, 0x0, 0x2a, 0xa0, 0x0,
    0x0, 0xb, 0xff, 0x10, 0xc, 0xfd, 0x0, 0x0,
    0x0, 0x4f, 0xf1, 0x0, 0x0, 0x1, 0xff, 0x90,
    0x1f, 0xf5, 0x0, 0x0, 0x0, 0x4f, 0xf1, 0x0,
    0x0, 0x0, 0x8f, 0xe0, 0x6f, 0xf0, 0x0, 0x0,
    0x0, 0x4f, 0xf1, 0x0, 0x0, 0x0, 0x2f, 0xf3,
    0x9f, 0xb0, 0x0, 0x0, 0x0, 0x4f, 0xf1, 0x0,
    0x0, 0x0, 0xe, 0xf6, 0xbf, 0xa0, 0x0, 0x0,
    0x0, 0x4f, 0xf1, 0x0, 0x0, 0x0, 0xd, 0xf8,
    0xbf, 0x90, 0x0, 0x0, 0x0, 0x3f, 0xfc, 0x10,
    0x0, 0x0, 0xc, 0xf8, 0xaf, 0xb0, 0x0, 0x0,
    0x0, 0x6, 0xff, 0xc1, 0x0, 0x0, 0xe, 0xf7,
    0x8f, 0xe0, 0x0, 0x0, 0x0, 0x0, 0x6f, 0xfc,
    0x10, 0x0, 0x1f, 0xf5, 0x3f, 0xf2, 0x0, 0x0,
    0x0, 0x0, 0x6, 0xff, 0xc1, 0x0, 0x5f, 0xf1,
    0xe, 0xfa, 0x0, 0x0, 0x0, 0x0, 0x0, 0x6f,
    0xd1, 0x0, 0xdf, 0xb0, 0x6, 0xff, 0x30, 0x0,
    0x0, 0x0, 0x0, 0x5, 0x10, 0x7, 0xff, 0x30,
    0x0, 0xdf, 0xe2, 0x0, 0x0, 0x0, 0x0, 0x0,
    0x0, 0x4f, 0xfa, 0x0, 0x0, 0x2f, 0xfe, 0x30,
    0x0, 0x0, 0x0, 0x0, 0x5, 0xff, 0xd1, 0x0,
    0x0, 0x4, 0xff, 0xf9, 0x10, 0x0, 0x0, 0x3,
    0xbf, 0xfe, 0x20, 0x0, 0x0, 0x0, 0x2d, 0xff,
    0xfc, 0x98, 0x8a, 0xdf, 0xff, 0xc1, 0x0, 0x0,
    0x0, 0x0, 0x0, 0x7e, 0xff, 0xff, 0xff, 0xff,
    0xe5, 0x0, 0x0, 0x0, 0x0, 0x0, 0x0, 0x0,
    0x49, 0xbd, 0xcb, 0x83, 0x0, 0x0, 0x0, 0x0,

    /* U+F01F "" */
    0x0, 0x0, 0x0, 0x0, 0x25, 0x66, 0x52, 0x0,
    0x0, 0x0, 0x0, 0x0, 0x0, 0x0, 0x6d, 0xff,
    0xff, 0xff, 0xd6, 0x0, 0x0, 0x0, 0x0, 0x0,
    0x2d, 0xff, 0xff, 0xee, 0xff, 0xff, 0xd2, 0x0,
    0x0, 0x0, 0x4, 0xff, 0xfa, 0x40, 0x0, 0x4,
    0xaf, 0xff, 0x40, 0x0, 0x0, 0x2f, 0xfe, 0x40,
    0x0, 0x0, 0x0, 0x4, 0xef, 0xf2, 0x0, 0x0,
    0xdf, 0xe2, 0x0, 0x0, 0x0, 0x0, 0x0, 0x2e,
    0xfd, 0x0, 0x6, 0xff, 0x40, 0x0, 0x0, 0x0,
    0x0, 0x0, 0x4, 0xff, 0x50, 0xc, 0xfb, 0x0,
    0x0, 0x0, 0x0, 0x0, 0x0, 0x0, 0xbf, 0xc0,
    0x1f, 0xf5, 0x0, 0x0, 0x0, 0x0, 0x0, 0x0,
    0x0, 0x5f, 0xf1, 0x4f, 0xf1, 0x0, 0x0, 0x0,
    0x0, 0x0, 0x0, 0x0, 0x1f, 0xf4, 0x5f, 0xf0,
    0x0, 0x0, 0x0, 0x0, 0x0, 0x0, 0x0, 0xf,
    0xf5, 0x6f, 0xe0, 0x0, 0x0, 0x0, 0x0, 0x0,
    0x0, 0x0, 0xe, 0xf6, 0x6f, 0xfd, 0xdd, 0xd5,
    0x0, 0x0, 0x0, 0x5d, 0xdd, 0xdf, 0xf6, 0x6f,
    0xff, 0xff, 0xf6, 0x0, 0x0, 0x0, 0x6f, 0xff,
    0xff, 0xf6, 0x6f, 0xf8, 0x8f, 0xf6, 0x0, 0x0,
    0x0, 0x6f, 0xf8, 0x8f, 0xf6, 0x6f, 0xe0, 0xe,
    0xf6, 0x0, 0x0, 0x0, 0x6f, 0xe0, 0xe, 0xf6,
    0x6f, 0xe0, 0xe, 0xf6, 0x0, 0x0, 0x0, 0x6f,
    0xe0, 0xe, 0xf6, 0x6f, 0xe0, 0xe, 0xf6, 0x0,
    0x0, 0x0, 0x6f, 0xe0, 0xe, 0xf6, 0x6f, 0xe0,
    0xe, 0xf6, 0x0, 0x0, 0x0, 0x6f, 0xe0, 0xe,
    0xf6, 0x5f, 0xff, 0xff, 0xf6, 0x0, 0x0, 0x0,
    0x6f, 0xff, 0xff, 0xf5, 0xc, 0xff, 0xff, 0xf6,
    0x0, 0x0, 0x0, 0x6f, 0xff, 0xff, 0xc0, 0x0,
    0x46, 0x66, 0x62, 0x0, 0x0, 0x0, 0x26, 0x66,
    0x64, 0x0,

    /* U+F053 "" */
    0x0, 0x0, 0x0, 0x0, 0x0, 0x0, 0x0, 0x0,
    0x0, 0x0, 0x0, 0x0, 0x0, 0x0, 0x2d, 0x30,
    0x0, 0x0, 0x0, 0x0, 0x0, 0x0, 0x0, 0x2,
    0xef, 0xe0, 0x0, 0x0, 0x0, 0x0, 0x0, 0x0,
    0x0, 0x2e, 0xff, 0x60, 0x0, 0x0, 0x0, 0x0,
    0x0, 0x0, 0x2, 0xef, 0xff, 0xff, 0xd8, 0x10,
    0x0, 0x0, 0x0, 0x0, 0x2, 0xef, 0xff, 0xff,
    0xff, 0xe5, 0x0, 0x0, 0x0, 0x5, 0x0, 0x2e,
    0xff, 0x75, 0xaf, 0xff, 0x80, 0x0, 0x0, 0x5f,
    0xa0, 0x2, 0xef, 0xe0, 0x2, 0xcf, 0xf6, 0x0,
    0x1, 0xff, 0xc0, 0x0, 0x2d, 0x30, 0x0, 0xc,
    0xff, 0x10, 0x8, 0xff, 0x10, 0x0, 0x0, 0x0,
    0x0, 0x1, 0xff, 0x90, 0xe, 0xf8, 0x0, 0x0,
    0x0, 0x0, 0x0, 0x0, 0x8f, 0xe0, 0x2f, 0xf3,
    0x0, 0x0, 0x0, 0x0, 0x0, 0x0, 0x3f, 0xf2,
    0x4f, 0xf1, 0x0, 0x0, 0x0, 0x0, 0x0, 0x0,
    0x1f, 0xf4, 0x4f, 0xf0, 0x0, 0x0, 0x0, 0x0,
    0x0, 0x0, 0xf, 0xf4, 0x3f, 0xf2, 0x0, 0x0,
    0x0, 0x0, 0x0, 0x0, 0x2f, 0xf3, 0xf, 0xf6,
    0x0, 0x0, 0x0, 0x0, 0x0, 0x0, 0x6f, 0xf0,
    0xb, 0xfd, 0x0, 0x0, 0x0, 0x0, 0x0, 0x0,
    0xdf, 0xb0, 0x4, 0xff, 0x70, 0x0, 0x0, 0x0,
    0x0, 0x8, 0xff, 0x40, 0x0, 0xaf, 0xf7, 0x0,
    0x0, 0x0, 0x0, 0x7f, 0xfa, 0x0, 0x0, 0xc,
    0xff, 0xb4, 0x0, 0x0, 0x4c, 0xff, 0xc0, 0x0,
    0x0, 0x0, 0xbf, 0xff, 0xc0, 0xc, 0xff, 0xfb,
    0x0, 0x0, 0x0, 0x0, 0x5, 0xdf, 0xd0, 0xd,
    0xfc, 0x50, 0x0, 0x0, 0x0, 0x0, 0x0, 0x2,
    0x40, 0x4, 0x20, 0x0, 0x0, 0x0,

    /* U+F056 "" */
    0x3, 0xcf, 0xff, 0xff, 0xff, 0xff, 0xff, 0xfc,
    0x30, 0x0, 0xef, 0xff, 0xff, 0xff, 0xff, 0xff,
    0xff, 0xfe, 0x0, 0x2f, 0xf7, 0x66, 0x66, 0x66,
    0x66, 0x66, 0x7f, 0xf2, 0x2, 0xff, 0x24, 0x77,
    0x77, 0x71, 0x0, 0x2, 0xff, 0x20, 0x2f, 0xf2,
    0xaf, 0xff, 0xff, 0x20, 0x0, 0x2f, 0xf2, 0x2,
    0xff, 0x2a, 0xff, 0xff, 0xf2, 0x0, 0x2, 0xff,
    0x20, 0x2f, 0xf2, 0xaf, 0xa0, 0x0, 0x0, 0x0,
    0x2f, 0xf9, 0x2, 0xff, 0x2a, 0xfa, 0x0, 0x0,
    0x0, 0x2, 0xff, 0xf4, 0x2f, 0xf2, 0xaf, 0xa0,
    0x0, 0x0, 0x0, 0x2f, 0xff, 0x52, 0xff, 0x26,
    0x96, 0x0, 0x0, 0x0, 0x2, 0xff, 0xf5, 0x2f,
    0xf2, 0x0, 0x0, 0x0, 0x0, 0x0, 0x2f, 0xff,
    0x32, 0xff, 0x20, 0x0, 0x0, 0x0, 0x0, 0x2,
    0xff, 0x80, 0x2f, 0xf2, 0x0, 0x0, 0x0, 0x0,
    0x0, 0x2f, 0xf2, 0x2, 0xff, 0x20, 0x0, 0x0,
    0x0, 0x0, 0x2, 0xff, 0x20, 0x2f, 0xf2, 0x0,
    0x0, 0x0, 0x0, 0x0, 0x2f, 0xf2, 0x2, 0xff,
    0x20, 0x0, 0x0, 0x0, 0x0, 0x2, 0xff, 0x20,
    0x2f, 0xf2, 0x0, 0x0, 0x0, 0x6, 0x96, 0x2f,
    0xf2, 0x2, 0xff, 0x20, 0x0, 0x0, 0x0, 0xaf,
    0xa2, 0xff, 0x20, 0x2f, 0xf2, 0x0, 0x0, 0x0,
    0xa, 0xfa, 0x2f, 0xf2, 0x2, 0xff, 0x20, 0x0,
    0x0, 0x0, 0xaf, 0xa2, 0xff, 0x20, 0x2f, 0xf2,
    0x0, 0x2, 0xff, 0xff, 0xfa, 0x2f, 0xf2, 0x2,
    0xff, 0x20, 0x0, 0x2f, 0xff, 0xff, 0xa2, 0xff,
    0x20, 0x2f, 0xf2, 0x0, 0x1, 0x77, 0x77, 0x74,
    0x2f, 0xf2, 0x2, 0xff, 0x76, 0x66, 0x66, 0x66,
    0x66, 0x67, 0xff, 0x20, 0xe, 0xff, 0xff, 0xff,
    0xff, 0xff, 0xff, 0xff, 0xe0, 0x0, 0x3c, 0xff,
    0xff, 0xff, 0xff, 0xff, 0xff, 0xc3, 0x0,

    /* U+F083 "" */
    0x0, 0x0, 0x0, 0x0, 0x0, 0x0, 0x0, 0x0,
    0x0, 0x0, 0x0, 0x0, 0x0, 0x0, 0x0, 0x0,
    0x0, 0x0, 0x0, 0x98, 0x0, 0x0, 0x0, 0x0,
    0x0, 0x0, 0x0, 0x0, 0x0, 0x0, 0x0, 0x2,
    0xff, 0x20, 0x0, 0x0, 0x0, 0x0, 0x0, 0x0,
    0x0, 0x0, 0x0, 0x0, 0xb, 0xff, 0xb0, 0x0,
    0x0, 0x0, 0x0, 0x0, 0x0, 0x0, 0x0, 0x0,
    0x0, 0x5f, 0xff, 0xf5, 0x0, 0x0, 0x0, 0x0,
    0x0, 0x0, 0x0, 0x0, 0x0, 0x0, 0xef, 0xdd,
    0xfd, 0x0, 0x0, 0x0, 0x0, 0x0, 0x0, 0x0,
    0x0, 0x0, 0x8, 0xff, 0x33, 0xff, 0x70, 0x0,
    0x0, 0x0, 0x0, 0x0, 0x0, 0x0, 0x0, 0x1f,
    0xfa, 0x0, 0xaf, 0xf1, 0x0, 0x0, 0x0, 0x0,
    0x0, 0x0, 0x0, 0x0, 0xaf, 0xf1, 0x0, 0x1f,
    0xfa, 0x0, 0x0, 0x0, 0x0, 0x0, 0x0, 0x0,
    0x4, 0xff, 0x70, 0x11, 0x7, 0xff, 0x40, 0x0,
    0x0, 0x0, 0x0, 0x0, 0x0, 0xd, 0xfd, 0x2,
    0xff, 0x20, 0xdf, 0xd0, 0x0, 0x0, 0x0, 0x0,
    0x0, 0x0, 0x7f, 0xf4, 0x2, 0xff, 0x20, 0x4f,
    0xf6, 0x0, 0x0, 0x0, 0x0, 0x0, 0x1, 0xff,
    0xa0, 0x2, 0xff, 0x20, 0xa, 0xff, 0x10, 0x0,
    0x0, 0x0, 0x0, 0x9, 0xff, 0x10, 0x2, 0xff,
    0x20, 0x1, 0xff, 0x90, 0x0, 0x0, 0x0, 0x0,
    0x3f, 0xf7, 0x0, 0x2, 0xff, 0x20, 0x0, 0x7f,
    0xf3, 0x0, 0x0, 0x0, 0x0, 0xcf, 0xd0, 0x0,
    0x1, 0xbb, 0x10, 0x0, 0xd, 0xfc, 0x0, 0x0,
    0x0, 0x6, 0xff, 0x40, 0x0, 0x0, 0x0, 0x0,
    0x0, 0x4, 0xff, 0x50, 0x0, 0x0, 0xe, 0xfb,
    0x0, 0x0, 0x1, 0xee, 0x10, 0x0, 0x0, 0xbf,
    0xe0, 0x0, 0x0, 0x8f, 0xf2, 0x0, 0x0, 0x0,
    0xbb, 0x0, 0x0, 0x0, 0x2f, 0xf8, 0x0, 0x2,
    0xff, 0x80, 0x0, 0x0, 0x0, 0x0, 0x0, 0x0,
    0x0, 0x8, 0xff, 0x20, 0xb, 0xff, 0xff, 0xff,
    0xff, 0xff, 0xff, 0xff, 0xff, 0xff, 0xff, 0xff,
    0xb0, 0x5f, 0xff, 0xff, 0xff, 0xff, 0xff, 0xff,
    0xff, 0xff, 0xff, 0xff, 0xff, 0xf5, 0x46, 0x66,
    0x66, 0x66, 0x66, 0x66, 0x66, 0x66, 0x66, 0x66,
    0x66, 0x66, 0x64,

    /* U+F08F "" */
    0x0, 0x0, 0x0, 0x0, 0x3, 0x57, 0x65, 0x20,
    0x0, 0x0, 0x0, 0x0, 0x0, 0x0, 0x0, 0x19,
    0xef, 0xff, 0xff, 0xfd, 0x81, 0x0, 0x0, 0x0,
    0x0, 0x0, 0x8, 0xff, 0xff, 0xfe, 0xef, 0xff,
    0xfe, 0x60, 0x0, 0x0, 0x0, 0x1, 0xbf, 0xfe,
    0x73, 0x0, 0x0, 0x39, 0xff, 0xf9, 0x0, 0x0,
    0x0, 0xc, 0xff, 0x90, 0x0, 0x0, 0x0, 0x0,
    0x1b, 0xff, 0x90, 0x0, 0x0, 0x9f, 0xf6, 0x0,
    0x0, 0x0, 0x0, 0x0, 0x0, 0x9f, 0xf6, 0x0,
    0x3, 0xff, 0x80, 0x0, 0x0, 0x0, 0x0, 0x0,
    0x0, 0xb, 0xff, 0x10, 0xc, 0xfd, 0x0, 0x0,
    0x0, 0x0, 0x0, 0x0, 0x0, 0x1, 0xff, 0x90,
    0x1f, 0xf5, 0x0, 0x0, 0x0, 0x0, 0x0, 0x0,
    0x0, 0x0, 0x8f, 0xe0, 0x6f, 0xf0, 0x0, 0x0,
    0x0, 0x0, 0x0, 0x0, 0x0, 0x0, 0x2f, 0xf3,
    0x9f, 0xb0, 0x0, 0x0, 0x0, 0x0, 0x0, 0x0,
    0x0, 0x0, 0xe, 0xf6, 0xbf, 0xa0, 0x0, 0xef,
    0xff, 0xff, 0xff, 0xff, 0xfb, 0x0, 0xd, 0xf8,
    0xbf, 0x90, 0x0, 0xef, 0xff, 0xff, 0xff, 0xff,
    0xfb, 0x0, 0xc, 0xf8, 0xaf, 0xb0, 0x0, 0x55,
    0x55, 0x55, 0x55, 0x55, 0x54, 0x0, 0xe, 0xf7,
    0x8f, 0xd0, 0x0, 0x0, 0x0, 0x0, 0x0, 0x0,
    0x0, 0x0, 0x1f, 0xf5, 0x3f, 0xf2, 0x0, 0x0,
    0x0, 0x0, 0x0, 0x0, 0x0, 0x0, 0x5f, 0xf1,
    0xe, 0xfa, 0x0, 0x0, 0x0, 0x0, 0x0, 0x0,
    0x0, 0x0, 0xdf, 0xb0, 0x6, 0xff, 0x30, 0x0,
    0x0, 0x0, 0x0, 0x0, 0x0, 0x6, 0xff, 0x30,
    0x0, 0xdf, 0xe1, 0x0, 0x0, 0x0, 0x0, 0x0,
    0x0, 0x4f, 0xfa, 0x0, 0x0, 0x2f, 0xfe, 0x30,
    0x0, 0x0, 0x0, 0x0, 0x5, 0xff, 0xd1, 0x0,
    0x0, 0x4, 0xff, 0xf9, 0x10, 0x0, 0x0, 0x2,
    0xbf, 0xfe, 0x20, 0x0, 0x0, 0x0, 0x2d, 0xff,
    0xfc, 0x98, 0x8a, 0xdf, 0xff, 0xc1, 0x0, 0x0,
    0x0, 0x0, 0x0, 0x7e, 0xff, 0xff, 0xff, 0xff,
    0xe5, 0x0, 0x0, 0x0, 0x0, 0x0, 0x0, 0x0,
    0x49, 0xbd, 0xcb, 0x83, 0x0, 0x0, 0x0, 0x0,

    /* U+F097 "" */
    0x0, 0x0, 0x0, 0x0, 0x0, 0x0, 0x0, 0x0,
    0x49, 0x60, 0x0, 0x0, 0x0, 0x0, 0x0, 0x0,
    0x0, 0x0, 0x7, 0xff, 0xfb, 0x0, 0x0, 0x0,
    0x0, 0x0, 0x0, 0x0, 0x0, 0x7f, 0xff, 0xff,
    0xb0, 0x0, 0x0, 0x0, 0x0, 0x0, 0x0, 0x7,
    0xff, 0xff, 0xff, 0xf6, 0x0, 0x0, 0x0, 0x0,
    0x0, 0x0, 0x7f, 0xff, 0xff, 0xff, 0xf8, 0x0,
    0x0, 0x0, 0x0, 0x0, 0x7, 0xff, 0xff, 0xff,
    0xff, 0xf3, 0x0, 0x0, 0x0, 0x0, 0x0, 0x7f,
    0xfc, 0x4f, 0xff, 0xff, 0x60, 0x0, 0x0, 0x0,
    0x0, 0x7, 0xff, 0xc0, 0x4, 0xff, 0xf6, 0x0,
    0x0, 0x0, 0x0, 0x0, 0x7f, 0xfc, 0x0, 0x1c,
    0xff, 0x60, 0x0, 0x0, 0x0, 0x0, 0x7, 0xff,
    0xc0, 0x1, 0xcf, 0xf6, 0x0, 0x0, 0x0, 0x0,
    0x0, 0x7f, 0xfc, 0x0, 0x1c, 0xff, 0x60, 0x0,
    0x0, 0x0, 0x0, 0x7, 0xff, 0xc0, 0x1, 0xcf,
    0xf6, 0x0, 0x0, 0x0, 0x0, 0x0, 0x7f, 0xfc,
    0x0, 0x1c, 0xff, 0x60, 0x0, 0x0, 0x0, 0x0,
    0x7, 0xff, 0xc0, 0x1, 0xcf, 0xf6, 0x0, 0x0,
    0x0, 0x0, 0x0, 0x7f, 0xfc, 0x0, 0x1c, 0xff,
    0x60, 0x0, 0x0, 0x0, 0x0, 0x7, 0xff, 0xc0,
    0x1, 0xcf, 0xf6, 0x0, 0x0, 0x0, 0x0, 0x0,
    0x5f, 0xfc, 0x0, 0x1c, 0xff, 0x60, 0x0, 0x0,
    0x0, 0x0, 0x0, 0x6f, 0xf0, 0x1, 0xcf, 0xf6,
    0x0, 0x0, 0x0, 0x0, 0x0, 0x0, 0x6f, 0xe0,
    0x1c, 0xff, 0x60, 0x0, 0x0, 0x0, 0x0, 0x0,
    0x0, 0x6f, 0xff, 0xff, 0xf6, 0x0, 0x0, 0x0,
    0x0, 0x0, 0x0, 0x0, 0x6f, 0xff, 0xff, 0x60,
    0x0, 0x0, 0x0, 0x0, 0x0, 0x0, 0x0, 0x26,
    0x66, 0x64, 0x0, 0x0, 0x0, 0x0, 0x0, 0x0,
    0x0, 0x0,

    /* U+F0BE "" */
    0x0, 0x0, 0x0, 0x0, 0x3, 0x57, 0x65, 0x20,
    0x0, 0x0, 0x0, 0x0, 0x0, 0x0, 0x0, 0x19,
    0xef, 0xff, 0xff, 0xfd, 0x81, 0x0, 0x0, 0x0,
    0x0, 0x0, 0x8, 0xff, 0xff, 0xfe, 0xef, 0xff,
    0xfe, 0x60, 0x0, 0x0, 0x0, 0x1, 0xbf, 0xfe,
    0x73, 0x0, 0x0, 0x39, 0xff, 0xf9, 0x0, 0x0,
    0x0, 0xc, 0xff, 0x90, 0x0, 0x0, 0x0, 0x0,
    0x1b, 0xff, 0x90, 0x0, 0x0, 0x9f, 0xf6, 0x0,
    0x0, 0x0, 0x0, 0x0, 0x0, 0x9f, 0xf6, 0x0,
    0x3, 0xff, 0x80, 0x0, 0x0, 0x0, 0x0, 0x0,
    0x0, 0xb, 0xff, 0x10, 0xc, 0xfd, 0x0, 0x0,
    0x0, 0x0, 0x0, 0x0, 0x10, 0x1, 0xff, 0x90,
    0x1f, 0xf5, 0x0, 0x0, 0x0, 0x0, 0x0, 0x1,
    0xda, 0x0, 0x8f, 0xe0, 0x6f, 0xf0, 0x0, 0x0,
    0x0, 0x0, 0x0, 0x1d, 0xff, 0x30, 0x2f, 0xf3,
    0x9f, 0xb0, 0x0, 0x0, 0x0, 0x0, 0x1, 0xdf,
    0xf5, 0x0, 0xe, 0xf6, 0xbf, 0xa0, 0x0, 0x97,
    0x0, 0x0, 0x1d, 0xff, 0x50, 0x0, 0xd, 0xf8,
    0xbf, 0x90, 0x6, 0xff, 0x70, 0x1, 0xdf, 0xf5,
    0x0, 0x0, 0xc, 0xf8, 0xaf, 0xb0, 0x0, 0xbf,
    0xf7, 0x1d, 0xff, 0x50, 0x0, 0x0, 0xe, 0xf7,
    0x8f, 0xd0, 0x0, 0xb, 0xff, 0xef, 0xf5, 0x0,
    0x0, 0x0, 0x1f, 0xf5, 0x3f, 0xf2, 0x0, 0x0,
    0xbf, 0xff, 0x50, 0x0, 0x0, 0x0, 0x5f, 0xf1,
    0xe, 0xfa, 0x0, 0x0, 0xb, 0xf5, 0x0, 0x0,
    0x0, 0x0, 0xdf, 0xb0, 0x6, 0xff, 0x30, 0x0,
    0x0, 0x40, 0x0, 0x0, 0x0, 0x6, 0xff, 0x30,
    0x0, 0xdf, 0xe1, 0x0, 0x0, 0x0, 0x0, 0x0,
    0x0, 0x4f, 0xfa, 0x0, 0x0, 0x2f, 0xfe, 0x30,
    0x0, 0x0, 0x0, 0x0, 0x5, 0xff, 0xd1, 0x0,
    0x0, 0x4, 0xff, 0xf9, 0x10, 0x0, 0x0, 0x2,
    0xbf, 0xfe, 0x20, 0x0, 0x0, 0x0, 0x2d, 0xff,
    0xfc, 0x98, 0x8a, 0xdf, 0xff, 0xc1, 0x0, 0x0,
    0x0, 0x0, 0x0, 0x7e, 0xff, 0xff, 0xff, 0xff,
    0xe5, 0x0, 0x0, 0x0, 0x0, 0x0, 0x0, 0x0,
    0x49, 0xbd, 0xcb, 0x83, 0x0, 0x0, 0x0, 0x0,

    /* U+F137 "" */
    0x22, 0x0, 0x0, 0x0, 0x0, 0x67, 0x20, 0x17,
    0x70, 0x4f, 0x70, 0x0, 0x0, 0x0, 0xef, 0x60,
    0x4f, 0xf1, 0x4f, 0xfb, 0x10, 0x0, 0x0, 0xef,
    0x60, 0x4f, 0xf1, 0x4f, 0xff, 0xe5, 0x0, 0x0,
    0xef, 0x60, 0x4f, 0xf1, 0x4f, 0xff, 0xff, 0xa0,
    0x0, 0xef, 0x60, 0x4f, 0xf1, 0x4f, 0xff, 0xff,
    0xf5, 0x0, 0xef, 0x60, 0x4f, 0xf1, 0x4f, 0xff,
    0xfc, 0x20, 0x0, 0xef, 0x60, 0x4f, 0xf1, 0x4f,
    0xff, 0x70, 0x0, 0x0, 0xef, 0x60, 0x4f, 0xf1,
    0x4f, 0xd3, 0x0, 0x0, 0x0, 0xef, 0x60, 0x4f,
    0xf1, 0x49, 0x0, 0x0, 0x0, 0x0, 0xde, 0x50,
    0x3e, 0xe1, 0x0, 0x0, 0x0, 0x0, 0x0, 0x0,
    0x0, 0x0, 0x0,

    /* U+F190 "" */
    0x0, 0x0, 0x0, 0x0, 0x0, 0x0, 0x0, 0x0,
    0x0, 0x0, 0x1, 0x0, 0x0, 0x0, 0x0, 0x0,
    0x0, 0x0, 0x0, 0x0, 0x0, 0x96, 0x0, 0x0,
    0x0, 0x0, 0x0, 0x0, 0x0, 0x0, 0x0, 0x8,
    0xf6, 0x0, 0x0, 0x0, 0x0, 0x0, 0x0, 0x0,
    0x0, 0x0, 0x8f, 0xf6, 0x0, 0x0, 0x0, 0x0,
    0xb3, 0x0, 0x0, 0x0, 0x7, 0xff, 0xb0, 0x0,
    0x0, 0x0, 0xc, 0xff, 0x30, 0x0, 0x0, 0x7f,
    0xfb, 0x0, 0x0, 0x0, 0x0, 0xcf, 0xff, 0xf4,
    0x0, 0x7, 0xff, 0xb0, 0x0, 0x0, 0x0, 0xc,
    0xff, 0x9e, 0xff, 0x40, 0x6f, 0xfc, 0x0, 0x1,
    0x0, 0x0, 0xbf, 0xf7, 0x3, 0xef, 0xf9, 0xff,
    0xc0, 0x0, 0x96, 0x0, 0xb, 0xff, 0x70, 0x0,
    0x2e, 0xff, 0xfc, 0x0, 0x9, 0xf6, 0x0, 0xbf,
    0xf7, 0x0, 0x0, 0x2, 0xef, 0xc1, 0x0, 0xe,
    0xf6, 0xb, 0xff, 0x80, 0x0, 0x0, 0x0, 0x2b,
    0x10, 0x0, 0xe, 0xf6, 0x6f, 0xf8, 0x0, 0x14,
    0x0, 0x40, 0x0, 0x0, 0x50, 0xe, 0xf6, 0x6f,
    0x80, 0x1, 0xd6, 0x1, 0xf4, 0x0, 0x6, 0xe0,
    0xe, 0xf6, 0x68, 0x0, 0xc, 0xf6, 0x1, 0xff,
    0x20, 0x4f, 0xe0, 0xe, 0xf6, 0x10, 0x0, 0xe,
    0xf6, 0x1, 0xff, 0x40, 0x6f, 0xe0, 0xe, 0xf6,
    0x0, 0x0, 0xe, 0xf6, 0x1, 0xff, 0x40, 0x6f,
    0xe0, 0xe, 0xf6, 0x0, 0xa0, 0xe, 0xf6, 0x1,
    0xff, 0x40, 0x6f, 0xe0, 0xe, 0xf6, 0xb, 0xe0,
    0xe, 0xf6, 0x1, 0xff, 0x40, 0x6f, 0xe0, 0xe,
    0xf6, 0x6f, 0xe0, 0xe, 0xf6, 0x1, 0xff, 0x40,
    0x6f, 0xe0, 0xe, 0xf6, 0x6f, 0xe0, 0xe, 0xf6,
    0x1, 0xff, 0x40, 0x6f, 0xe0, 0xe, 0xf6, 0x38,
    0x70, 0x7, 0x83, 0x0, 0x88, 0x20, 0x38, 0x70,
    0x7, 0x83,

    /* U+F745 "" */
    0x0, 0x0, 0x0, 0x57, 0x77, 0x77, 0x77, 0x77,
    0x77, 0x77, 0x75, 0x0, 0x0, 0x0, 0xb, 0xff,
    0xff, 0xff, 0xff, 0xff, 0xff, 0xff, 0xff, 0xd0,
    0x0, 0x0, 0x2f, 0xfe, 0xee, 0xee, 0xee, 0xee,
    0xee, 0xee, 0xef, 0xf5, 0x0, 0x0, 0x3f, 0xf1,
    0x0, 0x0, 0x0, 0x0, 0x0, 0x0, 0xe, 0xf6,
    0x0, 0x0, 0x3f, 0xf1, 0x0, 0x0, 0x0, 0x0,
    0x0, 0x0, 0xe, 0xf6, 0xbc, 0x50, 0x3f, 0xf1,
    0x0, 0x0, 0x0, 0x0, 0x0, 0x0, 0xe, 0xf6,
    0xef, 0x70, 0x3f, 0xf1, 0x0, 0x2e, 0x60, 0x3,
    0xe4, 0x0, 0xe, 0xf6, 0xef, 0x70, 0x3f, 0xf1,
    0x0, 0xbf, 0xf6, 0x3f, 0xfe, 0x0, 0xe, 0xf6,
    0xef, 0x70, 0x3f, 0xf1, 0x0, 0xc, 0xff, 0xff,
    0xe2, 0x0, 0xe, 0xf6, 0xef, 0x70, 0x3f, 0xf1,
    0x0, 0x0, 0xcf, 0xff, 0x20, 0x0, 0xe, 0xf6,
    0xef, 0x70, 0x3f, 0xf1, 0x0, 0x4, 0xff, 0xff,
    0x70, 0x0, 0xe, 0xf6, 0xef, 0x70, 0x3f, 0xf1,
    0x0, 0x4f, 0xfe, 0xcf, 0xf7, 0x0, 0xe, 0xf6,
    0xef, 0x70, 0x3f, 0xf1, 0x0, 0xaf, 0xe2, 0xb,
    0xfd, 0x0, 0xe, 0xf6, 0xef, 0x70, 0x3f, 0xf1,
    0x0, 0x9, 0x20, 0x0, 0x91, 0x0, 0xe, 0xf6,
    0xef, 0x70, 0x3f, 0xf1, 0x0, 0x0, 0x0, 0x0,
    0x0, 0x0, 0xe, 0xf6, 0xef, 0x70, 0x3f, 0xf1,
    0x0, 0x0, 0x0, 0x0, 0x0, 0x0, 0xe, 0xf6,
    0xef, 0x70, 0x3f, 0xf6, 0x55, 0x55, 0x55, 0x55,
    0x55, 0x55, 0x5f, 0xf6, 0xef, 0x70, 0x1f, 0xff,
    0xff, 0xff, 0xff, 0xff, 0xff, 0xff, 0xff, 0xf3,
    0xef, 0x70, 0x4, 0xdf, 0xff, 0xff, 0xff, 0xff,
    0xff, 0xff, 0xfe, 0x70, 0xef, 0x70, 0x0, 0x0,
    0x0, 0x0, 0x0, 0x0, 0x0, 0x0, 0x0, 0x0,
    0xef, 0x70, 0x0, 0x0, 0x0, 0x0, 0x0, 0x0,
    0x0, 0x0, 0x0, 0x0, 0xdf, 0xb7, 0x77, 0x77,
    0x77, 0x77, 0x77, 0x77, 0x77, 0x50, 0x0, 0x0,
    0xaf, 0xff, 0xff, 0xff, 0xff, 0xff, 0xff, 0xff,
    0xff, 0xc0, 0x0, 0x0, 0x1a, 0xde, 0xee, 0xee,
    0xee, 0xee, 0xee, 0xee, 0xee, 0xb0, 0x0, 0x0,

    /* U+F8C7 "" */
    0x0, 0x0, 0x0, 0x0, 0x0, 0x3c, 0xc0, 0x0,
    0x0, 0x0, 0x0, 0x0, 0x0, 0x0, 0x0, 0x0,
    0x0, 0x4f, 0xf1, 0x0, 0x0, 0x0, 0x0, 0x0,
    0x0, 0x0, 0x0, 0x0, 0x0, 0x4f, 0xf1, 0x0,
    0x0, 0x0, 0x0, 0x0, 0x0, 0x2, 0x0, 0x0,
    0x0, 0x4f, 0xf1, 0x0, 0x0, 0x0, 0x10, 0x0,
    0x0, 0x2e, 0x80, 0x0, 0x0, 0x4f, 0xf1, 0x0,
    0x0, 0xb, 0xd0, 0x0, 0x0, 0xcf, 0xe1, 0x0,
    0x0, 0x4f, 0xf1, 0x0, 0x0, 0x3f, 0xf9, 0x0,
    0x5, 0xff, 0x40, 0x0, 0x0, 0x4f, 0xf1, 0x0,
    0x0, 0x7, 0xff, 0x30, 0xd, 0xfb, 0x0, 0x0,
    0x0, 0x4f, 0xf1, 0x0, 0x0, 0x0, 0xef, 0xa0,
    0x3f, 0xf3, 0x0, 0x0, 0x0, 0x4f, 0xf1, 0x0,
    0x0, 0x0, 0x6f, 0xf0, 0x7f, 0xe0, 0x0, 0x0,
    0x0, 0x4f, 0xf1, 0x0, 0x0, 0x0, 0x1f, 0xf4,
    0x9f, 0xb0, 0x0, 0x0, 0x0, 0x4f, 0xf1, 0x0,
    0x0, 0x0, 0xe, 0xf6, 0xbf, 0x90, 0x0, 0x0,
    0x0, 0x4f, 0xf1, 0x0, 0x0, 0x0, 0xd, 0xf8,
    0xbf, 0x90, 0x0, 0x0, 0x0, 0x4f, 0xf1, 0x0,
    0x0, 0x0, 0xd, 0xf8, 0x9f, 0xb0, 0x0, 0x0,
    0x0, 0x0, 0x0, 0x0, 0x0, 0x0, 0xe, 0xf6,
    0x7f, 0xe0, 0x0, 0x0, 0x0, 0x0, 0x0, 0x0,
    0x0, 0x0, 0x1f, 0xf4, 0x3f, 0xf3, 0x0, 0x0,
    0x0, 0x0, 0x0, 0x0, 0x0, 0x0, 0x6f, 0xf0,
    0xd, 0xfa, 0x0, 0x0, 0x0, 0x0, 0x0, 0x0,
    0x0, 0x0, 0xdf, 0xa0, 0x6, 0xff, 0x40, 0x0,
    0x0, 0x0, 0x0, 0x0, 0x0, 0x7, 0xff, 0x30,
    0x0, 0xcf, 0xe2, 0x0, 0x0, 0x0, 0x0, 0x0,
    0x0, 0x4f, 0xfa, 0x0, 0x0, 0x2e, 0xfe, 0x30,
    0x0, 0x0, 0x0, 0x0, 0x6, 0xff, 0xd0, 0x0,
    0x0, 0x3, 0xff, 0xf9, 0x20, 0x0, 0x0, 0x3,
    0xbf, 0xfd, 0x20, 0x0, 0x0, 0x0, 0x2d, 0xff,
    0xfd, 0x98, 0x8a, 0xdf, 0xff, 0xb1, 0x0, 0x0,
    0x0, 0x0, 0x0, 0x7e, 0xff, 0xff, 0xff, 0xff,
    0xd5, 0x0, 0x0, 0x0, 0x0, 0x0, 0x0, 0x0,
    0x49, 0xbd, 0xcb, 0x83, 0x0, 0x0, 0x0, 0x0,

    /* U+F8CD "" */
    0x0, 0x0, 0x3, 0x78, 0x73, 0x0, 0x0, 0x0,
    0x0, 0x0, 0x0, 0x0, 0x1, 0xcf, 0xff, 0xff,
    0xd4, 0x0, 0x0, 0x0, 0x0, 0x0, 0x0, 0x0,
    0x6f, 0xff, 0xff, 0xff, 0x60, 0x0, 0x0, 0x0,
    0x0, 0x1, 0x0, 0x6, 0xff, 0xd5, 0xdf, 0xf4,
    0x0, 0x0, 0x0, 0x0, 0xc, 0x60, 0x0, 0x5f,
    0xfd, 0x2d, 0xfd, 0x0, 0x0, 0x0, 0x0, 0x3f,
    0xf6, 0x0, 0x6, 0xff, 0xa4, 0xff, 0x30, 0x0,
    0x0, 0x0, 0x6f, 0xff, 0x60, 0xa, 0xff, 0x70,
    0xff, 0x60, 0x0, 0x0, 0x0, 0x7f, 0xff, 0xf7,
    0xaf, 0xf9, 0x0, 0xdf, 0x70, 0x0, 0x0, 0x0,
    0x6f, 0xfc, 0xff, 0xff, 0x90, 0x0, 0xff, 0x60,
    0x0, 0x0, 0x0, 0x3f, 0xf5, 0xcf, 0xf9, 0x0,
    0x4, 0xff, 0x20, 0x0, 0x0, 0x0, 0xc, 0xfe,
    0x29, 0x70, 0x0, 0x9, 0xff, 0x90, 0x0, 0x0,
    0x0, 0x3, 0xff, 0xe5, 0x0, 0x4, 0x90, 0xbf,
    0xf9, 0x0, 0x0, 0x0, 0x0, 0x6f, 0xff, 0xfe,
    0xff, 0xfb, 0xb, 0xff, 0x90, 0x0, 0x0, 0x0,
    0x3, 0xcf, 0xff, 0xff, 0xff, 0xb0, 0xbf, 0xfa,
    0x0, 0x0, 0x0, 0x0, 0x2, 0x67, 0x62, 0x8f,
    0xfb, 0xb, 0xff, 0xa0, 0x0, 0x0, 0x0, 0x0,
    0x0, 0x0, 0x8, 0xff, 0xb0, 0xbf, 0xfa, 0x0,
    0x0, 0x0, 0x0, 0x0, 0x0, 0x0, 0x9f, 0xfb,
    0xb, 0xff, 0xa0, 0x0, 0x0, 0x0, 0x0, 0x0,
    0x0, 0x9, 0xff, 0xb0, 0xbf, 0xf6, 0x0, 0x0,
    0x0, 0x0, 0x0, 0x0, 0x0, 0x9f, 0xfb, 0xef,
    0xf3, 0x0, 0x0, 0x0, 0x0, 0x0, 0x0, 0x0,
    0x9, 0xff, 0xff, 0x50, 0x0, 0x0, 0x0, 0x0,
    0x0, 0x0, 0x0, 0x0, 0x9f, 0xf5, 0x0, 0x0,
    0x0, 0x0, 0x0, 0x0, 0x0, 0x0, 0x0, 0x5,
    0x30, 0x0
};


/*---------------------
 *  GLYPH DESCRIPTION
 *--------------------*/

static const lv_font_fmt_txt_glyph_dsc_t glyph_dsc[] = {
    {.bitmap_index = 0, .adv_w = 0, .box_w = 0, .box_h = 0, .ofs_x = 0, .ofs_y = 0} /* id = 0 reserved */,
    {.bitmap_index = 0, .adv_w = 448, .box_w = 20, .box_h = 20, .ofs_x = 4, .ofs_y = 4},
    {.bitmap_index = 200, .adv_w = 448, .box_w = 24, .box_h = 14, .ofs_x = 2, .ofs_y = 7},
    {.bitmap_index = 368, .adv_w = 448, .box_w = 24, .box_h = 14, .ofs_x = 2, .ofs_y = 7},
    {.bitmap_index = 536, .adv_w = 448, .box_w = 22, .box_h = 25, .ofs_x = 3, .ofs_y = 2},
    {.bitmap_index = 811, .adv_w = 448, .box_w = 24, .box_h = 25, .ofs_x = 1, .ofs_y = 1},
    {.bitmap_index = 1111, .adv_w = 448, .box_w = 18, .box_h = 18, .ofs_x = 5, .ofs_y = 5},
    {.bitmap_index = 1273, .adv_w = 448, .box_w = 13, .box_h = 18, .ofs_x = 9, .ofs_y = 5},
    {.bitmap_index = 1390, .adv_w = 448, .box_w = 23, .box_h = 17, .ofs_x = 3, .ofs_y = 4},
    {.bitmap_index = 1586, .adv_w = 448, .box_w = 24, .box_h = 25, .ofs_x = 2, .ofs_y = 2},
    {.bitmap_index = 1886, .adv_w = 448, .box_w = 22, .box_h = 24, .ofs_x = 3, .ofs_y = 2},
    {.bitmap_index = 2150, .adv_w = 448, .box_w = 22, .box_h = 25, .ofs_x = 3, .ofs_y = 2},
    {.bitmap_index = 2425, .adv_w = 448, .box_w = 20, .box_h = 20, .ofs_x = 4, .ofs_y = 4},
    {.bitmap_index = 2625, .adv_w = 448, .box_w = 16, .box_h = 14, .ofs_x = 6, .ofs_y = 7},
    {.bitmap_index = 2737, .adv_w = 448, .box_w = 16, .box_h = 14, .ofs_x = 6, .ofs_y = 7},
    {.bitmap_index = 2849, .adv_w = 448, .box_w = 14, .box_h = 14, .ofs_x = 7, .ofs_y = 7},
    {.bitmap_index = 2947, .adv_w = 448, .box_w = 24, .box_h = 20, .ofs_x = 2, .ofs_y = 4},
    {.bitmap_index = 3187, .adv_w = 448, .box_w = 24, .box_h = 20, .ofs_x = 2, .ofs_y = 4},
    {.bitmap_index = 3427, .adv_w = 448, .box_w = 17, .box_h = 20, .ofs_x = 5, .ofs_y = 4},
    {.bitmap_index = 3597, .adv_w = 448, .box_w = 11, .box_h = 20, .ofs_x = 8, .ofs_y = 4},
    {.bitmap_index = 3707, .adv_w = 448, .box_w = 24, .box_h = 24, .ofs_x = 1, .ofs_y = 1},
    {.bitmap_index = 3995, .adv_w = 448, .box_w = 22, .box_h = 22, .ofs_x = 3, .ofs_y = 3},
    {.bitmap_index = 4237, .adv_w = 448, .box_w = 24, .box_h = 24, .ofs_x = 2, .ofs_y = 2},
    {.bitmap_index = 4525, .adv_w = 448, .box_w = 18, .box_h = 18, .ofs_x = 5, .ofs_y = 5},
    {.bitmap_index = 4687, .adv_w = 448, .box_w = 21, .box_h = 24, .ofs_x = 3, .ofs_y = 2},
    {.bitmap_index = 4939, .adv_w = 448, .box_w = 24, .box_h = 24, .ofs_x = 2, .ofs_y = 2},
    {.bitmap_index = 5227, .adv_w = 448, .box_w = 22, .box_h = 24, .ofs_x = 3, .ofs_y = 3},
    {.bitmap_index = 5491, .adv_w = 448, .box_w = 24, .box_h = 20, .ofs_x = 2, .ofs_y = 4},
    {.bitmap_index = 5731, .adv_w = 448, .box_w = 20, .box_h = 19, .ofs_x = 4, .ofs_y = 5},
    {.bitmap_index = 5921, .adv_w = 448, .box_w = 18, .box_h = 4, .ofs_x = 5, .ofs_y = 12},
    {.bitmap_index = 5957, .adv_w = 448, .box_w = 22, .box_h = 22, .ofs_x = 3, .ofs_y = 3},
    {.bitmap_index = 6199, .adv_w = 448, .box_w = 22, .box_h = 22, .ofs_x = 3, .ofs_y = 3},
    {.bitmap_index = 6441, .adv_w = 448, .box_w = 20, .box_h = 19, .ofs_x = 4, .ofs_y = 5},
    {.bitmap_index = 6631, .adv_w = 448, .box_w = 25, .box_h = 24, .ofs_x = 1, .ofs_y = 1},
    {.bitmap_index = 6931, .adv_w = 448, .box_w = 22, .box_h = 24, .ofs_x = 3, .ofs_y = 2},
    {.bitmap_index = 7195, .adv_w = 448, .box_w = 23, .box_h = 23, .ofs_x = 3, .ofs_y = 3},
    {.bitmap_index = 7460, .adv_w = 448, .box_w = 14, .box_h = 18, .ofs_x = 7, .ofs_y = 5},
    {.bitmap_index = 7586, .adv_w = 448, .box_w = 17, .box_h = 18, .ofs_x = 5, .ofs_y = 5},
    {.bitmap_index = 7739, .adv_w = 448, .box_w = 22, .box_h = 20, .ofs_x = 3, .ofs_y = 4},
    {.bitmap_index = 7959, .adv_w = 448, .box_w = 21, .box_h = 14, .ofs_x = 4, .ofs_y = 7},
    {.bitmap_index = 8106, .adv_w = 448, .box_w = 24, .box_h = 12, .ofs_x = 2, .ofs_y = 8},
    {.bitmap_index = 8250, .adv_w = 448, .box_w = 24, .box_h = 20, .ofs_x = 2, .ofs_y = 4},
    {.bitmap_index = 8490, .adv_w = 448, .box_w = 24, .box_h = 20, .ofs_x = 2, .ofs_y = 4},
    {.bitmap_index = 8730, .adv_w = 448, .box_w = 26, .box_h = 20, .ofs_x = 2, .ofs_y = 4},
    {.bitmap_index = 8990, .adv_w = 448, .box_w = 25, .box_h = 24, .ofs_x = 2, .ofs_y = 2},
    {.bitmap_index = 9290, .adv_w = 448, .box_w = 24, .box_h = 22, .ofs_x = 2, .ofs_y = 3},
    {.bitmap_index = 9554, .adv_w = 448, .box_w = 18, .box_h = 23, .ofs_x = 5, .ofs_y = 3},
    {.bitmap_index = 9761, .adv_w = 448, .box_w = 26, .box_h = 22, .ofs_x = 1, .ofs_y = 3},
    {.bitmap_index = 10047, .adv_w = 448, .box_w = 18, .box_h = 24, .ofs_x = 5, .ofs_y = 2},
    {.bitmap_index = 10263, .adv_w = 448, .box_w = 23, .box_h = 22, .ofs_x = 2, .ofs_y = 3},
    {.bitmap_index = 10516, .adv_w = 448, .box_w = 26, .box_h = 26, .ofs_x = 1, .ofs_y = 1},
    {.bitmap_index = 10854, .adv_w = 448, .box_w = 14, .box_h = 22, .ofs_x = 7, .ofs_y = 3},
    {.bitmap_index = 11008, .adv_w = 448, .box_w = 24, .box_h = 24, .ofs_x = 2, .ofs_y = 2},
    {.bitmap_index = 11296, .adv_w = 448, .box_w = 24, .box_h = 22, .ofs_x = 2, .ofs_y = 3},
    {.bitmap_index = 11560, .adv_w = 448, .box_w = 22, .box_h = 25, .ofs_x = 3, .ofs_y = 2},
    {.bitmap_index = 11835, .adv_w = 448, .box_w = 22, .box_h = 22, .ofs_x = 3, .ofs_y = 3},
    {.bitmap_index = 12077, .adv_w = 448, .box_w = 20, .box_h = 20, .ofs_x = 4, .ofs_y = 4},
    {.bitmap_index = 12277, .adv_w = 448, .box_w = 20, .box_h = 20, .ofs_x = 4, .ofs_y = 4},
    {.bitmap_index = 12477, .adv_w = 448, .box_w = 20, .box_h = 20, .ofs_x = 4, .ofs_y = 4},
    {.bitmap_index = 12677, .adv_w = 448, .box_w = 18, .box_h = 18, .ofs_x = 5, .ofs_y = 5},
    {.bitmap_index = 12839, .adv_w = 448, .box_w = 20, .box_h = 20, .ofs_x = 4, .ofs_y = 4},
    {.bitmap_index = 13039, .adv_w = 448, .box_w = 20, .box_h = 20, .ofs_x = 4, .ofs_y = 4},
    {.bitmap_index = 13239, .adv_w = 448, .box_w = 20, .box_h = 20, .ofs_x = 4, .ofs_y = 4},
    {.bitmap_index = 13439, .adv_w = 448, .box_w = 20, .box_h = 20, .ofs_x = 4, .ofs_y = 4},
    {.bitmap_index = 13639, .adv_w = 448, .box_w = 24, .box_h = 24, .ofs_x = 1, .ofs_y = 1},
    {.bitmap_index = 13927, .adv_w = 448, .box_w = 20, .box_h = 15, .ofs_x = 4, .ofs_y = 7},
    {.bitmap_index = 14077, .adv_w = 448, .box_w = 24, .box_h = 20, .ofs_x = 2, .ofs_y = 4},
    {.bitmap_index = 14317, .adv_w = 448, .box_w = 22, .box_h = 20, .ofs_x = 4, .ofs_y = 4},
    {.bitmap_index = 14537, .adv_w = 448, .box_w = 19, .box_h = 26, .ofs_x = 5, .ofs_y = 1},
    {.bitmap_index = 14784, .adv_w = 448, .box_w = 20, .box_h = 24, .ofs_x = 4, .ofs_y = 2},
    {.bitmap_index = 15024, .adv_w = 448, .box_w = 24, .box_h = 24, .ofs_x = 2, .ofs_y = 2},
    {.bitmap_index = 15312, .adv_w = 448, .box_w = 24, .box_h = 24, .ofs_x = 2, .ofs_y = 2},
    {.bitmap_index = 15600, .adv_w = 448, .box_w = 24, .box_h = 14, .ofs_x = 2, .ofs_y = 7},
    {.bitmap_index = 15768, .adv_w = 448, .box_w = 22, .box_h = 22, .ofs_x = 3, .ofs_y = 3},
    {.bitmap_index = 16010, .adv_w = 448, .box_w = 20, .box_h = 24, .ofs_x = 4, .ofs_y = 2},
    {.bitmap_index = 16250, .adv_w = 448, .box_w = 20, .box_h = 15, .ofs_x = 4, .ofs_y = 7},
    {.bitmap_index = 16400, .adv_w = 448, .box_w = 22, .box_h = 22, .ofs_x = 3, .ofs_y = 3},
    {.bitmap_index = 16642, .adv_w = 448, .box_w = 24, .box_h = 24, .ofs_x = 2, .ofs_y = 2},
    {.bitmap_index = 16930, .adv_w = 448, .box_w = 20, .box_h = 24, .ofs_x = 4, .ofs_y = 2},
    {.bitmap_index = 17170, .adv_w = 448, .box_w = 24, .box_h = 24, .ofs_x = 2, .ofs_y = 2},
    {.bitmap_index = 17458, .adv_w = 448, .box_w = 20, .box_h = 24, .ofs_x = 4, .ofs_y = 2},
    {.bitmap_index = 17698, .adv_w = 448, .box_w = 24, .box_h = 24, .ofs_x = 2, .ofs_y = 2},
    {.bitmap_index = 17986, .adv_w = 448, .box_w = 20, .box_h = 25, .ofs_x = 4, .ofs_y = 2},
    {.bitmap_index = 18236, .adv_w = 448, .box_w = 20, .box_h = 25, .ofs_x = 4, .ofs_y = 2},
    {.bitmap_index = 18486, .adv_w = 448, .box_w = 22, .box_h = 22, .ofs_x = 3, .ofs_y = 3},
    {.bitmap_index = 18728, .adv_w = 448, .box_w = 24, .box_h = 24, .ofs_x = 2, .ofs_y = 2},
    {.bitmap_index = 19016, .adv_w = 448, .box_w = 24, .box_h = 20, .ofs_x = 2, .ofs_y = 4},
    {.bitmap_index = 19256, .adv_w = 448, .box_w = 18, .box_h = 22, .ofs_x = 5, .ofs_y = 3},
    {.bitmap_index = 19454, .adv_w = 448, .box_w = 24, .box_h = 24, .ofs_x = 2, .ofs_y = 2},
    {.bitmap_index = 19742, .adv_w = 448, .box_w = 20, .box_h = 22, .ofs_x = 4, .ofs_y = 3},
    {.bitmap_index = 19962, .adv_w = 448, .box_w = 22, .box_h = 24, .ofs_x = 3, .ofs_y = 2},
    {.bitmap_index = 20226, .adv_w = 448, .box_w = 24, .box_h = 24, .ofs_x = 2, .ofs_y = 2},
    {.bitmap_index = 20514, .adv_w = 448, .box_w = 20, .box_h = 22, .ofs_x = 4, .ofs_y = 3},
    {.bitmap_index = 20734, .adv_w = 448, .box_w = 22, .box_h = 22, .ofs_x = 3, .ofs_y = 3},
    {.bitmap_index = 20976, .adv_w = 448, .box_w = 20, .box_h = 24, .ofs_x = 4, .ofs_y = 2},
    {.bitmap_index = 21216, .adv_w = 448, .box_w = 24, .box_h = 24, .ofs_x = 2, .ofs_y = 2},
    {.bitmap_index = 21504, .adv_w = 448, .box_w = 20, .box_h = 24, .ofs_x = 4, .ofs_y = 2},
    {.bitmap_index = 21744, .adv_w = 448, .box_w = 24, .box_h = 22, .ofs_x = 2, .ofs_y = 3},
    {.bitmap_index = 22008, .adv_w = 448, .box_w = 24, .box_h = 18, .ofs_x = 2, .ofs_y = 5},
    {.bitmap_index = 22224, .adv_w = 448, .box_w = 20, .box_h = 24, .ofs_x = 4, .ofs_y = 2},
    {.bitmap_index = 22464, .adv_w = 448, .box_w = 20, .box_h = 24, .ofs_x = 4, .ofs_y = 2},
    {.bitmap_index = 22704, .adv_w = 448, .box_w = 22, .box_h = 22, .ofs_x = 3, .ofs_y = 3},
    {.bitmap_index = 22946, .adv_w = 448, .box_w = 24, .box_h = 20, .ofs_x = 2, .ofs_y = 4},
    {.bitmap_index = 23186, .adv_w = 448, .box_w = 25, .box_h = 25, .ofs_x = 2, .ofs_y = 2},
    {.bitmap_index = 23499, .adv_w = 448, .box_w = 22, .box_h = 24, .ofs_x = 3, .ofs_y = 2},
    {.bitmap_index = 23763, .adv_w = 448, .box_w = 25, .box_h = 24, .ofs_x = 2, .ofs_y = 3},
    {.bitmap_index = 24063, .adv_w = 448, .box_w = 20, .box_h = 24, .ofs_x = 4, .ofs_y = 2},
    {.bitmap_index = 24303, .adv_w = 448, .box_w = 22, .box_h = 22, .ofs_x = 3, .ofs_y = 3},
    {.bitmap_index = 24545, .adv_w = 448, .box_w = 22, .box_h = 22, .ofs_x = 3, .ofs_y = 3},
    {.bitmap_index = 24787, .adv_w = 448, .box_w = 24, .box_h = 24, .ofs_x = 2, .ofs_y = 2},
    {.bitmap_index = 25075, .adv_w = 448, .box_w = 22, .box_h = 22, .ofs_x = 3, .ofs_y = 3},
    {.bitmap_index = 25317, .adv_w = 448, .box_w = 20, .box_h = 23, .ofs_x = 4, .ofs_y = 3},
    {.bitmap_index = 25547, .adv_w = 448, .box_w = 19, .box_h = 26, .ofs_x = 5, .ofs_y = 1},
    {.bitmap_index = 25794, .adv_w = 448, .box_w = 26, .box_h = 23, .ofs_x = 1, .ofs_y = 3},
    {.bitmap_index = 26093, .adv_w = 448, .box_w = 24, .box_h = 24, .ofs_x = 2, .ofs_y = 2},
    {.bitmap_index = 26381, .adv_w = 448, .box_w = 22, .box_h = 22, .ofs_x = 3, .ofs_y = 3},
    {.bitmap_index = 26623, .adv_w = 448, .box_w = 24, .box_h = 24, .ofs_x = 2, .ofs_y = 2},
    {.bitmap_index = 26911, .adv_w = 448, .box_w = 18, .box_h = 11, .ofs_x = 5, .ofs_y = 8},
    {.bitmap_index = 27010, .adv_w = 448, .box_w = 22, .box_h = 22, .ofs_x = 3, .ofs_y = 3},
    {.bitmap_index = 27252, .adv_w = 448, .box_w = 24, .box_h = 24, .ofs_x = 2, .ofs_y = 2},
    {.bitmap_index = 27540, .adv_w = 448, .box_w = 24, .box_h = 24, .ofs_x = 2, .ofs_y = 2},
    {.bitmap_index = 27828, .adv_w = 448, .box_w = 22, .box_h = 22, .ofs_x = 3, .ofs_y = 3}
};

/*---------------------
 *  CHARACTER MAPPING
 *--------------------*/

static const uint16_t unicode_list_0[] = {
    0x0, 0x2, 0x3, 0x6, 0xe, 0x17, 0x1a, 0x20,
    0x21, 0x23, 0x25, 0x26, 0x27, 0x28, 0x2a, 0x2c,
    0x2e, 0x30, 0x31, 0x32, 0x33, 0xac, 0x128, 0x130,
    0x131, 0x132, 0x13c, 0x13d, 0x13e, 0x144, 0x145, 0x149,
    0x152, 0x19b, 0x1a0, 0x21b, 0x222, 0x224, 0x227, 0x233,
    0x245, 0x2aa, 0x2ab, 0x2be, 0x2ef, 0x300, 0x301, 0x310,
    0x391, 0x3a1, 0x3e8, 0x3ed, 0x3f5, 0x408, 0x40c, 0x5a6,
    0x5a7, 0x5ab, 0x5b0, 0x5b8, 0x5bb, 0x5be, 0x60a, 0x629,
    0x64b, 0x667, 0x728, 0x79d, 0x7d8, 0x7da, 0x7ee, 0x852,
    0x854, 0x856, 0x859, 0x85c, 0x85d, 0x863, 0x86b, 0x86e,
    0x871, 0x87b, 0x87c, 0x881, 0x89b, 0x8bb, 0x8ca, 0x8e0,
    0x911, 0x918, 0x973, 0x995, 0x99d, 0x9c3, 0x9ea, 0x9ee,
    0x9f5, 0xa0b, 0xa3e, 0xa3f, 0xa42, 0xb71, 0xb7e, 0xbaf,
    0xbce, 0xbe2, 0xf21, 0xf5d, 0xfb9, 0x1002, 0x1036, 0x1039,
    0x1066, 0x1072, 0x107a, 0x10a1, 0x111a, 0x1173, 0x1728, 0x18aa,
    0x18b0
};

/*Collect the unicode lists and glyph_id offsets*/
static const lv_font_fmt_txt_cmap_t cmaps[] =
{
    {
        .range_start = 57373, .range_length = 6321, .glyph_id_start = 1,
        .unicode_list = unicode_list_0, .glyph_id_ofs_list = NULL, .list_length = 121, .type = LV_FONT_FMT_TXT_CMAP_SPARSE_TINY
    }
};



/*--------------------
 *  ALL CUSTOM DATA
 *--------------------*/

#if LVGL_VERSION_MAJOR == 8
/*Store all the custom data of the font*/
static  lv_font_fmt_txt_glyph_cache_t cache;
#endif

#if LVGL_VERSION_MAJOR >= 8
static const lv_font_fmt_txt_dsc_t font_dsc = {
#else
static lv_font_fmt_txt_dsc_t font_dsc = {
#endif
    .glyph_bitmap = glyph_bitmap,
    .glyph_dsc = glyph_dsc,
    .cmaps = cmaps,
    .kern_dsc = NULL,
    .kern_scale = 0,
    .cmap_num = 1,
    .bpp = 4,
    .kern_classes = 0,
    .bitmap_format = 0,
#if LVGL_VERSION_MAJOR == 8
    .cache = &cache
#endif
};



/*-----------------
 *  PUBLIC FONT
 *----------------*/

/*Initialize a public general font descriptor*/
#if LVGL_VERSION_MAJOR >= 8
const lv_font_t lv_font_material_symbols_28 = {
#else
lv_font_t lv_font_material_symbols_28 = {
#endif
    .get_glyph_dsc = lv_font_get_glyph_dsc_fmt_txt,    /*Function pointer to get glyph's data*/
    .get_glyph_bitmap = lv_font_get_bitmap_fmt_txt,    /*Function pointer to get glyph's bitmap*/
    .line_height = 26,          /*The maximum line height required by the font*/
    .base_line = -1,             /*Baseline measured from the bottom of the line*/
#if !(LVGL_VERSION_MAJOR == 6 && LVGL_VERSION_MINOR == 0)
    .subpx = LV_FONT_SUBPX_NONE,
#endif
#if LV_VERSION_CHECK(7, 4, 0) || LVGL_VERSION_MAJOR >= 8
    .underline_position = 0,
    .underline_thickness = 0,
#endif
    .dsc = &font_dsc,          /*The custom font data. Will be accessed by `get_glyph_bitmap/dsc` */
#if LV_VERSION_CHECK(8, 2, 0) || LVGL_VERSION_MAJOR >= 9
    .fallback = NULL,
#endif
    .user_data = NULL,
};



#endif /*#if LV_FONT_MATERIAL_SYMBOLS_28*/

