/*******************************************************************************
 * Size: 20 px
 * Bpp: 4
 * Opts: --font /Volumes/T7/Projects/Matrix Macropad/firmware/MaterialSymbolsOutlined.ttf -r 0xe01d,0xe01f,0xe020,0xe023,0xe02b,0xe034,0xe037,0xe03d,0xe03e,0xe040,0xe042,0xe043,0xe044,0xe045,0xe047,0xe049,0xe04b,0xe04d,0xe04e,0xe04f,0xe050,0xe0c9,0xe145,0xe14d,0xe14e,0xe14f,0xe159,0xe15a,0xe15b,0xe161,0xe162,0xe166,0xe16f,0xe1b8,0xe1bd,0xe238,0xe23f,0xe241,0xe244,0xe250,0xe262,0xe2c7,0xe2c8,0xe2db,0xe30c,0xe31d,0xe31e,0xe32d,0xe3ae,0xe3be,0xe405,0xe40a,0xe412,0xe425,0xe429,0xe5c3,0xe5c4,0xe5c8,0xe5cd,0xe5cd,0xe5d5,0xe5d8,0xe5db,0xe627,0xe646,0xe668,0xe684,0xe745,0xe7ba,0xe7f5,0xe7f7,0xe80b,0xe86f,0xe871,0xe873,0xe876,0xe879,0xe87a,0xe880,0xe888,0xe888,0xe88b,0xe88e,0xe898,0xe899,0xe89e,0xe8b8,0xe8d8,0xe8e7,0xe8fd,0xe92e,0xe935,0xe990,0xe9b2,0xe9ba,0xe9e0,0xea07,0xea0b,0xea12,0xea28,0xea5b,0xea5c,0xea5f,0xeb8e,0xeb9b,0xebcc,0xebeb,0xebff,0xef3e,0xef7a,0xefd6,0xf01f,0xf053,0xf056,0xf083,0xf08f,0xf097,0xf0be,0xf137,0xf190,0xf745,0xf8c7,0xf8cd --size 20 --format lvgl --bpp 4 --no-compress -o /Volumes/T7/Projects/Matrix Macropad/firmware/src/lv_font_material_symbols_20.c
 ******************************************************************************/

#include "lvgl.h"

#ifndef LV_FONT_MATERIAL_SYMBOLS_20
#define LV_FONT_MATERIAL_SYMBOLS_20 1
#endif

#if LV_FONT_MATERIAL_SYMBOLS_20

/*-----------------
 *    BITMAPS
 *----------------*/

/*Store the image of the glyphs*/
static LV_ATTRIBUTE_LARGE_CONST const uint8_t glyph_bitmap[] = {
    /* U+E01D "" */
    0x0, 0x0, 0x9, 0xaa, 0x40, 0x0, 0x0, 0x0,
    0x0, 0xe, 0xff, 0x60, 0x0, 0x0, 0x0, 0x0,
    0xe, 0xff, 0x60, 0x0, 0x0, 0x0, 0x0, 0xe,
    0xff, 0x60, 0x0, 0x0, 0x0, 0x0, 0xe, 0xff,
    0x60, 0x78, 0x83, 0x0, 0x0, 0xe, 0xff, 0x60,
    0xff, 0xf6, 0x0, 0x0, 0xe, 0xff, 0x60, 0xff,
    0xf6, 0xef, 0xf7, 0xe, 0xff, 0x60, 0xff, 0xf6,
    0xef, 0xf7, 0xe, 0xff, 0x60, 0xff, 0xf6, 0xef,
    0xf7, 0xe, 0xff, 0x60, 0xff, 0xf6, 0xef, 0xf7,
    0xe, 0xff, 0x60, 0xff, 0xf6, 0xef, 0xf7, 0xe,
    0xff, 0x60, 0xff, 0xf6, 0xef, 0xf7, 0xe, 0xff,
    0x60, 0xff, 0xf6, 0x9a, 0xa4, 0x9, 0xaa, 0x40,
    0xaa, 0xa4,

    /* U+E01F "" */
    0xa1, 0x0, 0x0, 0x0, 0x74, 0x0, 0x0, 0x0,
    0xef, 0x60, 0x0, 0x0, 0x9f, 0x90, 0x0, 0x0,
    0xef, 0xfb, 0x10, 0x0, 0x9f, 0xfe, 0x40, 0x0,
    0xec, 0xaf, 0xf6, 0x0, 0x9f, 0x7f, 0xf9, 0x0,
    0xec, 0x4, 0xef, 0xb1, 0x9f, 0x11, 0xbf, 0xe4,
    0xec, 0x4, 0xef, 0xb1, 0x9f, 0x11, 0xbf, 0xe4,
    0xec, 0x9f, 0xf6, 0x0, 0x9f, 0x7f, 0xf9, 0x0,
    0xef, 0xfb, 0x10, 0x0, 0x9f, 0xfe, 0x40, 0x0,
    0xef, 0x60, 0x0, 0x0, 0x9f, 0x90, 0x0, 0x0,
    0xa1, 0x0, 0x0, 0x0, 0x74, 0x0, 0x0, 0x0,

    /* U+E020 "" */
    0x0, 0x0, 0x0, 0x47, 0x0, 0x0, 0x0, 0x1a,
    0x0, 0x0, 0x9, 0xf9, 0x0, 0x0, 0x6, 0xfe,
    0x0, 0x4, 0xef, 0xf9, 0x0, 0x1, 0xbf, 0xfe,
    0x0, 0x9f, 0xf7, 0xf9, 0x0, 0x6f, 0xfa, 0xce,
    0x4e, 0xfb, 0x11, 0xf9, 0x1b, 0xfe, 0x40, 0xce,
    0x4e, 0xfb, 0x11, 0xf9, 0x1b, 0xfe, 0x40, 0xce,
    0x0, 0x9f, 0xf7, 0xf9, 0x0, 0x6f, 0xf9, 0xce,
    0x0, 0x4, 0xef, 0xf9, 0x0, 0x1, 0xbf, 0xfe,
    0x0, 0x0, 0x9, 0xf9, 0x0, 0x0, 0x6, 0xfe,
    0x0, 0x0, 0x0, 0x47, 0x0, 0x0, 0x0, 0x1a,

    /* U+E023 "" */
    0x0, 0x0, 0x0, 0x0, 0x0, 0x0, 0x0, 0x0,
    0x0, 0x0, 0x36, 0x76, 0x10, 0x1, 0xc6, 0x0,
    0x0, 0x1c, 0xff, 0xff, 0xf9, 0x1, 0xdf, 0x10,
    0x1, 0xef, 0x93, 0x25, 0xbf, 0xb0, 0x3f, 0xa0,
    0xb, 0xf6, 0x0, 0x0, 0x9, 0xf7, 0xc, 0xf0,
    0x2f, 0xa0, 0x2, 0x40, 0x0, 0xee, 0x6, 0xf4,
    0x6f, 0x50, 0x5f, 0xfd, 0x10, 0x9f, 0x14, 0xf6,
    0x5b, 0x20, 0xbf, 0xff, 0x50, 0x8f, 0x23, 0xf7,
    0x0, 0x0, 0x9f, 0xff, 0x30, 0xaf, 0x4, 0xf6,
    0x0, 0x0, 0x9, 0xb5, 0x0, 0xfc, 0x7, 0xf3,
    0x0, 0x0, 0x0, 0x0, 0xa, 0xf5, 0xd, 0xe0,
    0x0, 0x0, 0x0, 0x0, 0xaf, 0xa0, 0x5f, 0x80,
    0x0, 0x0, 0x0, 0xc, 0xfa, 0x2, 0xfe, 0x10,
    0x0, 0x0, 0x0, 0xaf, 0x80, 0x0, 0xa3, 0x0,
    0x1, 0x0, 0x2, 0xfb, 0x0, 0x0, 0x0, 0x0,
    0x6f, 0x50, 0x9, 0xf3, 0x0, 0x0, 0x0, 0x0,
    0x1e, 0xf9, 0xaf, 0xb0, 0x0, 0x0, 0x0, 0x0,
    0x3, 0xdf, 0xfb, 0x10, 0x0, 0x0, 0x0, 0x0,
    0x0, 0x1, 0x0, 0x0, 0x0, 0x0, 0x0, 0x0,

    /* U+E02B "" */
    0x0, 0x0, 0x0, 0x1, 0x66, 0x10, 0x0, 0x0,
    0x2, 0x90, 0x0, 0x1, 0xef, 0xfe, 0x10, 0x0,
    0x0, 0x8f, 0xa0, 0x0, 0x8f, 0x66, 0xf7, 0x0,
    0x0, 0x0, 0xaf, 0xa0, 0x9, 0xf1, 0x1f, 0x90,
    0x0, 0x0, 0x0, 0xaf, 0xa0, 0x2e, 0x11, 0xf9,
    0x0, 0x0, 0x0, 0x0, 0xaf, 0xa0, 0x20, 0x1f,
    0x90, 0x0, 0x0, 0x0, 0x0, 0xaf, 0xa0, 0x1,
    0xf9, 0x0, 0x0, 0x0, 0x0, 0x0, 0xaf, 0xa0,
    0xc, 0x90, 0x0, 0x0, 0x0, 0xc, 0xe0, 0xaf,
    0xa0, 0x4, 0xe, 0xc0, 0x0, 0x0, 0x9f, 0x20,
    0xaf, 0xa0, 0x2, 0xf9, 0x0, 0x0, 0x3, 0xfb,
    0x0, 0xaf, 0xa0, 0x1d, 0x20, 0x0, 0x0, 0xa,
    0xfb, 0x30, 0xaf, 0xf0, 0x0, 0x0, 0x0, 0x0,
    0xa, 0xff, 0xff, 0xff, 0xf0, 0x0, 0x0, 0x0,
    0x0, 0x3, 0x9f, 0xf9, 0xdf, 0xa0, 0x0, 0x0,
    0x0, 0x0, 0x0, 0xee, 0x0, 0xaf, 0xa0, 0x0,
    0x0, 0x0, 0x0, 0xe, 0xe0, 0x0, 0xaf, 0xa0,
    0x0, 0x0, 0x0, 0x0, 0x44, 0x0, 0x0, 0xaf,
    0x60, 0x0, 0x0, 0x0, 0x0, 0x0, 0x0, 0x0,
    0x60,

    /* U+E034 "" */
    0x9b, 0xbb, 0xb0, 0x1b, 0xbb, 0xb8, 0xdf, 0xff,
    0xf1, 0x2f, 0xff, 0xfb, 0xdd, 0x9, 0xf1, 0x2f,
    0x80, 0xeb, 0xdd, 0x9, 0xf1, 0x2f, 0x80, 0xeb,
    0xdd, 0x9, 0xf1, 0x2f, 0x80, 0xeb, 0xdd, 0x9,
    0xf1, 0x2f, 0x80, 0xeb, 0xdd, 0x9, 0xf1, 0x2f,
    0x80, 0xeb, 0xdd, 0x9, 0xf1, 0x2f, 0x80, 0xeb,
    0xdd, 0x9, 0xf1, 0x2f, 0x80, 0xeb, 0xdd, 0x9,
    0xf1, 0x2f, 0x80, 0xeb, 0xdf, 0xbe, 0xf1, 0x2f,
    0xdb, 0xfb, 0xcf, 0xff, 0xf1, 0x2f, 0xff, 0xfb,

    /* U+E037 "" */
    0x17, 0x0, 0x0, 0x0, 0x0, 0x1, 0xfc, 0x20,
    0x0, 0x0, 0x0, 0x1f, 0xff, 0x80, 0x0, 0x0,
    0x1, 0xfb, 0xcf, 0xd4, 0x0, 0x0, 0x1f, 0x80,
    0x7f, 0xf9, 0x10, 0x1, 0xf8, 0x0, 0x2b, 0xfe,
    0x50, 0x1f, 0x80, 0x2, 0xbf, 0xe5, 0x1, 0xf8,
    0x7, 0xff, 0x91, 0x0, 0x1f, 0xbc, 0xfd, 0x40,
    0x0, 0x1, 0xff, 0xf8, 0x0, 0x0, 0x0, 0x1f,
    0xc2, 0x0, 0x0, 0x0, 0x1, 0x70, 0x0, 0x0,
    0x0, 0x0,

    /* U+E03D "" */
    0x9f, 0xff, 0xff, 0xff, 0xff, 0x60, 0xef, 0xff,
    0x36, 0xaa, 0xaa, 0xaa, 0xaa, 0xa4, 0xe, 0xea,
    0xa2, 0x0, 0x0, 0x0, 0x0, 0x0, 0x0, 0xeb,
    0x0, 0x6, 0xaa, 0xaa, 0xaa, 0xaa, 0xa4, 0xe,
    0xb0, 0x0, 0x9f, 0xff, 0xff, 0xff, 0xff, 0x60,
    0xeb, 0x0, 0x0, 0x0, 0x0, 0x0, 0x0, 0x0,
    0xe, 0xb0, 0x0, 0x58, 0x88, 0x88, 0x80, 0x0,
    0x68, 0xfb, 0x0, 0x9, 0xff, 0xff, 0xff, 0x10,
    0xbf, 0xff, 0xb0, 0x0, 0x11, 0x11, 0x11, 0x10,
    0x2f, 0xff, 0xfb, 0x0, 0x0, 0x0, 0x0, 0x0,
    0x2, 0xff, 0xff, 0xa0, 0x0, 0x0, 0x0, 0x0,
    0x0, 0xa, 0xff, 0xf3, 0x0, 0x0, 0x0, 0x0,
    0x0, 0x0, 0x4, 0x61, 0x0, 0x0,

    /* U+E03E "" */
    0x0, 0x0, 0x0, 0x0, 0x0, 0x0, 0x0, 0x0,
    0x0, 0x0, 0x0, 0x0, 0x0, 0x0, 0x6d, 0x90,
    0x0, 0x0, 0x0, 0x0, 0x0, 0x3, 0x9f, 0xfc,
    0x50, 0x0, 0x0, 0x0, 0x0, 0x6, 0xcf, 0xf9,
    0x30, 0x0, 0x0, 0x0, 0x0, 0x29, 0xff, 0xd7,
    0x10, 0x0, 0x0, 0x0, 0x0, 0x9, 0xff, 0xff,
    0xff, 0xff, 0xff, 0xff, 0xff, 0xd2, 0x1f, 0xda,
    0xaa, 0xaa, 0xaa, 0xaa, 0xaa, 0xab, 0xf8, 0x1f,
    0x80, 0x0, 0x0, 0x0, 0x0, 0x36, 0x1, 0xf9,
    0x1f, 0x80, 0x0, 0x0, 0x0, 0x0, 0x9f, 0x11,
    0xf9, 0x1f, 0xdb, 0xbb, 0xbb, 0xbb, 0xbb, 0xef,
    0xbb, 0xf9, 0x1f, 0xff, 0xff, 0xff, 0xff, 0xff,
    0xff, 0xff, 0xf9, 0x1f, 0x80, 0x2, 0x10, 0x0,
    0x0, 0x0, 0x1, 0xf9, 0x1f, 0x80, 0xaf, 0xf7,
    0x0, 0x0, 0x0, 0x1, 0xf9, 0x1f, 0x82, 0xff,
    0xff, 0x0, 0x0, 0x0, 0x1, 0xf9, 0x1f, 0x80,
    0xef, 0xfc, 0x0, 0x0, 0x0, 0x1, 0xf9, 0x1f,
    0x80, 0x28, 0x71, 0x0, 0x0, 0x0, 0x1, 0xf9,
    0x1f, 0xc8, 0x88, 0x88, 0x88, 0x88, 0x88, 0x89,
    0xf8, 0xa, 0xff, 0xff, 0xff, 0xff, 0xff, 0xff,
    0xff, 0xe3, 0x0, 0x11, 0x11, 0x11, 0x11, 0x11,
    0x11, 0x11, 0x0,

    /* U+E040 "" */
    0x0, 0x0, 0x0, 0x0, 0x0, 0x0, 0x0, 0x0,
    0x0, 0x0, 0x0, 0x0, 0x0, 0x9, 0xb0, 0x0,
    0x0, 0x0, 0x0, 0x0, 0x0, 0x9, 0xfb, 0x0,
    0x0, 0xab, 0xbb, 0xbb, 0xbb, 0xbb, 0xff, 0xb0,
    0x0, 0xef, 0xff, 0xff, 0xff, 0xff, 0xff, 0xe2,
    0x0, 0xeb, 0x0, 0x0, 0x0, 0x5, 0xfe, 0x20,
    0x0, 0xeb, 0x0, 0x0, 0x0, 0xc, 0xe2, 0x0,
    0x0, 0xeb, 0x0, 0x0, 0x0, 0x1, 0x20, 0x0,
    0x0, 0x43, 0x0, 0x0, 0x0, 0x0, 0x0, 0x0,
    0x0, 0x0, 0x0, 0x0, 0x0, 0x0, 0x0, 0x0,
    0x0, 0x0, 0x0, 0x0, 0x0, 0x0, 0xeb, 0x0,
    0x0, 0x1d, 0x60, 0x0, 0x0, 0x0, 0xeb, 0x0,
    0x1, 0xdf, 0x60, 0x0, 0x0, 0x0, 0xeb, 0x0,
    0x1d, 0xfe, 0xbb, 0xbb, 0xbb, 0xbb, 0xfb, 0x0,
    0x3f, 0xff, 0xff, 0xff, 0xff, 0xff, 0xfb, 0x0,
    0x4, 0xff, 0x30, 0x0, 0x0, 0x0, 0x0, 0x0,
    0x0, 0x4f, 0x90, 0x0, 0x0, 0x0, 0x0, 0x0,
    0x0, 0x3, 0x0, 0x0, 0x0, 0x0, 0x0, 0x0,

    /* U+E042 "" */
    0x0, 0x0, 0x0, 0x0, 0x0, 0x0, 0x0, 0x0,
    0x0, 0x0, 0x0, 0xa, 0xa0, 0x0, 0x0, 0x0,
    0x0, 0x0, 0x0, 0xaf, 0xb0, 0x0, 0x0, 0x0,
    0x0, 0x0, 0xa, 0xff, 0xa7, 0x30, 0x0, 0x0,
    0x0, 0x0, 0x1d, 0xff, 0xff, 0xfc, 0x20, 0x0,
    0x0, 0x0, 0x1, 0xdf, 0x73, 0x8f, 0xf4, 0x0,
    0x0, 0x0, 0x0, 0x1d, 0xd0, 0x3, 0xef, 0x20,
    0x0, 0x0, 0x0, 0x1, 0x10, 0x0, 0x3f, 0xb0,
    0x0, 0x0, 0x0, 0x0, 0x0, 0x0, 0xa, 0xf1,
    0x0, 0x0, 0x0, 0x0, 0x0, 0x0, 0x5, 0xf5,
    0x24, 0x0, 0x0, 0x0, 0x0, 0x0, 0x3, 0xf7,
    0x6f, 0x30, 0x0, 0x0, 0x0, 0x0, 0x3, 0xf6,
    0x4f, 0x70, 0x0, 0x0, 0x0, 0x0, 0x7, 0xf4,
    0xe, 0xd0, 0x0, 0x0, 0x0, 0x0, 0xd, 0xe0,
    0x6, 0xf9, 0x0, 0x0, 0x0, 0x0, 0x9f, 0x60,
    0x0, 0xbf, 0xa1, 0x0, 0x0, 0x1a, 0xfb, 0x0,
    0x0, 0xa, 0xff, 0xb8, 0x8b, 0xff, 0xa0, 0x0,
    0x0, 0x0, 0x4b, 0xff, 0xff, 0xb4, 0x0, 0x0,
    0x0, 0x0, 0x0, 0x1, 0x10, 0x0, 0x0, 0x0,

    /* U+E043 "" */
    0x6, 0x0, 0x0, 0x0, 0x3a, 0xaa, 0xa7, 0x6f,
    0xa0, 0x0, 0x0, 0x5f, 0xff, 0xfa, 0xa, 0xfa,
    0x0, 0x0, 0x0, 0xaf, 0xfa, 0x0, 0xaf, 0xa0,
    0x0, 0xa, 0xfa, 0xfa, 0x0, 0xa, 0xf8, 0x0,
    0xaf, 0xa0, 0xfa, 0x0, 0x0, 0x81, 0xa, 0xfa,
    0x0, 0x53, 0x0, 0x0, 0x0, 0xaf, 0xa0, 0x0,
    0x0, 0x0, 0x0, 0xa, 0xfa, 0x0, 0x0, 0x0,
    0x0, 0x0, 0xaf, 0xa0, 0x18, 0x0, 0x53, 0x0,
    0xa, 0xfa, 0x0, 0x8f, 0xa0, 0xfa, 0x0, 0xaf,
    0xa0, 0x0, 0xa, 0xfa, 0xfa, 0xa, 0xfa, 0x0,
    0x0, 0x0, 0xaf, 0xfa, 0x6f, 0xa0, 0x0, 0x0,
    0x5f, 0xff, 0xfa, 0x6, 0x0, 0x0, 0x0, 0x3a,
    0xaa, 0xa7,

    /* U+E044 "" */
    0x74, 0x0, 0x0, 0x0, 0x9, 0xf1, 0x9f, 0x90,
    0x0, 0x0, 0x9, 0xf1, 0x9f, 0xfd, 0x30, 0x0,
    0x9, 0xf1, 0x9f, 0x7f, 0xf8, 0x0, 0x9, 0xf1,
    0x9f, 0x12, 0xcf, 0xd3, 0x9, 0xf1, 0x9f, 0x12,
    0xcf, 0xd3, 0x9, 0xf1, 0x9f, 0x7f, 0xf8, 0x0,
    0x9, 0xf1, 0x9f, 0xfd, 0x30, 0x0, 0x9, 0xf1,
    0x9f, 0x90, 0x0, 0x0, 0x9, 0xf1, 0x74, 0x0,
    0x0, 0x0, 0x9, 0xf1,

    /* U+E045 "" */
    0x9f, 0x10, 0x0, 0x0, 0x0, 0x91, 0x9f, 0x10,
    0x0, 0x0, 0x4e, 0xf1, 0x9f, 0x10, 0x0, 0x9,
    0xff, 0xf1, 0x9f, 0x10, 0x3, 0xdf, 0xbb, 0xf1,
    0x9f, 0x10, 0x8f, 0xf6, 0x9, 0xf1, 0x9f, 0x10,
    0x8f, 0xf6, 0x9, 0xf1, 0x9f, 0x10, 0x3, 0xdf,
    0xbb, 0xf1, 0x9f, 0x10, 0x0, 0x9, 0xff, 0xf1,
    0x9f, 0x10, 0x0, 0x0, 0x4e, 0xf1, 0x9f, 0x10,
    0x0, 0x0, 0x0, 0x91,

    /* U+E047 "" */
    0xff, 0xff, 0xff, 0xff, 0xff, 0xfe, 0xaa, 0xaa,
    0xaa, 0xef, 0xfa, 0x0, 0x0, 0x0, 0xaf, 0xfa,
    0x0, 0x0, 0x0, 0xaf, 0xfa, 0x0, 0x0, 0x0,
    0xaf, 0xfa, 0x0, 0x0, 0x0, 0xaf, 0xfa, 0x0,
    0x0, 0x0, 0xaf, 0xfa, 0x0, 0x0, 0x0, 0xaf,
    0xfe, 0xaa, 0xaa, 0xaa, 0xef, 0xff, 0xff, 0xff,
    0xff, 0xff,

    /* U+E049 "" */
    0x4, 0xaa, 0xaa, 0xaa, 0xaa, 0xaa, 0xaa, 0xaa,
    0x80, 0xf, 0xff, 0xff, 0xff, 0xff, 0xff, 0xff,
    0xff, 0xf7, 0x1f, 0x80, 0x0, 0x0, 0x0, 0x0,
    0x0, 0x1, 0xf9, 0x1f, 0x80, 0x6b, 0x0, 0x0,
    0x0, 0x4c, 0x1, 0xf9, 0x1f, 0x81, 0xfd, 0x0,
    0x57, 0x20, 0x6f, 0x71, 0xf9, 0x1f, 0x86, 0xf5,
    0xb, 0xff, 0xf3, 0xd, 0xd1, 0xf9, 0x1f, 0x88,
    0xf1, 0x2f, 0xff, 0xfa, 0x9, 0xf0, 0xf9, 0x1f,
    0x89, 0xf1, 0x3f, 0xff, 0xfa, 0x9, 0xf0, 0xf9,
    0x1f, 0x86, 0xf5, 0xb, 0xff, 0xf3, 0xd, 0xd1,
    0xf9, 0x1f, 0x81, 0xfd, 0x0, 0x57, 0x20, 0x6f,
    0x71, 0xf9, 0x1f, 0x80, 0x6b, 0x0, 0x0, 0x0,
    0x4c, 0x1, 0xf9, 0x1f, 0x80, 0x0, 0x0, 0x0,
    0x0, 0x0, 0x1, 0xf9, 0xf, 0xff, 0xff, 0xff,
    0xff, 0xff, 0xff, 0xff, 0xf7, 0x4, 0xaa, 0xaa,
    0xaa, 0xaa, 0xaa, 0xaa, 0xaa, 0x80,

    /* U+E04B "" */
    0x4, 0xaa, 0xaa, 0xaa, 0xaa, 0xaa, 0xa3, 0x0,
    0x0, 0xf, 0xff, 0xff, 0xff, 0xff, 0xff, 0xfe,
    0x0, 0x0, 0x1f, 0x80, 0x0, 0x0, 0x0, 0x0,
    0x9f, 0x10, 0x2, 0x1f, 0x80, 0x0, 0x0, 0x0,
    0x0, 0x9f, 0x10, 0xa6, 0x1f, 0x80, 0x0, 0x0,
    0x0, 0x0, 0x9f, 0x1a, 0xf6, 0x1f, 0x80, 0x0,
    0x0, 0x0, 0x0, 0x9f, 0xbf, 0xf6, 0x1f, 0x80,
    0x0, 0x0, 0x0, 0x0, 0x9f, 0xff, 0xf6, 0x1f,
    0x80, 0x0, 0x0, 0x0, 0x0, 0x9f, 0xff, 0xf6,
    0x1f, 0x80, 0x0, 0x0, 0x0, 0x0, 0x9f, 0xbf,
    0xf6, 0x1f, 0x80, 0x0, 0x0, 0x0, 0x0, 0x9f,
    0x1a, 0xf6, 0x1f, 0x80, 0x0, 0x0, 0x0, 0x0,
    0x9f, 0x10, 0xa6, 0x1f, 0x80, 0x0, 0x0, 0x0,
    0x0, 0x9f, 0x10, 0x2, 0xf, 0xff, 0xff, 0xff,
    0xff, 0xff, 0xfe, 0x0, 0x0, 0x4, 0xaa, 0xaa,
    0xaa, 0xaa, 0xaa, 0xa3, 0x0, 0x0,

    /* U+E04D "" */
    0x0, 0x0, 0x0, 0x4, 0x0, 0x0, 0x0, 0x0,
    0x0, 0xa9, 0x0, 0x0, 0x0, 0x0, 0xb, 0xf9,
    0x0, 0x0, 0x0, 0x0, 0xbf, 0xf9, 0x2, 0x0,
    0x9a, 0xac, 0xfb, 0xf9, 0xe, 0x40, 0xef, 0xff,
    0xa1, 0xf9, 0xe, 0xd0, 0xeb, 0x0, 0x1, 0xf9,
    0xe, 0xf1, 0xeb, 0x0, 0x1, 0xf9, 0xe, 0xf1,
    0xef, 0xff, 0xa1, 0xf9, 0xe, 0xd0, 0x9a, 0xac,
    0xfb, 0xf9, 0xe, 0x40, 0x0, 0x0, 0xbf, 0xf9,
    0x2, 0x0, 0x0, 0x0, 0xb, 0xf9, 0x0, 0x0,
    0x0, 0x0, 0x0, 0xa9, 0x0, 0x0, 0x0, 0x0,
    0x0, 0x4, 0x0, 0x0,

    /* U+E04E "" */
    0x0, 0x0, 0x0, 0x0, 0x40, 0x0, 0x0, 0x0,
    0xb9, 0x0, 0x0, 0x0, 0xbf, 0x90, 0x0, 0x0,
    0xbf, 0xf9, 0xa, 0xaa, 0xcf, 0xbf, 0x91, 0xff,
    0xff, 0x91, 0xf9, 0x1f, 0x90, 0x0, 0x1f, 0x91,
    0xf9, 0x0, 0x1, 0xf9, 0x1f, 0xff, 0xf9, 0x1f,
    0x90, 0xaa, 0xac, 0xfb, 0xf9, 0x0, 0x0, 0xb,
    0xff, 0x90, 0x0, 0x0, 0xb, 0xf9, 0x0, 0x0,
    0x0, 0xb, 0x90, 0x0, 0x0, 0x0, 0x4,

    /* U+E04F "" */
    0x27, 0x0, 0x0, 0x0, 0x0, 0x13, 0x0, 0x0,
    0xa, 0xf8, 0x0, 0x0, 0x5, 0x3, 0xfc, 0x20,
    0x0, 0xc, 0xf7, 0x0, 0x6, 0xe0, 0x19, 0xff,
    0x30, 0x0, 0xc, 0xf7, 0x1, 0xee, 0x0, 0x3,
    0xee, 0x10, 0x0, 0xc, 0xf7, 0x3, 0xd0, 0x11,
    0x4, 0xf9, 0x0, 0x5a, 0xaf, 0xf7, 0x2, 0x3,
    0xe1, 0xc, 0xf0, 0x9, 0xff, 0xff, 0xf7, 0x0,
    0x3f, 0x90, 0x6f, 0x40, 0x9f, 0x10, 0x1c, 0xf6,
    0x1, 0xdd, 0x4, 0xf6, 0x9, 0xf1, 0x0, 0x1e,
    0xf6, 0x1, 0xa0, 0x4f, 0x60, 0x9f, 0xff, 0xd1,
    0xcf, 0xf6, 0x0, 0x6, 0xf4, 0x5, 0xaa, 0xaf,
    0xdd, 0xfe, 0xf6, 0x0, 0xbf, 0x0, 0x0, 0x0,
    0x6f, 0xfe, 0x1d, 0xf6, 0x5, 0x80, 0x0, 0x0,
    0x0, 0x6f, 0xe0, 0x1c, 0xf5, 0x0, 0x0, 0x0,
    0x0, 0x0, 0x6e, 0x1, 0xaf, 0xf5, 0x0, 0x0,
    0x0, 0x0, 0x0, 0x50, 0x3f, 0xbc, 0xf5, 0x0,
    0x0, 0x0, 0x0, 0x0, 0x1, 0x20, 0x1d, 0xf4,
    0x0, 0x0, 0x0, 0x0, 0x0, 0x0, 0x0, 0x1b,
    0x10,

    /* U+E050 "" */
    0x0, 0x0, 0x0, 0x0, 0x1, 0x30, 0x0, 0x0,
    0x0, 0x0, 0x0, 0x5, 0x3, 0xfc, 0x20, 0x0,
    0x0, 0x0, 0x0, 0x6e, 0x1, 0x9f, 0xf3, 0x0,
    0x0, 0x0, 0x6, 0xfe, 0x0, 0x3, 0xee, 0x10,
    0x0, 0x0, 0x6f, 0xfe, 0x1, 0x10, 0x4f, 0xa0,
    0x5a, 0xaa, 0xfe, 0xde, 0x3, 0xe1, 0xb, 0xf0,
    0x9f, 0xff, 0xe1, 0xce, 0x3, 0xf8, 0x6, 0xf4,
    0x9f, 0x10, 0x0, 0xce, 0x3, 0xfc, 0x4, 0xf6,
    0x9f, 0x10, 0x0, 0xce, 0x3, 0xfc, 0x4, 0xf6,
    0x9f, 0xff, 0xd1, 0xce, 0x3, 0xf8, 0x6, 0xf4,
    0x5a, 0xaa, 0xfd, 0xde, 0x3, 0xd1, 0xc, 0xf0,
    0x0, 0x0, 0x6f, 0xfe, 0x1, 0x10, 0x5f, 0x90,
    0x0, 0x0, 0x6, 0xfe, 0x0, 0x4, 0xfe, 0x10,
    0x0, 0x0, 0x0, 0x6e, 0x1, 0xaf, 0xf3, 0x0,
    0x0, 0x0, 0x0, 0x5, 0x3, 0xfb, 0x20, 0x0,
    0x0, 0x0, 0x0, 0x0, 0x1, 0x20, 0x0, 0x0,

    /* U+E0C9 "" */
    0x2, 0x88, 0x88, 0x88, 0x88, 0x88, 0x88, 0x88,
    0x60, 0xe, 0xff, 0xff, 0xff, 0xff, 0xff, 0xff,
    0xff, 0xf6, 0x1f, 0x91, 0x11, 0x11, 0x11, 0x11,
    0x11, 0x12, 0xf9, 0x1f, 0x80, 0x23, 0x33, 0x33,
    0x33, 0x33, 0x1, 0xf9, 0x1f, 0x80, 0xcf, 0xff,
    0xff, 0xff, 0xff, 0x31, 0xf9, 0x1f, 0x80, 0xbe,
    0xee, 0xee, 0xee, 0xee, 0x31, 0xf9, 0x1f, 0x80,
    0x34, 0x44, 0x44, 0x44, 0x44, 0x11, 0xf9, 0x1f,
    0x80, 0xcf, 0xff, 0xff, 0xff, 0xff, 0x31, 0xf9,
    0x1f, 0x80, 0x22, 0x22, 0x22, 0x22, 0x22, 0x1,
    0xf9, 0x1f, 0x80, 0xcf, 0xff, 0xff, 0xe0, 0x0,
    0x1, 0xf9, 0x1f, 0x80, 0x8a, 0xaa, 0xaa, 0x90,
    0x0, 0x1, 0xf9, 0x1f, 0x80, 0x0, 0x0, 0x0,
    0x0, 0x0, 0x1, 0xf9, 0x1f, 0x88, 0xaa, 0xaa,
    0xaa, 0xaa, 0xaa, 0xab, 0xf8, 0x1f, 0xff, 0xff,
    0xff, 0xff, 0xff, 0xff, 0xff, 0xd2, 0x1f, 0xfb,
    0x0, 0x0, 0x0, 0x0, 0x0, 0x0, 0x0, 0x1f,
    0xb0, 0x0, 0x0, 0x0, 0x0, 0x0, 0x0, 0x0,
    0x1b, 0x0, 0x0, 0x0, 0x0, 0x0, 0x0, 0x0,
    0x0, 0x0, 0x0, 0x0, 0x0, 0x0, 0x0, 0x0,
    0x0, 0x0,

    /* U+E145 "" */
    0x0, 0x0, 0xa, 0x80, 0x0, 0x0, 0x0, 0x0,
    0xe, 0xb0, 0x0, 0x0, 0x0, 0x0, 0xe, 0xb0,
    0x0, 0x0, 0x0, 0x0, 0xe, 0xb0, 0x0, 0x0,
    0x0, 0x0, 0xe, 0xb0, 0x0, 0x0, 0xab, 0xbb,
    0xbf, 0xeb, 0xbb, 0xb8, 0xef, 0xff, 0xff, 0xff,
    0xff, 0xfb, 0x0, 0x0, 0xe, 0xb0, 0x0, 0x0,
    0x0, 0x0, 0xe, 0xb0, 0x0, 0x0, 0x0, 0x0,
    0xe, 0xb0, 0x0, 0x0, 0x0, 0x0, 0xe, 0xb0,
    0x0, 0x0, 0x0, 0x0, 0xe, 0xb0, 0x0, 0x0,

    /* U+E14D "" */
    0x0, 0x0, 0x28, 0x88, 0x88, 0x88, 0x86, 0x0,
    0x0, 0xe, 0xff, 0xff, 0xff, 0xff, 0xf6, 0x0,
    0x1, 0xfa, 0x11, 0x11, 0x11, 0x2f, 0x92, 0x30,
    0x1f, 0x90, 0x0, 0x0, 0x1, 0xf9, 0x9f, 0x11,
    0xf9, 0x0, 0x0, 0x0, 0x1f, 0x99, 0xf1, 0x1f,
    0x90, 0x0, 0x0, 0x1, 0xf9, 0x9f, 0x11, 0xf9,
    0x0, 0x0, 0x0, 0x1f, 0x99, 0xf1, 0x1f, 0x90,
    0x0, 0x0, 0x1, 0xf9, 0x9f, 0x11, 0xf9, 0x0,
    0x0, 0x0, 0x1f, 0x99, 0xf1, 0x1f, 0x90, 0x0,
    0x0, 0x1, 0xf9, 0x9f, 0x11, 0xf9, 0x0, 0x0,
    0x0, 0x1f, 0x99, 0xf1, 0x1f, 0x90, 0x0, 0x0,
    0x1, 0xf9, 0x9f, 0x10, 0xfd, 0xaa, 0xaa, 0xaa,
    0xbf, 0x89, 0xf1, 0x8, 0xff, 0xff, 0xff, 0xff,
    0xd2, 0x9f, 0x10, 0x0, 0x0, 0x0, 0x0, 0x0,
    0x9, 0xf9, 0x88, 0x88, 0x88, 0x88, 0x20, 0x0,
    0x3e, 0xff, 0xff, 0xff, 0xff, 0xf3, 0x0, 0x0,
    0x1, 0x11, 0x11, 0x11, 0x11, 0x0, 0x0,

    /* U+E14E "" */
    0x0, 0x16, 0x62, 0x0, 0x0, 0x0, 0x0, 0x0,
    0x0, 0x4, 0xff, 0xff, 0x60, 0x0, 0x0, 0x0,
    0x4b, 0xb4, 0xe, 0xe4, 0x3d, 0xf1, 0x0, 0x0,
    0x4, 0xff, 0xe2, 0x2f, 0x70, 0x4, 0xf5, 0x0,
    0x0, 0x4f, 0xfe, 0x20, 0x1f, 0x90, 0x7, 0xf5,
    0x0, 0x4, 0xff, 0xe2, 0x0, 0xb, 0xfa, 0x9f,
    0xf7, 0x0, 0x4f, 0xfe, 0x20, 0x0, 0x1, 0xaf,
    0xff, 0xff, 0x70, 0xcf, 0xe2, 0x0, 0x0, 0x0,
    0x0, 0x11, 0xcf, 0xf7, 0x1b, 0x20, 0x0, 0x0,
    0x0, 0x0, 0x0, 0x1d, 0xdb, 0x70, 0x0, 0x0,
    0x0, 0x0, 0x0, 0x0, 0x4f, 0xfe, 0xf7, 0x0,
    0x0, 0x0, 0x0, 0x16, 0x76, 0xff, 0xed, 0xff,
    0x70, 0x0, 0x0, 0x4, 0xff, 0xff, 0xfe, 0x21,
    0xdf, 0xf7, 0x0, 0x0, 0xe, 0xe4, 0x3d, 0xf4,
    0x0, 0x1d, 0xff, 0x70, 0x0, 0x2f, 0x70, 0x4,
    0xf6, 0x0, 0x1, 0xdf, 0xf7, 0x0, 0x1f, 0x90,
    0x7, 0xf4, 0x0, 0x0, 0x1d, 0xff, 0x70, 0xb,
    0xfa, 0x9f, 0xd0, 0x0, 0x0, 0x1, 0xdf, 0xf4,
    0x1, 0xaf, 0xfc, 0x20, 0x0, 0x0, 0x0, 0x15,
    0x52, 0x0, 0x0, 0x10, 0x0, 0x0, 0x0, 0x0,
    0x0, 0x0,

    /* U+E14F "" */
    0x0, 0x0, 0x0, 0x1, 0x0, 0x0, 0x0, 0x0,
    0x0, 0x0, 0x0, 0xaf, 0xf9, 0x0, 0x0, 0x0,
    0x4, 0x77, 0x7a, 0xfb, 0xbf, 0x97, 0x77, 0x40,
    0x6f, 0xff, 0xff, 0xf4, 0x3f, 0xff, 0xff, 0xf5,
    0x9f, 0x14, 0xff, 0xff, 0xff, 0xff, 0x11, 0xf9,
    0x9f, 0x14, 0xff, 0xff, 0xff, 0xff, 0x11, 0xf9,
    0x9f, 0x12, 0x88, 0x88, 0x88, 0x88, 0x1, 0xf9,
    0x9f, 0x10, 0x0, 0x0, 0x0, 0x0, 0x1, 0xf9,
    0x9f, 0x10, 0x0, 0x0, 0x0, 0x0, 0x1, 0xf9,
    0x9f, 0x10, 0x0, 0x0, 0x0, 0x0, 0x1, 0xf9,
    0x9f, 0x10, 0x0, 0x0, 0x0, 0x0, 0x1, 0xf9,
    0x9f, 0x10, 0x0, 0x0, 0x0, 0x0, 0x1, 0xf9,
    0x9f, 0x10, 0x0, 0x0, 0x0, 0x0, 0x1, 0xf9,
    0x9f, 0x10, 0x0, 0x0, 0x0, 0x0, 0x1, 0xf9,
    0x9f, 0x10, 0x0, 0x0, 0x0, 0x0, 0x1, 0xf9,
    0x9f, 0x10, 0x0, 0x0, 0x0, 0x0, 0x1, 0xf9,
    0x7f, 0xff, 0xff, 0xff, 0xff, 0xff, 0xff, 0xf7,
    0x7, 0x9a, 0xaa, 0xaa, 0xaa, 0xaa, 0xa9, 0x70,

    /* U+E159 "" */
    0x4, 0xaa, 0xaa, 0xaa, 0xaa, 0xaa, 0xaa, 0xaa,
    0x80, 0xf, 0xff, 0xff, 0xff, 0xff, 0xff, 0xff,
    0xff, 0xf7, 0x1f, 0xe6, 0x0, 0x0, 0x0, 0x0,
    0x0, 0x2b, 0xf9, 0x1f, 0xef, 0xc2, 0x0, 0x0,
    0x0, 0x7, 0xfe, 0xf9, 0x1f, 0x84, 0xdf, 0x80,
    0x0, 0x3, 0xdf, 0x82, 0xf9, 0x1f, 0x80, 0x8,
    0xfd, 0x41, 0x9f, 0xc3, 0x1, 0xf9, 0x1f, 0x80,
    0x0, 0x2b, 0xff, 0xf6, 0x0, 0x1, 0xf9, 0x1f,
    0x80, 0x0, 0x0, 0x5a, 0x10, 0x0, 0x1, 0xf9,
    0x1f, 0x80, 0x0, 0x0, 0x0, 0x0, 0x0, 0x1,
    0xf9, 0x1f, 0x80, 0x0, 0x0, 0x0, 0x0, 0x0,
    0x1, 0xf9, 0x1f, 0x80, 0x0, 0x0, 0x0, 0x0,
    0x0, 0x1, 0xf9, 0x1f, 0x80, 0x0, 0x0, 0x0,
    0x0, 0x0, 0x1, 0xf9, 0xf, 0xff, 0xff, 0xff,
    0xff, 0xff, 0xff, 0xff, 0xf7, 0x4, 0xaa, 0xaa,
    0xaa, 0xaa, 0xaa, 0xaa, 0xaa, 0x80,

    /* U+E15A "" */
    0x0, 0x0, 0x0, 0x0, 0x1a, 0x10, 0x0, 0x0,
    0x0, 0x0, 0x0, 0x5f, 0xc1, 0x0, 0x0, 0x0,
    0x0, 0x0, 0x7, 0xfc, 0x10, 0x0, 0x3, 0x78,
    0x88, 0x88, 0xef, 0xc1, 0x1, 0xbf, 0xff, 0xff,
    0xff, 0xff, 0xf6, 0xc, 0xfa, 0x31, 0x11, 0x12,
    0xdf, 0x80, 0x5f, 0x90, 0x0, 0x0, 0xc, 0xf8,
    0x0, 0x9f, 0x20, 0x0, 0x0, 0x6f, 0x90, 0x0,
    0xaf, 0x10, 0x0, 0x0, 0x6, 0x0, 0x0, 0x7f,
    0x50, 0x0, 0x0, 0x0, 0x0, 0x0, 0x1f, 0xe3,
    0x0, 0x0, 0x0, 0x0, 0x0, 0x4, 0xff, 0xdb,
    0xbb, 0xbb, 0xb1, 0x0, 0x0, 0x2a, 0xef, 0xff,
    0xff, 0xf2, 0x0,

    /* U+E15B "" */
    0xab, 0xbb, 0xbb, 0xbb, 0xbb, 0xb8, 0xef, 0xff,
    0xff, 0xff, 0xff, 0xfb,

    /* U+E161 "" */
    0x6, 0x9a, 0xaa, 0xaa, 0xaa, 0xaa, 0x50, 0x0,
    0x5f, 0xff, 0xff, 0xff, 0xff, 0xff, 0xf6, 0x0,
    0x7f, 0x31, 0x11, 0x11, 0x11, 0x2, 0xef, 0x60,
    0x8f, 0x2f, 0xff, 0xff, 0xff, 0x90, 0x2e, 0xf5,
    0x8f, 0x2f, 0xff, 0xff, 0xff, 0x90, 0x2, 0xf9,
    0x8f, 0x2f, 0xff, 0xff, 0xff, 0x90, 0x1, 0xf9,
    0x8f, 0x25, 0x55, 0x55, 0x55, 0x30, 0x1, 0xf9,
    0x8f, 0x20, 0x0, 0x0, 0x0, 0x0, 0x1, 0xf9,
    0x8f, 0x20, 0x0, 0x6e, 0xe7, 0x0, 0x1, 0xf9,
    0x8f, 0x20, 0x3, 0xff, 0xff, 0x40, 0x1, 0xf9,
    0x8f, 0x20, 0x7, 0xff, 0xff, 0x80, 0x1, 0xf9,
    0x8f, 0x20, 0x4, 0xff, 0xff, 0x50, 0x1, 0xf9,
    0x8f, 0x20, 0x0, 0x8f, 0xf9, 0x0, 0x1, 0xf9,
    0x7f, 0x30, 0x0, 0x0, 0x0, 0x0, 0x1, 0xf9,
    0x5f, 0xff, 0xff, 0xff, 0xff, 0xff, 0xff, 0xf7,
    0x6, 0x9a, 0xaa, 0xaa, 0xaa, 0xaa, 0xa9, 0x70,

    /* U+E162 "" */
    0x7, 0x0, 0xa5, 0x9, 0x70, 0x5a, 0x0, 0x70,
    0x7f, 0x11, 0xf9, 0xe, 0xb0, 0x9f, 0x11, 0xf7,
    0x0, 0x0, 0x0, 0x0, 0x0, 0x0, 0x0, 0x0,
    0x0, 0x0, 0x0, 0x0, 0x0, 0x0, 0x0, 0x0,
    0x9f, 0x11, 0xff, 0xff, 0xff, 0xff, 0x11, 0xf9,
    0x5a, 0x1, 0xfd, 0xaa, 0xaa, 0xdf, 0x10, 0xa5,
    0x0, 0x1, 0xf9, 0x0, 0x0, 0x9f, 0x10, 0x0,
    0x6b, 0x1, 0xf9, 0x0, 0x0, 0x9f, 0x10, 0xb6,
    0x9f, 0x11, 0xf9, 0x0, 0x0, 0x9f, 0x11, 0xf9,
    0x0, 0x1, 0xf9, 0x0, 0x0, 0x9f, 0x10, 0x0,
    0x5a, 0x1, 0xfd, 0xaa, 0xaa, 0xdf, 0x10, 0xa5,
    0x9f, 0x11, 0xff, 0xff, 0xff, 0xff, 0x11, 0xf9,
    0x0, 0x0, 0x0, 0x0, 0x0, 0x0, 0x0, 0x0,
    0x0, 0x0, 0x0, 0x0, 0x0, 0x0, 0x0, 0x0,
    0x7f, 0x11, 0xf9, 0xe, 0xb0, 0x9f, 0x11, 0xf7,
    0x7, 0x0, 0xa5, 0x9, 0x70, 0x5a, 0x0, 0x70,

    /* U+E166 "" */
    0x0, 0x1, 0xa1, 0x0, 0x0, 0x0, 0x0, 0x0,
    0x1d, 0xf5, 0x0, 0x0, 0x0, 0x0, 0x1, 0xdf,
    0x70, 0x0, 0x0, 0x0, 0x0, 0x1d, 0xfe, 0x88,
    0x88, 0x87, 0x30, 0x0, 0x6f, 0xff, 0xff, 0xff,
    0xff, 0xfb, 0x10, 0x8, 0xfd, 0x21, 0x11, 0x13,
    0xaf, 0xc0, 0x0, 0x8f, 0xc0, 0x0, 0x0, 0x9,
    0xf5, 0x0, 0x9, 0xf6, 0x0, 0x0, 0x2, 0xf9,
    0x0, 0x0, 0x60, 0x0, 0x0, 0x1, 0xfa, 0x0,
    0x0, 0x0, 0x0, 0x0, 0x5, 0xf7, 0x0, 0x0,
    0x0, 0x0, 0x0, 0x4e, 0xf1, 0x0, 0x1b, 0xbb,
    0xbb, 0xbd, 0xff, 0x40, 0x0, 0x2f, 0xff, 0xff,
    0xfe, 0xa2, 0x0,

    /* U+E16F "" */
    0x4, 0x0, 0x0, 0x0, 0x0, 0x0, 0x0, 0x0,
    0x0, 0x7f, 0x70, 0x0, 0x0, 0x0, 0x0, 0x0,
    0x0, 0x0, 0x1c, 0xf7, 0x0, 0x0, 0x0, 0x0,
    0x0, 0x0, 0x0, 0x1, 0xcf, 0x70, 0x0, 0x0,
    0x0, 0x0, 0x0, 0x0, 0x0, 0x4f, 0xf7, 0x0,
    0x0, 0xef, 0xff, 0xd6, 0x0, 0x4, 0xff, 0xff,
    0x70, 0x0, 0x9a, 0xaa, 0xef, 0x80, 0xd, 0xe2,
    0x1c, 0xf7, 0x0, 0x0, 0x0, 0xc, 0xf2, 0x2f,
    0x80, 0x1, 0xff, 0x70, 0x9, 0x60, 0x5, 0xf5,
    0x2f, 0x80, 0x1, 0xff, 0xf7, 0x2, 0x70, 0x5,
    0xf5, 0xe, 0xe2, 0x0, 0x1, 0xcf, 0x70, 0x0,
    0xc, 0xf1, 0x5, 0xff, 0xba, 0xaa, 0x5c, 0xf7,
    0x0, 0xbf, 0x70, 0x0, 0x4c, 0xff, 0xff, 0x61,
    0xcf, 0x70, 0x15, 0x0, 0x0, 0x0, 0x0, 0x0,
    0x0, 0x1c, 0xf7, 0x0, 0x0, 0x0, 0x0, 0x0,
    0x0, 0x0, 0x1, 0xcf, 0x70, 0x0, 0x0, 0x0,
    0x0, 0x0, 0x0, 0x0, 0x1c, 0xf7, 0x0, 0x0,
    0x0, 0x0, 0x0, 0x0, 0x0, 0x1, 0xcf, 0x60,
    0x0, 0x0, 0x0, 0x0, 0x0, 0x0, 0x0, 0x1b,
    0x20,

    /* U+E1B8 "" */
    0x0, 0x0, 0x0, 0x8, 0x60, 0x0, 0x0, 0x0,
    0x0, 0x0, 0x0, 0xe, 0xb0, 0x0, 0x0, 0x0,
    0x0, 0x0, 0x0, 0xe, 0xb0, 0x0, 0x0, 0x0,
    0x0, 0x0, 0x32, 0xe, 0xb0, 0x23, 0x0, 0x0,
    0x0, 0x1, 0xf9, 0xe, 0xb0, 0x9f, 0x10, 0x0,
    0x0, 0x1, 0xf9, 0xe, 0xb0, 0x9f, 0x10, 0x0,
    0x0, 0x1, 0xf9, 0xe, 0xb0, 0x9f, 0x10, 0x0,
    0x8e, 0x11, 0xf9, 0xe, 0xb0, 0x9f, 0x11, 0xe8,
    0x9f, 0x11, 0xf9, 0xe, 0xb0, 0x9f, 0x11, 0xf9,
    0x9f, 0x11, 0xf9, 0xe, 0xb0, 0x9f, 0x11, 0xf9,
    0x47, 0x1, 0xf9, 0xe, 0xb0, 0x9f, 0x10, 0x74,
    0x0, 0x1, 0xf9, 0xe, 0xb0, 0x9f, 0x10, 0x0,
    0x0, 0x1, 0xf9, 0xe, 0xb0, 0x9f, 0x10, 0x0,
    0x0, 0x0, 0xc7, 0xe, 0xb0, 0x7c, 0x0, 0x0,
    0x0, 0x0, 0x0, 0xe, 0xb0, 0x0, 0x0, 0x0,
    0x0, 0x0, 0x0, 0xe, 0xb0, 0x0, 0x0, 0x0,
    0x0, 0x0, 0x0, 0xe, 0xb0, 0x0, 0x0, 0x0,
    0x0, 0x0, 0x0, 0x1, 0x10, 0x0, 0x0, 0x0,

    /* U+E1BD "" */
    0x0, 0x0, 0x0, 0x0, 0x0, 0x4, 0x30, 0x0,
    0x5, 0xaa, 0xaa, 0xaa, 0x0, 0x4, 0xff, 0x30,
    0x0, 0x9f, 0xff, 0xff, 0xf1, 0x5, 0xff, 0xff,
    0x30, 0x9, 0xf1, 0x0, 0x9f, 0x15, 0xff, 0x33,
    0xff, 0x30, 0x9f, 0x10, 0x9, 0xf7, 0xfe, 0x30,
    0x3, 0xff, 0x39, 0xf1, 0x0, 0x9f, 0x7f, 0xe2,
    0x0, 0x3e, 0xf3, 0x9f, 0xaa, 0xad, 0xf1, 0x6f,
    0xe2, 0x3f, 0xe3, 0x9, 0xff, 0xff, 0xff, 0x10,
    0x6f, 0xef, 0xe3, 0x0, 0x0, 0x0, 0x0, 0x0,
    0x0, 0x5f, 0xe2, 0x0, 0x0, 0x0, 0x0, 0x0,
    0x0, 0x0, 0x63, 0x0, 0x0, 0x9f, 0xff, 0xff,
    0xf1, 0x1f, 0xff, 0xff, 0xf9, 0x9, 0xfa, 0xaa,
    0xdf, 0x11, 0xfd, 0xaa, 0xaf, 0x90, 0x9f, 0x10,
    0x9, 0xf1, 0x1f, 0x90, 0x1, 0xf9, 0x9, 0xf1,
    0x0, 0x9f, 0x11, 0xf9, 0x0, 0x1f, 0x90, 0x9f,
    0x10, 0x9, 0xf1, 0x1f, 0x90, 0x1, 0xf9, 0x9,
    0xff, 0xff, 0xff, 0x11, 0xff, 0xff, 0xff, 0x90,
    0x5a, 0xaa, 0xaa, 0xa0, 0xa, 0xaa, 0xaa, 0xa5,
    0x0,

    /* U+E238 "" */
    0x6f, 0xff, 0xfe, 0xa3, 0x0, 0x7f, 0xff, 0xff,
    0xff, 0x40, 0x7f, 0xf6, 0x57, 0xff, 0xb0, 0x7f,
    0xf1, 0x0, 0xbf, 0xc0, 0x7f, 0xf4, 0x45, 0xff,
    0x80, 0x7f, 0xff, 0xff, 0xfc, 0x0, 0x7f, 0xff,
    0xff, 0xff, 0x60, 0x7f, 0xf1, 0x0, 0xaf, 0xf0,
    0x7f, 0xf1, 0x0, 0x5f, 0xf2, 0x7f, 0xf6, 0x66,
    0xdf, 0xf1, 0x7f, 0xff, 0xff, 0xff, 0x90, 0x6f,
    0xff, 0xfe, 0xb5, 0x0,

    /* U+E23F "" */
    0x0, 0x6f, 0xff, 0xff, 0xff, 0xd0, 0x6, 0xff,
    0xff, 0xff, 0xfe, 0x0, 0x2, 0x25, 0xfd, 0x22,
    0x10, 0x0, 0x0, 0x8f, 0x80, 0x0, 0x0, 0x0,
    0xd, 0xf3, 0x0, 0x0, 0x0, 0x2, 0xfe, 0x0,
    0x0, 0x0, 0x0, 0x8f, 0x90, 0x0, 0x0, 0x0,
    0xd, 0xf3, 0x0, 0x0, 0x0, 0x2, 0xfe, 0x0,
    0x0, 0x1, 0x22, 0x8f, 0xa2, 0x20, 0x0, 0xef,
    0xff, 0xff, 0xff, 0x60, 0xe, 0xff, 0xff, 0xff,
    0xf6, 0x0,

    /* U+E241 "" */
    0x5, 0x70, 0x0, 0x0, 0x0, 0x0, 0x0, 0x0,
    0x5f, 0xfa, 0x8, 0xbb, 0xbb, 0xbb, 0xbb, 0xb3,
    0x6f, 0xfb, 0xa, 0xff, 0xff, 0xff, 0xff, 0xf4,
    0x9, 0xb2, 0x0, 0x0, 0x0, 0x0, 0x0, 0x0,
    0x0, 0x0, 0x0, 0x0, 0x0, 0x0, 0x0, 0x0,
    0x5, 0x70, 0x0, 0x0, 0x0, 0x0, 0x0, 0x0,
    0x5f, 0xfa, 0x8, 0xbb, 0xbb, 0xbb, 0xbb, 0xb3,
    0x6f, 0xfb, 0xa, 0xff, 0xff, 0xff, 0xff, 0xf4,
    0x9, 0xb2, 0x0, 0x0, 0x0, 0x0, 0x0, 0x0,
    0x0, 0x0, 0x0, 0x0, 0x0, 0x0, 0x0, 0x0,
    0x5, 0x70, 0x0, 0x0, 0x0, 0x0, 0x0, 0x0,
    0x5f, 0xfa, 0x8, 0xbb, 0xbb, 0xbb, 0xbb, 0xb3,
    0x6f, 0xfb, 0xa, 0xff, 0xff, 0xff, 0xff, 0xf4,
    0x9, 0xb2, 0x0, 0x0, 0x0, 0x0, 0x0, 0x0,

    /* U+E244 "" */
    0x3, 0xcf, 0xc4, 0x0, 0x9, 0xee, 0x90, 0x2,
    0xff, 0xff, 0xf4, 0xa, 0xff, 0xff, 0xa0, 0x9f,
    0xb2, 0x9f, 0xb1, 0xff, 0x44, 0xff, 0x2b, 0xf5,
    0x3, 0xfd, 0x3f, 0xd0, 0xc, 0xf4, 0x8f, 0xc4,
    0xbf, 0xb1, 0xff, 0x66, 0xff, 0x11, 0xef, 0xff,
    0xf3, 0x8, 0xff, 0xff, 0xa0, 0x2, 0xae, 0xfa,
    0x0, 0x7, 0xcf, 0xf1, 0x0, 0x0, 0xcf, 0x20,
    0x0, 0x5, 0xf8, 0x0, 0x0, 0x5f, 0x80, 0x0,
    0x0, 0xee, 0x0, 0x0, 0xe, 0xe0, 0x0, 0x0,
    0x7f, 0x60, 0x0, 0x0, 0x31, 0x0, 0x0, 0x2,
    0x30, 0x0, 0x0,

    /* U+E250 "" */
    0x0, 0x0, 0x0, 0x0, 0x0, 0x0, 0x0, 0x0,
    0x0, 0x0, 0x4c, 0xff, 0xff, 0x60, 0xef, 0xff,
    0xd6, 0x0, 0x5, 0xff, 0xba, 0xaa, 0x40, 0x9a,
    0xaa, 0xef, 0x80, 0xe, 0xe2, 0x0, 0x0, 0x0,
    0x0, 0x0, 0xc, 0xf2, 0x2f, 0x80, 0x0, 0xbb,
    0xbb, 0xbb, 0x60, 0x5, 0xf5, 0x2f, 0x80, 0x1,
    0xff, 0xff, 0xff, 0x80, 0x5, 0xf5, 0xe, 0xe2,
    0x0, 0x0, 0x0, 0x0, 0x0, 0xc, 0xf2, 0x5,
    0xff, 0xba, 0xaa, 0x40, 0x9a, 0xaa, 0xef, 0x80,
    0x0, 0x4c, 0xff, 0xff, 0x60, 0xef, 0xff, 0xd6,
    0x0, 0x0, 0x0, 0x0, 0x0, 0x0, 0x0, 0x0,
    0x0, 0x0,

    /* U+E262 "" */
    0x8, 0x88, 0x88, 0x88, 0x88, 0x86, 0x0, 0x0,
    0x0, 0x1f, 0xff, 0xff, 0xff, 0xff, 0xfb, 0x0,
    0x0, 0x0, 0x1f, 0xff, 0xff, 0xff, 0xff, 0xfa,
    0x0, 0x0, 0x0, 0x0, 0x0, 0xf, 0xf8, 0x0,
    0x0, 0x0, 0x0, 0x0, 0x0, 0x0, 0xf, 0xf8,
    0x0, 0x78, 0x88, 0x88, 0x84, 0x0, 0x0, 0xf,
    0xf8, 0x0, 0xff, 0xff, 0xff, 0xf8, 0x0, 0x0,
    0xf, 0xf8, 0x0, 0xff, 0xff, 0xff, 0xf8, 0x0,
    0x0, 0xf, 0xf8, 0x0, 0x0, 0x7f, 0xf0, 0x0,
    0x0, 0x0, 0xf, 0xf8, 0x0, 0x0, 0x7f, 0xf0,
    0x0, 0x0, 0x0, 0xf, 0xf8, 0x0, 0x0, 0x7f,
    0xf0, 0x0, 0x0, 0x0, 0xf, 0xf8, 0x0, 0x0,
    0x7f, 0xf0, 0x0, 0x0, 0x0, 0xf, 0xf8, 0x0,
    0x0, 0x7f, 0xf0, 0x0, 0x0, 0x0, 0xf, 0xf8,
    0x0, 0x0, 0x7f, 0xf0, 0x0, 0x0, 0x0, 0xa,
    0xa5, 0x0, 0x0, 0x4a, 0xa0, 0x0,

    /* U+E2C7 "" */
    0x4, 0xaa, 0xaa, 0xa9, 0x0, 0x0, 0x0, 0x0,
    0x0, 0xf, 0xff, 0xff, 0xff, 0xb0, 0x0, 0x0,
    0x0, 0x0, 0x1f, 0x80, 0x0, 0x9, 0xff, 0xff,
    0xff, 0xff, 0xd2, 0x1f, 0x80, 0x0, 0x0, 0x8a,
    0xaa, 0xaa, 0xab, 0xf8, 0x1f, 0x80, 0x0, 0x0,
    0x0, 0x0, 0x0, 0x1, 0xf9, 0x1f, 0x80, 0x0,
    0x0, 0x0, 0x0, 0x0, 0x1, 0xf9, 0x1f, 0x80,
    0x0, 0x0, 0x0, 0x0, 0x0, 0x1, 0xf9, 0x1f,
    0x80, 0x0, 0x0, 0x0, 0x0, 0x0, 0x1, 0xf9,
    0x1f, 0x80, 0x0, 0x0, 0x0, 0x0, 0x0, 0x1,
    0xf9, 0x1f, 0x80, 0x0, 0x0, 0x0, 0x0, 0x0,
    0x1, 0xf9, 0x1f, 0x80, 0x0, 0x0, 0x0, 0x0,
    0x0, 0x1, 0xf9, 0x1f, 0x80, 0x0, 0x0, 0x0,
    0x0, 0x0, 0x1, 0xf9, 0xf, 0xff, 0xff, 0xff,
    0xff, 0xff, 0xff, 0xff, 0xf7, 0x4, 0xaa, 0xaa,
    0xaa, 0xaa, 0xaa, 0xaa, 0xaa, 0x80,

    /* U+E2C8 "" */
    0x4, 0xaa, 0xaa, 0xa9, 0x0, 0x0, 0x0, 0x0,
    0x0, 0x0, 0xff, 0xff, 0xff, 0xfb, 0x0, 0x0,
    0x0, 0x0, 0x0, 0x1f, 0x80, 0x0, 0xa, 0xff,
    0xff, 0xff, 0xff, 0xd1, 0x1, 0xf8, 0x0, 0x0,
    0x8, 0xaa, 0xaa, 0xaa, 0xaa, 0x50, 0x1f, 0x80,
    0x0, 0x0, 0x0, 0x0, 0x0, 0x0, 0x0, 0x1,
    0xf8, 0x5, 0xaa, 0xaa, 0xaa, 0xaa, 0xaa, 0xaa,
    0xa7, 0x1f, 0x80, 0xcf, 0xff, 0xff, 0xff, 0xff,
    0xff, 0xff, 0x71, 0xf8, 0x1f, 0xa0, 0x0, 0x0,
    0x0, 0x0, 0x9, 0xf2, 0x1f, 0x86, 0xf5, 0x0,
    0x0, 0x0, 0x0, 0x0, 0xed, 0x1, 0xf8, 0xbf,
    0x10, 0x0, 0x0, 0x0, 0x0, 0x3f, 0x80, 0x1f,
    0x9f, 0xb0, 0x0, 0x0, 0x0, 0x0, 0x8, 0xf3,
    0x1, 0xfd, 0xf7, 0x0, 0x0, 0x0, 0x0, 0x0,
    0xce, 0x0, 0xf, 0xff, 0xff, 0xff, 0xff, 0xff,
    0xff, 0xff, 0x90, 0x0, 0x4a, 0xaa, 0xaa, 0xaa,
    0xaa, 0xaa, 0xaa, 0x91, 0x0,

    /* U+E2DB "" */
    0x0, 0x0, 0x0, 0x0, 0x22, 0x10, 0x0, 0x0,
    0x0, 0x0, 0x0, 0x6, 0xcf, 0xff, 0xfd, 0x70,
    0x0, 0x0, 0x0, 0x2, 0xcf, 0xff, 0xff, 0xff,
    0xfe, 0x30, 0x0, 0x0, 0x2e, 0xff, 0xff, 0xff,
    0xf9, 0x7f, 0xf4, 0x0, 0x0, 0xdf, 0xff, 0xff,
    0xff, 0xc1, 0x3, 0xfe, 0x10, 0x6, 0xff, 0xff,
    0xff, 0x40, 0x0, 0x0, 0x5f, 0x90, 0xc, 0xff,
    0xff, 0xff, 0x30, 0x0, 0x0, 0xd, 0xf0, 0x1f,
    0xef, 0xfd, 0x76, 0x0, 0x37, 0x73, 0x4, 0x71,
    0x3f, 0x78, 0xfc, 0x0, 0x8, 0xff, 0xff, 0x90,
    0x0, 0x2f, 0x70, 0x7f, 0xf6, 0x5f, 0xa1, 0x1a,
    0xf5, 0x0, 0x1f, 0x90, 0x7, 0xf6, 0xaf, 0x0,
    0x0, 0xfb, 0x0, 0xc, 0xe0, 0x0, 0x53, 0xbf,
    0x0, 0x0, 0xfb, 0x0, 0x6, 0xf7, 0x0, 0x0,
    0x6f, 0x90, 0x9, 0xf6, 0x0, 0x0, 0xcf, 0x50,
    0x0, 0xb, 0xff, 0xff, 0xfa, 0x0, 0x0, 0x1e,
    0xf8, 0x10, 0x0, 0x5a, 0x95, 0x9f, 0xb0, 0x0,
    0x1, 0xcf, 0xfb, 0x90, 0x0, 0x0, 0x9, 0xf9,
    0x0, 0x0, 0x5, 0xbf, 0xf1, 0x0, 0x0, 0x0,
    0x71, 0x0, 0x0, 0x0, 0x0, 0x10, 0x0, 0x0,
    0x0, 0x0,

    /* U+E30C "" */
    0x3, 0x9a, 0xaa, 0xaa, 0xaa, 0xaa, 0xaa, 0xa9,
    0x70, 0xf, 0xff, 0xff, 0xff, 0xff, 0xff, 0xff,
    0xff, 0xf6, 0x1f, 0x90, 0x0, 0x0, 0x0, 0x0,
    0x0, 0x1, 0xf9, 0x1f, 0x80, 0x0, 0x0, 0x0,
    0x0, 0x0, 0x1, 0xf9, 0x1f, 0x80, 0x0, 0x0,
    0x0, 0x0, 0x0, 0x1, 0xf9, 0x1f, 0x80, 0x0,
    0x0, 0x0, 0x0, 0x0, 0x1, 0xf9, 0x1f, 0x80,
    0x0, 0x0, 0x0, 0x0, 0x0, 0x1, 0xf9, 0x1f,
    0x80, 0x0, 0x0, 0x0, 0x0, 0x0, 0x1, 0xf9,
    0x1f, 0x80, 0x0, 0x0, 0x0, 0x0, 0x0, 0x1,
    0xf9, 0x1f, 0x80, 0x0, 0x0, 0x0, 0x0, 0x0,
    0x1, 0xf9, 0x1f, 0xda, 0xaa, 0xaa, 0xaa, 0xaa,
    0xaa, 0xaa, 0xf8, 0x9, 0xff, 0xff, 0xff, 0xff,
    0xff, 0xff, 0xff, 0xe2, 0x0, 0x0, 0x0, 0x6,
    0xff, 0xe0, 0x0, 0x0, 0x0, 0x0, 0x0, 0x0,
    0x6, 0xff, 0xe0, 0x0, 0x0, 0x0, 0x0, 0x0,
    0x1, 0xff, 0xff, 0xff, 0x90, 0x0, 0x0, 0x0,
    0x0, 0x0, 0xaa, 0xaa, 0xaa, 0x50, 0x0, 0x0,

    /* U+E31D "" */
    0x0, 0x0, 0x16, 0x61, 0x0, 0x0, 0x0, 0x1,
    0xef, 0xfe, 0x10, 0x0, 0x0, 0x7, 0xf6, 0x6f,
    0x70, 0x0, 0x0, 0x9, 0xf1, 0x1f, 0x90, 0x0,
    0x0, 0x9, 0xf1, 0x1f, 0x90, 0x0, 0x0, 0x9,
    0xf1, 0x1f, 0x90, 0x0, 0x0, 0x9, 0xf1, 0x1f,
    0x90, 0x0, 0x0, 0x9, 0xf1, 0x1f, 0x90, 0x0,
    0xab, 0x8, 0xf4, 0x4f, 0x80, 0xba, 0xaf, 0x12,
    0xff, 0xff, 0x21, 0xfa, 0x4f, 0xa0, 0x29, 0x92,
    0xa, 0xf4, 0xa, 0xfb, 0x20, 0x2, 0xbf, 0xa0,
    0x0, 0xaf, 0xfe, 0xef, 0xfa, 0x0, 0x0, 0x4,
    0x9f, 0xf9, 0x40, 0x0, 0x0, 0x0, 0xe, 0xe0,
    0x0, 0x0, 0x0, 0x0, 0xe, 0xe0, 0x0, 0x0,
    0x0, 0x0, 0x4, 0x40, 0x0, 0x0,

    /* U+E31E "" */
    0x0, 0x59, 0xaa, 0xaa, 0xaa, 0xaa, 0xaa, 0xaa,
    0x95, 0x0, 0x3, 0xff, 0xff, 0xff, 0xff, 0xff,
    0xff, 0xff, 0xff, 0x30, 0x5, 0xf5, 0x0, 0x0,
    0x0, 0x0, 0x0, 0x0, 0x5f, 0x50, 0x5, 0xf5,
    0x0, 0x0, 0x0, 0x0, 0x0, 0x0, 0x5f, 0x50,
    0x5, 0xf5, 0x0, 0x0, 0x0, 0x0, 0x0, 0x0,
    0x5f, 0x50, 0x5, 0xf5, 0x0, 0x0, 0x0, 0x0,
    0x0, 0x0, 0x5f, 0x50, 0x5, 0xf5, 0x0, 0x0,
    0x0, 0x0, 0x0, 0x0, 0x5f, 0x50, 0x5, 0xf5,
    0x0, 0x0, 0x0, 0x0, 0x0, 0x0, 0x5f, 0x50,
    0x5, 0xf5, 0x0, 0x0, 0x0, 0x0, 0x0, 0x0,
    0x5f, 0x50, 0x5, 0xf5, 0x0, 0x0, 0x0, 0x0,
    0x0, 0x0, 0x5f, 0x50, 0x5, 0xf5, 0x0, 0x0,
    0x0, 0x0, 0x0, 0x0, 0x5f, 0x50, 0x4, 0xfb,
    0x99, 0x99, 0x99, 0x99, 0x99, 0x99, 0xbf, 0x40,
    0x0, 0xdf, 0xff, 0xff, 0xff, 0xff, 0xff, 0xff,
    0xfd, 0x0, 0x0, 0x2, 0x22, 0x22, 0x22, 0x22,
    0x22, 0x22, 0x20, 0x0, 0x2f, 0xff, 0xff, 0xff,
    0xff, 0xff, 0xff, 0xff, 0xff, 0xf2, 0x1a, 0xaa,
    0xaa, 0xaa, 0xaa, 0xaa, 0xaa, 0xaa, 0xaa, 0xa1,

    /* U+E32D "" */
    0x17, 0x88, 0x88, 0x88, 0x88, 0x70, 0xaf, 0xff,
    0xff, 0xff, 0xff, 0xf8, 0xdd, 0x11, 0x11, 0x11,
    0x11, 0xeb, 0xdd, 0x0, 0x3e, 0xe2, 0x0, 0xeb,
    0xdd, 0x0, 0x9f, 0xf8, 0x0, 0xeb, 0xdd, 0x0,
    0x7f, 0xf5, 0x0, 0xeb, 0xdd, 0x0, 0x5, 0x40,
    0x0, 0xeb, 0xdd, 0x0, 0x0, 0x0, 0x0, 0xeb,
    0xdd, 0x0, 0x7c, 0xc6, 0x0, 0xeb, 0xdd, 0xa,
    0xfe, 0xff, 0x80, 0xeb, 0xdd, 0x2f, 0xa0, 0xc,
    0xf1, 0xeb, 0xdd, 0x4f, 0x40, 0x7, 0xf2, 0xeb,
    0xdd, 0x1f, 0xa0, 0xc, 0xf0, 0xeb, 0xdd, 0x7,
    0xfe, 0xff, 0x50, 0xeb, 0xdd, 0x0, 0x38, 0x83,
    0x0, 0xeb, 0xce, 0x88, 0x88, 0x88, 0x88, 0xfb,
    0x6f, 0xff, 0xff, 0xff, 0xff, 0xf4, 0x0, 0x11,
    0x11, 0x11, 0x11, 0x0,

    /* U+E3AE "" */
    0x0, 0x0, 0x0, 0x0, 0x0, 0x0, 0x1, 0x93,
    0x0, 0x0, 0x0, 0x0, 0x0, 0x0, 0x1, 0xdf,
    0xf2, 0x0, 0x0, 0x0, 0x0, 0x0, 0x1, 0xcf,
    0xff, 0x70, 0x0, 0x0, 0x0, 0x0, 0x1, 0xcf,
    0xff, 0xa0, 0x0, 0x0, 0x0, 0x0, 0x1, 0xcf,
    0xff, 0xa0, 0x0, 0x0, 0x0, 0x0, 0x1, 0xcf,
    0xff, 0xa0, 0x0, 0x0, 0x0, 0x0, 0x1, 0xcf,
    0xff, 0xb0, 0x0, 0x0, 0x0, 0x0, 0x1, 0xcf,
    0xff, 0xb0, 0x0, 0x0, 0x0, 0x0, 0x0, 0x1d,
    0xff, 0xb0, 0x0, 0x0, 0x0, 0x0, 0x16, 0x60,
    0x1d, 0xb0, 0x0, 0x0, 0x0, 0x0, 0x2e, 0xff,
    0xc0, 0x10, 0x0, 0x0, 0x0, 0x0, 0x8, 0xf5,
    0x8f, 0x40, 0x0, 0x0, 0x0, 0x0, 0x0, 0xbf,
    0x5, 0xf5, 0x0, 0x0, 0x0, 0x0, 0x0, 0x7f,
    0xc4, 0xdf, 0x10, 0x0, 0x0, 0x0, 0x0, 0x9,
    0xff, 0xff, 0x60, 0x0, 0x0, 0x0, 0x0, 0x0,
    0x3, 0x77, 0x20, 0x0, 0x0, 0x0, 0x0, 0x0,

    /* U+E3BE "" */
    0x0, 0x0, 0x0, 0x0, 0x0, 0x0, 0x0, 0x0,
    0x0, 0x0, 0x0, 0x0, 0xeb, 0x0, 0x0, 0x0,
    0x0, 0x0, 0x0, 0x0, 0x0, 0x0, 0xeb, 0x0,
    0x0, 0x0, 0x0, 0x0, 0x0, 0x0, 0x0, 0x0,
    0xeb, 0x0, 0x0, 0x0, 0x0, 0x0, 0x0, 0x0,
    0x2b, 0xbb, 0xfb, 0x6, 0xbb, 0xbb, 0xbb, 0x91,
    0x0, 0x0, 0x4f, 0xff, 0xfb, 0x9, 0xff, 0xff,
    0xff, 0xf9, 0x0, 0x0, 0x0, 0x0, 0xeb, 0x0,
    0x0, 0x0, 0x0, 0xeb, 0x0, 0x0, 0x0, 0x0,
    0xeb, 0x0, 0x0, 0x0, 0x0, 0xeb, 0x0, 0x0,
    0x0, 0x0, 0xeb, 0x0, 0x0, 0x0, 0x0, 0xeb,
    0x0, 0x0, 0x0, 0x0, 0xeb, 0x0, 0x0, 0x0,
    0x0, 0xeb, 0x0, 0x0, 0x0, 0x0, 0xeb, 0x0,
    0x0, 0x0, 0x0, 0xeb, 0x0, 0x0, 0x0, 0x0,
    0xeb, 0x0, 0x0, 0x0, 0x0, 0xeb, 0x0, 0x0,
    0x0, 0x0, 0xeb, 0x0, 0x0, 0x0, 0x0, 0x97,
    0x0, 0x0, 0x0, 0x0, 0xeb, 0x0, 0x0, 0x0,
    0x0, 0x0, 0x0, 0x0, 0x0, 0x0, 0xde, 0xbb,
    0xbb, 0xbb, 0xbb, 0xbb, 0xbb, 0xb0, 0x0, 0x0,
    0x5e, 0xff, 0xff, 0xff, 0xff, 0xff, 0xff, 0xf1,
    0x0, 0x0, 0x0, 0x0, 0x0, 0x0, 0x0, 0xeb,
    0x0, 0x0, 0x0, 0x0, 0x0, 0x0, 0x0, 0x0,
    0x0, 0xeb, 0x0, 0x0, 0x0, 0x0, 0x0, 0x0,
    0x0, 0x0, 0x0, 0xeb, 0x0, 0x0, 0x0, 0x0,
    0x0, 0x0, 0x0, 0x0, 0x0, 0x43, 0x0, 0x0,

    /* U+E405 "" */
    0x0, 0x0, 0x6, 0x66, 0x66, 0x0, 0x0, 0xf,
    0xff, 0xff, 0x0, 0x0, 0xf, 0xff, 0xff, 0x0,
    0x0, 0xf, 0xff, 0xff, 0x0, 0x0, 0xf, 0xa0,
    0x0, 0x0, 0x0, 0xf, 0xa0, 0x0, 0x0, 0x0,
    0xf, 0xa0, 0x0, 0x0, 0x0, 0xf, 0xa0, 0x0,
    0x0, 0x1, 0xf, 0xa0, 0x0, 0x8, 0xff, 0xef,
    0xa0, 0x0, 0x7f, 0xff, 0xff, 0xa0, 0x0, 0xdf,
    0xff, 0xff, 0xa0, 0x0, 0xef, 0xff, 0xff, 0x90,
    0x0, 0xbf, 0xff, 0xff, 0x50, 0x0, 0x1d, 0xff,
    0xfa, 0x0, 0x0, 0x0, 0x67, 0x40, 0x0, 0x0,

    /* U+E40A "" */
    0x0, 0x0, 0x0, 0x4, 0x77, 0x63, 0x0, 0x0,
    0x0, 0x0, 0x0, 0x19, 0xff, 0xff, 0xff, 0xd6,
    0x0, 0x0, 0x0, 0x4, 0xef, 0xb6, 0x32, 0x48,
    0xef, 0xb0, 0x0, 0x0, 0x3f, 0xe4, 0x11, 0x0,
    0x1, 0x9, 0xfb, 0x0, 0x0, 0xee, 0x21, 0xff,
    0x10, 0xdf, 0x30, 0x8f, 0x60, 0x8, 0xf5, 0x2,
    0xff, 0x20, 0xff, 0x40, 0xd, 0xe0, 0xd, 0xd0,
    0x0, 0x33, 0x0, 0x24, 0x0, 0x7, 0xf3, 0x1f,
    0x94, 0xc4, 0x0, 0x0, 0x0, 0x2b, 0x64, 0xf5,
    0x3f, 0x7b, 0xfb, 0x0, 0x0, 0x0, 0x8f, 0xe4,
    0xf6, 0x2f, 0x73, 0xa3, 0x0, 0x0, 0x0, 0x2a,
    0x58, 0xf3, 0xf, 0xa0, 0x0, 0x0, 0x0, 0x0,
    0x0, 0x4f, 0xd0, 0xc, 0xf0, 0x0, 0x0, 0x2,
    0x8a, 0xad, 0xff, 0x30, 0x5, 0xf8, 0x0, 0x0,
    0xe, 0xff, 0xfe, 0xa2, 0x0, 0x0, 0xbf, 0x60,
    0x0, 0x1f, 0xa0, 0x0, 0x0, 0x0, 0x0, 0x1d,
    0xf9, 0x10, 0xb, 0xf0, 0x0, 0x0, 0x0, 0x0,
    0x1, 0xbf, 0xfb, 0x9c, 0xf1, 0x0, 0x0, 0x0,
    0x0, 0x0, 0x4, 0xbf, 0xff, 0xa0, 0x0, 0x0,
    0x0, 0x0, 0x0, 0x0, 0x0, 0x11, 0x0, 0x0,
    0x0, 0x0,

    /* U+E412 "" */
    0x0, 0x0, 0x0, 0x26, 0x66, 0x65, 0x0, 0x0,
    0x0, 0x0, 0x0, 0x2, 0xef, 0xff, 0xff, 0x80,
    0x0, 0x0, 0x4, 0xab, 0xbe, 0xf6, 0x44, 0x4c,
    0xfb, 0xbb, 0x80, 0xf, 0xff, 0xff, 0x50, 0x0,
    0x1, 0xcf, 0xff, 0xf7, 0x1f, 0x80, 0x0, 0x0,
    0x0, 0x0, 0x0, 0x1, 0xf9, 0x1f, 0x80, 0x0,
    0x7, 0xde, 0xa2, 0x0, 0x1, 0xf9, 0x1f, 0x80,
    0x0, 0xaf, 0xed, 0xff, 0x20, 0x1, 0xf9, 0x1f,
    0x80, 0x4, 0xfa, 0x0, 0x4f, 0xb0, 0x1, 0xf9,
    0x1f, 0x80, 0x7, 0xf3, 0x0, 0xc, 0xf0, 0x1,
    0xf9, 0x1f, 0x80, 0x7, 0xf4, 0x0, 0xd, 0xe0,
    0x1, 0xf9, 0x1f, 0x80, 0x2, 0xfd, 0x42, 0x9f,
    0xa0, 0x1, 0xf9, 0x1f, 0x80, 0x0, 0x7f, 0xff,
    0xfd, 0x10, 0x1, 0xf9, 0x1f, 0x80, 0x0, 0x4,
    0x9a, 0x70, 0x0, 0x1, 0xf9, 0x1f, 0x90, 0x0,
    0x0, 0x0, 0x0, 0x0, 0x1, 0xf9, 0xf, 0xff,
    0xff, 0xff, 0xff, 0xff, 0xff, 0xff, 0xf6, 0x3,
    0x9a, 0xaa, 0xaa, 0xaa, 0xaa, 0xaa, 0xa9, 0x70,

    /* U+E425 "" */
    0x0, 0x0, 0x1, 0x22, 0x22, 0x0, 0x0, 0x0,
    0x0, 0x0, 0xb, 0xff, 0xff, 0x40, 0x0, 0x0,
    0x0, 0x0, 0x5, 0x88, 0x88, 0x20, 0x0, 0x0,
    0x0, 0x0, 0x3, 0x8a, 0x97, 0x30, 0x0, 0x0,
    0x0, 0x2, 0xcf, 0xff, 0xff, 0xfb, 0x3c, 0x90,
    0x0, 0x4f, 0xf9, 0x30, 0x3, 0x9f, 0xff, 0x70,
    0x2, 0xfe, 0x30, 0x4, 0x40, 0x3, 0xef, 0x20,
    0xb, 0xf3, 0x0, 0xd, 0xd0, 0x0, 0x3f, 0xb0,
    0x1f, 0xa0, 0x0, 0xd, 0xd0, 0x0, 0xa, 0xf1,
    0x5f, 0x50, 0x0, 0xd, 0xd0, 0x0, 0x5, 0xf5,
    0x7f, 0x30, 0x0, 0xd, 0xd0, 0x0, 0x3, 0xf7,
    0x6f, 0x30, 0x0, 0x6, 0x60, 0x0, 0x3, 0xf6,
    0x4f, 0x70, 0x0, 0x0, 0x0, 0x0, 0x7, 0xf4,
    0xe, 0xd0, 0x0, 0x0, 0x0, 0x0, 0xd, 0xe0,
    0x6, 0xf9, 0x0, 0x0, 0x0, 0x0, 0x9f, 0x60,
    0x0, 0xaf, 0xa1, 0x0, 0x0, 0x1a, 0xfa, 0x0,
    0x0, 0x9, 0xff, 0xb8, 0x8b, 0xff, 0x90, 0x0,
    0x0, 0x0, 0x3b, 0xff, 0xff, 0xb3, 0x0, 0x0,
    0x0, 0x0, 0x0, 0x1, 0x10, 0x0, 0x0, 0x0,

    /* U+E429 "" */
    0x0, 0x0, 0x0, 0x0, 0x0, 0x45, 0x0, 0x0,
    0x0, 0x0, 0x0, 0x0, 0x0, 0xbf, 0x0, 0x0,
    0x8b, 0xbb, 0xbb, 0xbb, 0x60, 0xbf, 0xbb, 0xb3,
    0xaf, 0xff, 0xff, 0xff, 0x90, 0xbf, 0xff, 0xf4,
    0x0, 0x0, 0x0, 0x0, 0x0, 0xbf, 0x0, 0x0,
    0x0, 0x2, 0x61, 0x0, 0x0, 0x79, 0x0, 0x0,
    0x0, 0x6, 0xf4, 0x0, 0x0, 0x0, 0x0, 0x0,
    0x8b, 0xbd, 0xf4, 0xb, 0xbb, 0xbb, 0xbb, 0xb3,
    0xaf, 0xff, 0xf4, 0xf, 0xff, 0xff, 0xff, 0xf4,
    0x0, 0x6, 0xf4, 0x0, 0x0, 0x0, 0x0, 0x0,
    0x0, 0x3, 0xa2, 0x6, 0x30, 0x0, 0x0, 0x0,
    0x0, 0x0, 0x0, 0xf, 0x90, 0x0, 0x0, 0x0,
    0x8b, 0xbb, 0xb3, 0xf, 0xeb, 0xbb, 0xbb, 0xb3,
    0xaf, 0xff, 0xf4, 0xf, 0xff, 0xff, 0xff, 0xf4,
    0x0, 0x0, 0x0, 0xf, 0x90, 0x0, 0x0, 0x0,
    0x0, 0x0, 0x0, 0xa, 0x60, 0x0, 0x0, 0x0,

    /* U+E5C3 "" */
    0x6, 0x50, 0x0, 0x65, 0x0, 0x6, 0x50, 0x8f,
    0xf5, 0x8, 0xff, 0x50, 0x8f, 0xf5, 0xbf, 0xf8,
    0xb, 0xff, 0x80, 0xbf, 0xf8, 0x2c, 0xb1, 0x2,
    0xcb, 0x10, 0x2c, 0xb1, 0x0, 0x0, 0x0, 0x0,
    0x0, 0x0, 0x0, 0x6, 0x50, 0x0, 0x65, 0x0,
    0x6, 0x50, 0x8f, 0xf5, 0x8, 0xff, 0x50, 0x8f,
    0xf5, 0xbf, 0xf8, 0xb, 0xff, 0x80, 0xbf, 0xf8,
    0x2c, 0xb1, 0x2, 0xcb, 0x10, 0x2c, 0xb1, 0x0,
    0x0, 0x0, 0x0, 0x0, 0x0, 0x0, 0x6, 0x50,
    0x0, 0x65, 0x0, 0x6, 0x50, 0x8f, 0xf5, 0x8,
    0xff, 0x50, 0x8f, 0xf5, 0xbf, 0xf8, 0xb, 0xff,
    0x80, 0xbf, 0xf8, 0x2c, 0xb1, 0x2, 0xcb, 0x10,
    0x2c, 0xb1,

    /* U+E5C4 "" */
    0x0, 0x0, 0x0, 0x22, 0x0, 0x0, 0x0, 0x0,
    0x0, 0x2, 0xee, 0x0, 0x0, 0x0, 0x0, 0x0,
    0x2e, 0xf5, 0x0, 0x0, 0x0, 0x0, 0x2, 0xef,
    0x50, 0x0, 0x0, 0x0, 0x0, 0x2e, 0xf5, 0x0,
    0x0, 0x0, 0x0, 0x2, 0xef, 0x50, 0x0, 0x0,
    0x0, 0x0, 0x2e, 0xfe, 0xbb, 0xbb, 0xbb, 0xbb,
    0xb7, 0x4f, 0xff, 0xff, 0xff, 0xff, 0xff, 0xfa,
    0x5, 0xfe, 0x20, 0x0, 0x0, 0x0, 0x0, 0x0,
    0x5f, 0xe2, 0x0, 0x0, 0x0, 0x0, 0x0, 0x5,
    0xfe, 0x20, 0x0, 0x0, 0x0, 0x0, 0x0, 0x5f,
    0xe2, 0x0, 0x0, 0x0, 0x0, 0x0, 0x5, 0xfe,
    0x0, 0x0, 0x0, 0x0, 0x0, 0x0, 0x55, 0x0,
    0x0, 0x0,

    /* U+E5C8 "" */
    0x0, 0x0, 0x0, 0x22, 0x0, 0x0, 0x0, 0x0,
    0x0, 0x0, 0xee, 0x20, 0x0, 0x0, 0x0, 0x0,
    0x0, 0x5f, 0xe2, 0x0, 0x0, 0x0, 0x0, 0x0,
    0x5, 0xfe, 0x20, 0x0, 0x0, 0x0, 0x0, 0x0,
    0x5f, 0xe2, 0x0, 0x0, 0x0, 0x0, 0x0, 0x5,
    0xfe, 0x20, 0x7b, 0xbb, 0xbb, 0xbb, 0xbb, 0xef,
    0xe2, 0xaf, 0xff, 0xff, 0xff, 0xff, 0xff, 0xf4,
    0x0, 0x0, 0x0, 0x0, 0x2, 0xef, 0x50, 0x0,
    0x0, 0x0, 0x0, 0x2e, 0xf5, 0x0, 0x0, 0x0,
    0x0, 0x2, 0xef, 0x50, 0x0, 0x0, 0x0, 0x0,
    0x2e, 0xf5, 0x0, 0x0, 0x0, 0x0, 0x0, 0xef,
    0x50, 0x0, 0x0, 0x0, 0x0, 0x0, 0x55, 0x0,
    0x0, 0x0,

    /* U+E5CD "" */
    0x18, 0x0, 0x0, 0x0, 0x0, 0x81, 0x8f, 0xa0,
    0x0, 0x0, 0xa, 0xf8, 0xa, 0xfa, 0x0, 0x0,
    0xaf, 0xa0, 0x0, 0xaf, 0xa0, 0xa, 0xfa, 0x0,
    0x0, 0xa, 0xfa, 0xaf, 0xa0, 0x0, 0x0, 0x0,
    0xaf, 0xfa, 0x0, 0x0, 0x0, 0x0, 0xaf, 0xfa,
    0x0, 0x0, 0x0, 0xa, 0xfa, 0xaf, 0xa0, 0x0,
    0x0, 0xaf, 0xa0, 0xa, 0xfa, 0x0, 0xa, 0xfa,
    0x0, 0x0, 0xaf, 0xa0, 0x8f, 0xa0, 0x0, 0x0,
    0xa, 0xf8, 0x28, 0x0, 0x0, 0x0, 0x0, 0x81,

    /* U+E5D5 "" */
    0x0, 0x0, 0x37, 0x99, 0x72, 0x0, 0xa7, 0x0,
    0x1a, 0xff, 0xff, 0xff, 0xa0, 0xfa, 0x1, 0xdf,
    0xa3, 0x1, 0x4a, 0xfc, 0xfa, 0xa, 0xf7, 0x0,
    0x0, 0x0, 0x6f, 0xfa, 0x3f, 0xa0, 0x0, 0x1,
    0xaa, 0xae, 0xfa, 0x7f, 0x30, 0x0, 0x2, 0xff,
    0xff, 0xfa, 0xaf, 0x0, 0x0, 0x0, 0x0, 0x0,
    0x0, 0xaf, 0x0, 0x0, 0x0, 0x0, 0x0, 0x0,
    0x7f, 0x30, 0x0, 0x0, 0x0, 0x2, 0x62, 0x3f,
    0xa0, 0x0, 0x0, 0x0, 0xc, 0xf2, 0xa, 0xf7,
    0x0, 0x0, 0x0, 0x8f, 0xa0, 0x1, 0xdf, 0xa3,
    0x1, 0x4b, 0xfc, 0x0, 0x0, 0x1a, 0xff, 0xff,
    0xff, 0xa0, 0x0, 0x0, 0x0, 0x37, 0xaa, 0x72,
    0x0, 0x0,

    /* U+E5D8 "" */
    0x0, 0x0, 0x0, 0x42, 0x0, 0x0, 0x0, 0x0,
    0x0, 0x4, 0xfe, 0x20, 0x0, 0x0, 0x0, 0x0,
    0x4f, 0xff, 0xe2, 0x0, 0x0, 0x0, 0x4, 0xfe,
    0xfe, 0xfe, 0x20, 0x0, 0x0, 0x4f, 0xe2, 0xeb,
    0x4f, 0xe2, 0x0, 0x4, 0xfe, 0x20, 0xeb, 0x4,
    0xfe, 0x20, 0x4f, 0xe2, 0x0, 0xeb, 0x0, 0x4f,
    0xe2, 0x4e, 0x20, 0x0, 0xeb, 0x0, 0x4, 0xe2,
    0x0, 0x0, 0x0, 0xeb, 0x0, 0x0, 0x0, 0x0,
    0x0, 0x0, 0xeb, 0x0, 0x0, 0x0, 0x0, 0x0,
    0x0, 0xeb, 0x0, 0x0, 0x0, 0x0, 0x0, 0x0,
    0xeb, 0x0, 0x0, 0x0, 0x0, 0x0, 0x0, 0xeb,
    0x0, 0x0, 0x0, 0x0, 0x0, 0x0, 0x97, 0x0,
    0x0, 0x0,

    /* U+E5DB "" */
    0x0, 0x0, 0x0, 0x97, 0x0, 0x0, 0x0, 0x0,
    0x0, 0x0, 0xeb, 0x0, 0x0, 0x0, 0x0, 0x0,
    0x0, 0xeb, 0x0, 0x0, 0x0, 0x0, 0x0, 0x0,
    0xeb, 0x0, 0x0, 0x0, 0x0, 0x0, 0x0, 0xeb,
    0x0, 0x0, 0x0, 0x0, 0x0, 0x0, 0xeb, 0x0,
    0x0, 0x0, 0x4e, 0x20, 0x0, 0xeb, 0x0, 0x4,
    0xe2, 0x4f, 0xe2, 0x0, 0xeb, 0x0, 0x4f, 0xe2,
    0x4, 0xfe, 0x20, 0xeb, 0x4, 0xfe, 0x20, 0x0,
    0x4f, 0xe2, 0xeb, 0x4f, 0xe2, 0x0, 0x0, 0x4,
    0xfe, 0xfe, 0xfe, 0x20, 0x0, 0x0, 0x0, 0x4f,
    0xff, 0xe2, 0x0, 0x0, 0x0, 0x0, 0x4, 0xfe,
    0x20, 0x0, 0x0, 0x0, 0x0, 0x0, 0x42, 0x0,
    0x0, 0x0,

    /* U+E627 "" */
    0x0, 0x0, 0x13, 0x0, 0x1a, 0xaa, 0xa7, 0x0,
    0x9, 0xf8, 0x0, 0x1f, 0xff, 0xfa, 0x0, 0xcf,
    0xd3, 0x0, 0x1f, 0xfd, 0x10, 0x9, 0xf9, 0x0,
    0x0, 0x1f, 0xcf, 0xa0, 0x2f, 0xc0, 0x0, 0x0,
    0x1f, 0x89, 0xf2, 0x7f, 0x40, 0x0, 0x0, 0x5,
    0x23, 0xf7, 0xaf, 0x10, 0x0, 0x0, 0x0, 0x0,
    0xfa, 0xaf, 0x0, 0x0, 0x0, 0x0, 0x1, 0xfa,
    0x7f, 0x40, 0x52, 0x0, 0x0, 0x4, 0xf7, 0x3f,
    0xc1, 0xf8, 0x0, 0x0, 0xb, 0xf3, 0xa, 0xfb,
    0xf8, 0x0, 0x0, 0x6f, 0xb0, 0x0, 0xcf, 0xf8,
    0x0, 0xa, 0xfe, 0x10, 0xaf, 0xff, 0xf8, 0x0,
    0x1f, 0xc1, 0x0, 0x7a, 0xaa, 0xa5, 0x0, 0x3,
    0x0, 0x0,

    /* U+E646 "" */
    0x3, 0x0, 0x1, 0x41, 0x0, 0x4, 0x20, 0x0,
    0x8, 0xf5, 0x0, 0x5f, 0x50, 0x1, 0xf8, 0x0,
    0x0, 0x2e, 0xf5, 0x3, 0xf5, 0x0, 0x1f, 0x80,
    0x0, 0x0, 0x2e, 0xf5, 0x5, 0x50, 0x1, 0xf8,
    0x0, 0x0, 0x0, 0x2e, 0xfa, 0x4, 0xef, 0xff,
    0xf9, 0x0, 0x0, 0x0, 0x1f, 0xf8, 0x5, 0xbb,
    0xbd, 0xf2, 0x0, 0x0, 0x0, 0xff, 0xf6, 0x0,
    0x0, 0x7f, 0x30, 0x0, 0x0, 0xf, 0xcd, 0xf6,
    0x0, 0x7, 0xf3, 0x0, 0x0, 0x0, 0xfa, 0x1d,
    0xf7, 0x0, 0x7f, 0x30, 0x0, 0x0, 0xf, 0xc0,
    0x1d, 0xf7, 0x2, 0xd1, 0x0, 0x0, 0x0, 0xbf,
    0x90, 0x1d, 0xf7, 0x0, 0x0, 0x0, 0x0, 0x0,
    0xbf, 0xa0, 0x1e, 0xf8, 0x0, 0x0, 0x0, 0x0,
    0x0, 0xbf, 0x76, 0xff, 0xf8, 0x0, 0x0, 0x0,
    0x0, 0x1, 0xf9, 0x8f, 0x5b, 0xf8, 0x0, 0x0,
    0x0, 0x0, 0x1f, 0xff, 0xf5, 0xb, 0xf8, 0x0,
    0x0, 0x0, 0x0, 0xaa, 0xaa, 0x30, 0xb, 0xf8,
    0x0, 0x0, 0x0, 0x0, 0x0, 0x0, 0x0, 0xa,
    0x30,

    /* U+E668 "" */
    0x0, 0x0, 0x0, 0x0, 0x0, 0x0, 0x0, 0x0,
    0x0, 0x0, 0x0, 0x0, 0x1, 0xc3, 0x0, 0x0,
    0x0, 0x0, 0x0, 0x1d, 0xf7, 0x0, 0x0, 0x0,
    0x0, 0x1, 0xdf, 0x70, 0x0, 0x0, 0x0, 0x0,
    0x1d, 0xf7, 0x0, 0x2a, 0x0, 0x0, 0x1, 0xdf,
    0x70, 0x0, 0x7f, 0xc0, 0x0, 0x1d, 0xf7, 0x0,
    0x0, 0x8, 0xfc, 0x1, 0xdf, 0x70, 0x0, 0x0,
    0x0, 0x8f, 0xcd, 0xf7, 0x0, 0x0, 0x0, 0x0,
    0x8, 0xff, 0x70, 0x0, 0x0, 0x0, 0x0, 0x0,
    0x87, 0x0, 0x0, 0x0, 0x0,

    /* U+E684 "" */
    0x9, 0x70, 0xc, 0xb0, 0x9, 0xd0, 0x6, 0xee,
    0xb1, 0x4f, 0xf1, 0x6, 0xf4, 0x3, 0xf8, 0x0,
    0xef, 0xf7, 0x5f, 0xf8, 0x0, 0xec, 0x0, 0xaf,
    0x10, 0x7f, 0xf8, 0x5f, 0xff, 0x88, 0xcf, 0x98,
    0xbf, 0xb8, 0x9f, 0xf8, 0x5f, 0xff, 0xff, 0xff,
    0xff, 0xff, 0xff, 0xff, 0xf8, 0x5f, 0x61, 0x11,
    0x11, 0x11, 0x11, 0x11, 0x13, 0xf8, 0x5f, 0x50,
    0x0, 0x0, 0x0, 0x0, 0x0, 0x1, 0xf8, 0x5f,
    0x50, 0x0, 0x0, 0x0, 0x0, 0x0, 0x1, 0xf8,
    0x5f, 0x50, 0x0, 0x0, 0x0, 0x0, 0x0, 0x1,
    0xf8, 0x5f, 0x50, 0x0, 0x0, 0x0, 0x0, 0x0,
    0x1, 0xf8, 0x5f, 0x50, 0x0, 0x0, 0x0, 0x0,
    0x0, 0x1, 0xf8, 0x5f, 0x50, 0x0, 0x0, 0x0,
    0x0, 0x0, 0x1, 0xf8, 0x3f, 0xff, 0xff, 0xff,
    0xff, 0xff, 0xff, 0xff, 0xf6, 0x6, 0xaa, 0xaa,
    0xaa, 0xaa, 0xaa, 0xaa, 0xaa, 0x70,

    /* U+E745 "" */
    0x8a, 0xaa, 0xaa, 0xaa, 0xa4, 0x0, 0x0, 0x0,
    0xcf, 0xff, 0xff, 0xff, 0xf6, 0x0, 0x0, 0x0,
    0x0, 0x0, 0x0, 0x0, 0x0, 0x0, 0x0, 0x0,
    0x68, 0x88, 0x88, 0x88, 0x83, 0x0, 0x0, 0x0,
    0xcf, 0xff, 0xff, 0xff, 0xf6, 0x0, 0x0, 0x0,
    0x11, 0x11, 0x11, 0x11, 0x10, 0x0, 0x0, 0x0,
    0x0, 0x0, 0x0, 0x0, 0x0, 0x0, 0xad, 0x30,
    0xcf, 0xff, 0xff, 0x10, 0x0, 0xa, 0xff, 0xe1,
    0x8a, 0xaa, 0xaa, 0x0, 0x0, 0xaf, 0xff, 0xf2,
    0x0, 0x0, 0x0, 0x0, 0x9, 0xf6, 0xef, 0x70,
    0x0, 0x0, 0x0, 0x0, 0x8f, 0x43, 0xf8, 0x0,
    0x0, 0x0, 0x0, 0x3, 0xf4, 0x3f, 0x90, 0x0,
    0x0, 0x0, 0x0, 0x4, 0xf6, 0xe9, 0x0, 0x0,
    0x0, 0x0, 0x0, 0x3, 0xee, 0xa0, 0x0, 0x0,

    /* U+E7BA "" */
    0x0, 0x0, 0x0, 0x0, 0x0, 0x0, 0x6, 0xff,
    0xff, 0xff, 0xff, 0xff, 0x40, 0xee, 0xaa, 0xaa,
    0xaa, 0xaa, 0xfb, 0xe, 0xb0, 0x0, 0x53, 0x0,
    0xe, 0xb0, 0xeb, 0x0, 0xa, 0x70, 0x0, 0xeb,
    0xe, 0xb0, 0x0, 0x0, 0x0, 0xe, 0xf4, 0xeb,
    0x0, 0x0, 0x0, 0x0, 0xef, 0x9e, 0xb0, 0x0,
    0x0, 0x0, 0xe, 0xf9, 0xeb, 0x0, 0x0, 0x0,
    0x0, 0xef, 0x4e, 0xb0, 0x0, 0x0, 0x0, 0xe,
    0xb0, 0xeb, 0x0, 0x0, 0x0, 0x0, 0xeb, 0xe,
    0xb0, 0x0, 0x0, 0x0, 0xe, 0xb0, 0xeb, 0x0,
    0x0, 0x0, 0x0, 0xeb, 0xe, 0xb0, 0x0, 0x0,
    0x0, 0xe, 0xb0, 0xeb, 0x0, 0x0, 0x0, 0x0,
    0xeb, 0xe, 0xb0, 0x0, 0x0, 0x0, 0xe, 0xb0,
    0xeb, 0x0, 0x0, 0x0, 0x0, 0xeb, 0xe, 0xea,
    0xaa, 0xaa, 0xaa, 0xaf, 0xb0, 0x6f, 0xff, 0xff,
    0xff, 0xff, 0xe4, 0x0, 0x0, 0x0, 0x0, 0x0,
    0x0, 0x0,

    /* U+E7F5 "" */
    0x0, 0x0, 0x0, 0x31, 0x0, 0x0, 0x0, 0x0,
    0x0, 0x5, 0xfe, 0x0, 0x0, 0x0, 0x0, 0x0,
    0x1a, 0xff, 0x50, 0x0, 0x0, 0x0, 0x6, 0xff,
    0xff, 0xfc, 0x10, 0x0, 0x0, 0x5f, 0xd4, 0x2,
    0x8f, 0xd0, 0x0, 0x0, 0xef, 0x10, 0x0, 0x7,
    0xf6, 0x0, 0x2, 0xf9, 0x0, 0x0, 0x0, 0xfb,
    0x0, 0x3, 0xf7, 0x0, 0x0, 0x0, 0xec, 0x0,
    0x3, 0xf7, 0x0, 0x0, 0x0, 0xec, 0x0, 0x3,
    0xf7, 0x0, 0x0, 0x0, 0xec, 0x0, 0x3, 0xf7,
    0x0, 0x0, 0x0, 0xec, 0x0, 0x3, 0xf7, 0x0,
    0x0, 0x0, 0xec, 0x0, 0x3, 0xf7, 0x0, 0x0,
    0x0, 0xec, 0x0, 0xef, 0xff, 0xff, 0xff, 0xff,
    0xff, 0xf7, 0x9a, 0xaa, 0xaa, 0xaa, 0xaa, 0xaa,
    0xa4, 0x0, 0x0, 0x7, 0x88, 0x30, 0x0, 0x0,
    0x0, 0x0, 0x7, 0xfe, 0x10, 0x0, 0x0, 0x0,
    0x0, 0x0, 0x0, 0x0, 0x0, 0x0,

    /* U+E7F7 "" */
    0x0, 0x0, 0x10, 0x0, 0x23, 0x0, 0x0, 0x10,
    0x0, 0x0, 0xb, 0xc0, 0x1, 0xff, 0x30, 0xa,
    0xd1, 0x0, 0x0, 0xaf, 0x80, 0x6, 0xff, 0x90,
    0x6, 0xfc, 0x0, 0x4, 0xfa, 0x2, 0xef, 0xff,
    0xff, 0x40, 0x8f, 0x70, 0xb, 0xf1, 0x1e, 0xf7,
    0x11, 0x5e, 0xf3, 0xe, 0xd0, 0xf, 0xb0, 0x9f,
    0x50, 0x0, 0x3, 0xfb, 0x8, 0xf3, 0x2f, 0x80,
    0xde, 0x0, 0x0, 0x0, 0xbf, 0x5, 0xf5, 0x4,
    0x10, 0xec, 0x0, 0x0, 0x0, 0x9f, 0x11, 0x41,
    0x0, 0x0, 0xec, 0x0, 0x0, 0x0, 0x9f, 0x10,
    0x0, 0x0, 0x0, 0xec, 0x0, 0x0, 0x0, 0x9f,
    0x10, 0x0, 0x0, 0x0, 0xec, 0x0, 0x0, 0x0,
    0x9f, 0x10, 0x0, 0x0, 0x0, 0xec, 0x0, 0x0,
    0x0, 0x9f, 0x10, 0x0, 0x0, 0x0, 0xec, 0x0,
    0x0, 0x0, 0x9f, 0x10, 0x0, 0x0, 0x9f, 0xff,
    0xff, 0xff, 0xff, 0xff, 0xfc, 0x0, 0x0, 0x5a,
    0xaa, 0xaa, 0xaa, 0xaa, 0xaa, 0xa7, 0x0, 0x0,
    0x0, 0x0, 0x4, 0x88, 0x60, 0x0, 0x0, 0x0,
    0x0, 0x0, 0x0, 0x3, 0xef, 0x50, 0x0, 0x0,
    0x0, 0x0, 0x0, 0x0, 0x0, 0x0, 0x0, 0x0,
    0x0, 0x0,

    /* U+E80B "" */
    0x0, 0x0, 0x0, 0x0, 0x22, 0x0, 0x0, 0x0,
    0x0, 0x0, 0x0, 0x5, 0xcf, 0xff, 0xfc, 0x70,
    0x0, 0x0, 0x0, 0x1, 0xcf, 0xff, 0xff, 0xff,
    0xfe, 0x30, 0x0, 0x0, 0x1e, 0xff, 0xff, 0xff,
    0xfb, 0x6e, 0xf3, 0x0, 0x0, 0xcf, 0xff, 0xff,
    0xff, 0xd3, 0x2, 0xee, 0x10, 0x6, 0xff, 0xff,
    0xff, 0x70, 0x0, 0x0, 0x4f, 0x90, 0xc, 0xff,
    0xff, 0xff, 0x60, 0x0, 0x0, 0xb, 0xf0, 0x1f,
    0xef, 0xfd, 0x76, 0x0, 0x0, 0x0, 0x6, 0xf3,
    0x2f, 0x77, 0xfc, 0x0, 0x0, 0x0, 0x0, 0x4,
    0xf5, 0x3f, 0x70, 0x6f, 0xff, 0xff, 0xf8, 0x0,
    0x4, 0xf6, 0x1f, 0x90, 0x5, 0xff, 0xff, 0xfc,
    0x0, 0x6, 0xf4, 0xd, 0xe0, 0x0, 0x5f, 0xff,
    0xfc, 0x0, 0xb, 0xf0, 0x7, 0xf6, 0x0, 0x3f,
    0xff, 0xfe, 0xa4, 0x3f, 0xa0, 0x0, 0xdf, 0x30,
    0xa, 0xff, 0xff, 0xff, 0xdf, 0x20, 0x0, 0x3f,
    0xf6, 0x0, 0x9f, 0xff, 0xff, 0xf5, 0x0, 0x0,
    0x3, 0xef, 0xe9, 0xbf, 0xff, 0xff, 0x50, 0x0,
    0x0, 0x0, 0x7, 0xef, 0xff, 0xfe, 0x91, 0x0,
    0x0, 0x0, 0x0, 0x0, 0x2, 0x44, 0x30, 0x0,
    0x0, 0x0,

    /* U+E86F "" */
    0x0, 0x0, 0xb, 0x30, 0x0, 0x3, 0xb0, 0x0,
    0x0, 0x0, 0x0, 0xcf, 0x80, 0x0, 0x7, 0xfc,
    0x0, 0x0, 0x0, 0xc, 0xf8, 0x0, 0x0, 0x0,
    0x8f, 0xc0, 0x0, 0x0, 0xcf, 0x80, 0x0, 0x0,
    0x0, 0x8, 0xfc, 0x0, 0xc, 0xf8, 0x0, 0x0,
    0x0, 0x0, 0x0, 0x8f, 0xc0, 0xc, 0xf8, 0x0,
    0x0, 0x0, 0x0, 0x0, 0x8f, 0xc0, 0x0, 0xcf,
    0x80, 0x0, 0x0, 0x0, 0x8, 0xfc, 0x0, 0x0,
    0xc, 0xf8, 0x0, 0x0, 0x0, 0x8f, 0xc0, 0x0,
    0x0, 0x0, 0xcf, 0x70, 0x0, 0x8, 0xfc, 0x0,
    0x0, 0x0, 0x0, 0xb, 0x30, 0x0, 0x3, 0xb0,
    0x0, 0x0,

    /* U+E871 "" */
    0x5a, 0xaa, 0xaa, 0xa0, 0xa, 0xaa, 0xaa, 0xa5,
    0x9f, 0xff, 0xff, 0xf1, 0x1f, 0xff, 0xff, 0xf9,
    0x9f, 0x10, 0x9, 0xf1, 0x1f, 0x90, 0x1, 0xf9,
    0x9f, 0x10, 0x9, 0xf1, 0x1f, 0x90, 0x1, 0xf9,
    0x9f, 0x10, 0x9, 0xf1, 0x1f, 0xff, 0xff, 0xf9,
    0x9f, 0x10, 0x9, 0xf1, 0xa, 0xaa, 0xaa, 0xa5,
    0x9f, 0x10, 0x9, 0xf1, 0x0, 0x0, 0x0, 0x0,
    0x9f, 0xbb, 0xbe, 0xf1, 0xb, 0xbb, 0xbb, 0xb6,
    0x9f, 0xff, 0xff, 0xf1, 0x1f, 0xff, 0xff, 0xf9,
    0x0, 0x0, 0x0, 0x0, 0x1f, 0x90, 0x1, 0xf9,
    0x5a, 0xaa, 0xaa, 0xa0, 0x1f, 0x90, 0x1, 0xf9,
    0x9f, 0xff, 0xff, 0xf1, 0x1f, 0x90, 0x1, 0xf9,
    0x9f, 0x10, 0x9, 0xf1, 0x1f, 0x90, 0x1, 0xf9,
    0x9f, 0x10, 0x9, 0xf1, 0x1f, 0x90, 0x1, 0xf9,
    0x9f, 0xff, 0xff, 0xf1, 0x1f, 0xff, 0xff, 0xf9,
    0x5a, 0xaa, 0xaa, 0xa0, 0xa, 0xaa, 0xaa, 0xa5,

    /* U+E873 "" */
    0x6, 0x88, 0x88, 0x88, 0x70, 0x0, 0x0, 0x8f,
    0xff, 0xff, 0xff, 0xfa, 0x0, 0x0, 0xaf, 0x11,
    0x11, 0x14, 0xff, 0xa0, 0x0, 0xaf, 0x0, 0x0,
    0x2, 0xff, 0xfb, 0x0, 0xaf, 0x0, 0x0, 0x2,
    0xff, 0xff, 0xb0, 0xaf, 0x0, 0x0, 0x2, 0xff,
    0xff, 0xf9, 0xaf, 0x0, 0x0, 0x0, 0x44, 0x44,
    0xfa, 0xaf, 0x0, 0x0, 0x0, 0x0, 0x0, 0xfa,
    0xaf, 0x1, 0x33, 0x33, 0x33, 0x10, 0xfa, 0xaf,
    0x5, 0xff, 0xff, 0xff, 0x50, 0xfa, 0xaf, 0x2,
    0x77, 0x77, 0x77, 0x20, 0xfa, 0xaf, 0x0, 0x0,
    0x0, 0x0, 0x0, 0xfa, 0xaf, 0x4, 0xee, 0xee,
    0xee, 0x40, 0xfa, 0xaf, 0x4, 0xcc, 0xcc, 0xcc,
    0x40, 0xfa, 0xaf, 0x0, 0x0, 0x0, 0x0, 0x0,
    0xfa, 0xaf, 0x88, 0x88, 0x88, 0x88, 0x88, 0xfa,
    0x4f, 0xff, 0xff, 0xff, 0xff, 0xff, 0xf4, 0x0,
    0x11, 0x11, 0x11, 0x11, 0x11, 0x0,

    /* U+E876 "" */
    0x0, 0x0, 0x0, 0x0, 0x0, 0x0, 0x0, 0x0,
    0x0, 0x0, 0x0, 0x0, 0x1, 0xc3, 0x0, 0x0,
    0x0, 0x0, 0x0, 0x1d, 0xf7, 0x0, 0x0, 0x0,
    0x0, 0x1, 0xdf, 0x70, 0x0, 0x0, 0x0, 0x0,
    0x1d, 0xf7, 0x0, 0x2a, 0x0, 0x0, 0x1, 0xdf,
    0x70, 0x0, 0x7f, 0xc0, 0x0, 0x1d, 0xf7, 0x0,
    0x0, 0x8, 0xfc, 0x1, 0xdf, 0x70, 0x0, 0x0,
    0x0, 0x8f, 0xcd, 0xf7, 0x0, 0x0, 0x0, 0x0,
    0x8, 0xff, 0x70, 0x0, 0x0, 0x0, 0x0, 0x0,
    0x87, 0x0, 0x0, 0x0, 0x0,

    /* U+E879 "" */
    0x7, 0x9a, 0xaa, 0xaa, 0xaa, 0xaa, 0xa9, 0x70,
    0x7f, 0xff, 0xff, 0xff, 0xff, 0xff, 0xff, 0xf7,
    0x9f, 0x10, 0x0, 0x0, 0x0, 0x0, 0x1, 0xf9,
    0x9f, 0x10, 0x0, 0x10, 0x0, 0x0, 0x1, 0xf9,
    0x9f, 0x10, 0x2, 0xe7, 0x0, 0x0, 0x1, 0xf9,
    0x36, 0x0, 0x1, 0xdf, 0x70, 0x0, 0x1, 0xf9,
    0x0, 0x0, 0x0, 0x1e, 0xf6, 0x0, 0x1, 0xf9,
    0x6b, 0xbb, 0xbb, 0xbd, 0xff, 0x50, 0x1, 0xf9,
    0x9f, 0xff, 0xff, 0xff, 0xff, 0x90, 0x1, 0xf9,
    0x0, 0x0, 0x0, 0x1c, 0xf9, 0x0, 0x1, 0xf9,
    0x36, 0x0, 0x1, 0xcf, 0x80, 0x0, 0x1, 0xf9,
    0x9f, 0x10, 0x2, 0xe8, 0x0, 0x0, 0x1, 0xf9,
    0x9f, 0x10, 0x0, 0x10, 0x0, 0x0, 0x1, 0xf9,
    0x9f, 0x10, 0x0, 0x0, 0x0, 0x0, 0x1, 0xf9,
    0x7f, 0xff, 0xff, 0xff, 0xff, 0xff, 0xff, 0xf7,
    0x7, 0x9a, 0xaa, 0xaa, 0xaa, 0xaa, 0xa9, 0x70,

    /* U+E87A "" */
    0x0, 0x0, 0x0, 0x15, 0x77, 0x51, 0x0, 0x0,
    0x0, 0x0, 0x0, 0x2a, 0xff, 0xff, 0xff, 0xc3,
    0x0, 0x0, 0x0, 0x5, 0xff, 0xa5, 0x32, 0x49,
    0xff, 0x70, 0x0, 0x0, 0x4f, 0xe3, 0x0, 0x0,
    0x0, 0x2c, 0xf7, 0x0, 0x1, 0xee, 0x20, 0x0,
    0x0, 0x0, 0x0, 0xcf, 0x30, 0x8, 0xf5, 0x0,
    0x0, 0x0, 0x38, 0x80, 0x2f, 0xb0, 0xd, 0xd0,
    0x0, 0x5, 0xae, 0xff, 0x70, 0xa, 0xf1, 0x1f,
    0x90, 0x0, 0x3f, 0xdc, 0xff, 0x20, 0x6, 0xf4,
    0x3f, 0x70, 0x0, 0x7e, 0x0, 0xcd, 0x0, 0x4,
    0xf6, 0x2f, 0x70, 0x0, 0xcf, 0x10, 0xd9, 0x0,
    0x4, 0xf5, 0xf, 0xa0, 0x1, 0xff, 0xff, 0xf4,
    0x0, 0x7, 0xf3, 0xc, 0xf0, 0x5, 0xff, 0xb6,
    0x20, 0x0, 0xc, 0xe0, 0x5, 0xf8, 0x4, 0x40,
    0x0, 0x0, 0x0, 0x5f, 0x80, 0x0, 0xcf, 0x60,
    0x0, 0x0, 0x0, 0x3, 0xfe, 0x0, 0x0, 0x1d,
    0xf9, 0x10, 0x0, 0x0, 0x7f, 0xf3, 0x0, 0x0,
    0x1, 0xbf, 0xfb, 0x98, 0xae, 0xfd, 0x20, 0x0,
    0x0, 0x0, 0x4, 0xbf, 0xff, 0xfc, 0x60, 0x0,
    0x0, 0x0, 0x0, 0x0, 0x0, 0x11, 0x0, 0x0,
    0x0, 0x0,

    /* U+E880 "" */
    0x6, 0x88, 0x88, 0x88, 0x87, 0x0, 0x0, 0x7f,
    0xff, 0xff, 0xff, 0xff, 0x60, 0x0, 0xaf, 0x11,
    0x11, 0x11, 0x2d, 0xf3, 0x0, 0xaf, 0x0, 0x0,
    0x0, 0x2, 0xfe, 0x10, 0xaf, 0x0, 0x0, 0x0,
    0x0, 0x5f, 0xc0, 0xaf, 0x0, 0x0, 0x0, 0x0,
    0x8, 0xf8, 0xaf, 0x0, 0x1, 0x67, 0x20, 0x0,
    0xfa, 0xaf, 0x0, 0x4f, 0xff, 0xf6, 0x0, 0xfa,
    0xaf, 0x0, 0xee, 0x43, 0xdf, 0x20, 0xfa, 0xaf,
    0x2, 0xf7, 0x0, 0x4f, 0x50, 0xfa, 0xaf, 0x1,
    0xfa, 0x0, 0x7f, 0x50, 0xfa, 0xaf, 0x0, 0xbf,
    0xba, 0xff, 0x20, 0xfa, 0xaf, 0x0, 0x1a, 0xff,
    0xdf, 0xd1, 0xfa, 0xaf, 0x0, 0x0, 0x1, 0x6,
    0xfd, 0xfa, 0xaf, 0x0, 0x0, 0x0, 0x0, 0x6f,
    0xfa, 0xaf, 0x88, 0x88, 0x88, 0x85, 0x5, 0xfa,
    0x4f, 0xff, 0xff, 0xff, 0xff, 0x60, 0x53, 0x0,
    0x11, 0x11, 0x11, 0x11, 0x10, 0x0,

    /* U+E888 "" */
    0x0, 0x0, 0x0, 0x15, 0x77, 0x51, 0x0, 0x0,
    0x0, 0x0, 0x0, 0x2a, 0xff, 0xff, 0xff, 0xc3,
    0x0, 0x0, 0x0, 0x5, 0xff, 0xa5, 0x32, 0x49,
    0xff, 0x70, 0x0, 0x0, 0x4f, 0xe3, 0x0, 0x0,
    0x0, 0x1c, 0xf7, 0x0, 0x1, 0xee, 0x10, 0x10,
    0x0, 0x0, 0x10, 0xcf, 0x30, 0x8, 0xf4, 0xb,
    0xd1, 0x0, 0xb, 0xd1, 0x2f, 0xb0, 0xd, 0xd0,
    0x6, 0xfd, 0x10, 0xbf, 0x90, 0xa, 0xf1, 0x1f,
    0x80, 0x0, 0x6f, 0xdb, 0xf9, 0x0, 0x6, 0xf4,
    0x3f, 0x70, 0x0, 0x6, 0xff, 0x90, 0x0, 0x4,
    0xf6, 0x2f, 0x70, 0x0, 0xb, 0xff, 0xd1, 0x0,
    0x4, 0xf5, 0xf, 0xa0, 0x0, 0xbf, 0x96, 0xfd,
    0x10, 0x7, 0xf3, 0xc, 0xe0, 0xb, 0xf9, 0x0,
    0x6f, 0xd1, 0xc, 0xe0, 0x5, 0xf8, 0x6, 0x90,
    0x0, 0x6, 0x90, 0x5f, 0x80, 0x0, 0xcf, 0x50,
    0x0, 0x0, 0x0, 0x3, 0xfe, 0x0, 0x0, 0x1d,
    0xf8, 0x10, 0x0, 0x0, 0x7f, 0xf3, 0x0, 0x0,
    0x1, 0xbf, 0xfb, 0x98, 0xae, 0xfd, 0x20, 0x0,
    0x0, 0x0, 0x4, 0xbf, 0xff, 0xfc, 0x60, 0x0,
    0x0, 0x0, 0x0, 0x0, 0x0, 0x11, 0x0, 0x0,
    0x0, 0x0,

    /* U+E88B "" */
    0x78, 0x88, 0x88, 0x88, 0x88, 0x88, 0x83, 0xef,
    0xff, 0xff, 0xff, 0xff, 0xff, 0xf7, 0x14, 0xf8,
    0x11, 0x11, 0x11, 0xec, 0x10, 0x3, 0xf7, 0x0,
    0x0, 0x0, 0xec, 0x0, 0x3, 0xf7, 0x0, 0x0,
    0x0, 0xec, 0x0, 0x2, 0xf9, 0x0, 0x0, 0x0,
    0xfb, 0x0, 0x0, 0xee, 0x10, 0x0, 0x6, 0xf7,
    0x0, 0x0, 0x6f, 0xb1, 0x0, 0x5f, 0xe1, 0x0,
    0x0, 0x9, 0xff, 0xde, 0xfe, 0x30, 0x0, 0x0,
    0x8, 0xff, 0xef, 0xfe, 0x30, 0x0, 0x0, 0x6f,
    0xc2, 0x0, 0x6f, 0xe1, 0x0, 0x0, 0xee, 0x0,
    0x0, 0x5, 0xf7, 0x0, 0x2, 0xf9, 0x0, 0x0,
    0x0, 0xfb, 0x0, 0x3, 0xf7, 0x0, 0x0, 0x0,
    0xec, 0x0, 0x3, 0xf7, 0x0, 0x0, 0x0, 0xec,
    0x0, 0x7a, 0xfc, 0x88, 0x88, 0x88, 0xfe, 0x83,
    0xef, 0xff, 0xff, 0xff, 0xff, 0xff, 0xf7, 0x11,
    0x11, 0x11, 0x11, 0x11, 0x11, 0x10,

    /* U+E88E "" */
    0x0, 0x0, 0x0, 0x15, 0x77, 0x51, 0x0, 0x0,
    0x0, 0x0, 0x0, 0x2a, 0xff, 0xff, 0xff, 0xc3,
    0x0, 0x0, 0x0, 0x5, 0xff, 0xa5, 0x32, 0x49,
    0xff, 0x70, 0x0, 0x0, 0x4f, 0xe3, 0x0, 0x0,
    0x0, 0x1c, 0xf7, 0x0, 0x1, 0xee, 0x10, 0x0,
    0x12, 0x0, 0x0, 0xcf, 0x30, 0x8, 0xf4, 0x0,
    0x0, 0xad, 0x0, 0x0, 0x2f, 0xb0, 0xd, 0xd0,
    0x0, 0x0, 0x12, 0x0, 0x0, 0xa, 0xf1, 0x1f,
    0x80, 0x0, 0x0, 0x0, 0x0, 0x0, 0x6, 0xf4,
    0x3f, 0x70, 0x0, 0x0, 0xbe, 0x0, 0x0, 0x4,
    0xf6, 0x2f, 0x70, 0x0, 0x0, 0xbe, 0x0, 0x0,
    0x4, 0xf5, 0xf, 0xa0, 0x0, 0x0, 0xbe, 0x0,
    0x0, 0x7, 0xf3, 0xc, 0xe0, 0x0, 0x0, 0xbe,
    0x0, 0x0, 0xc, 0xe0, 0x5, 0xf8, 0x0, 0x0,
    0xbe, 0x0, 0x0, 0x5f, 0x80, 0x0, 0xcf, 0x50,
    0x0, 0x0, 0x0, 0x3, 0xfe, 0x0, 0x0, 0x1d,
    0xf8, 0x10, 0x0, 0x0, 0x7f, 0xf3, 0x0, 0x0,
    0x1, 0xbf, 0xfb, 0x98, 0xae, 0xfd, 0x20, 0x0,
    0x0, 0x0, 0x4, 0xbf, 0xff, 0xfc, 0x60, 0x0,
    0x0, 0x0, 0x0, 0x0, 0x0, 0x11, 0x0, 0x0,
    0x0, 0x0,

    /* U+E898 "" */
    0x0, 0x0, 0x0, 0x11, 0x0, 0x0, 0x0, 0x0,
    0x0, 0x5d, 0xff, 0xd4, 0x0, 0x0, 0x0, 0x5,
    0xfe, 0x9a, 0xff, 0x40, 0x0, 0x0, 0xe, 0xe1,
    0x0, 0x2f, 0xd0, 0x0, 0x0, 0x1e, 0x80, 0x0,
    0xa, 0xf0, 0x0, 0x0, 0x0, 0x0, 0x0, 0x9,
    0xf1, 0x0, 0x6, 0x88, 0x88, 0x88, 0x8d, 0xf9,
    0x60, 0x8f, 0xff, 0xff, 0xff, 0xff, 0xff, 0xf6,
    0xaf, 0x11, 0x11, 0x11, 0x11, 0x13, 0xf9, 0xaf,
    0x0, 0x0, 0x0, 0x0, 0x1, 0xf9, 0xaf, 0x0,
    0x0, 0x44, 0x0, 0x1, 0xf9, 0xaf, 0x0, 0x6,
    0xff, 0x60, 0x1, 0xf9, 0xaf, 0x0, 0x9, 0xff,
    0x90, 0x1, 0xf9, 0xaf, 0x0, 0x2, 0xdd, 0x20,
    0x1, 0xf9, 0xaf, 0x0, 0x0, 0x0, 0x0, 0x1,
    0xf9, 0xaf, 0x0, 0x0, 0x0, 0x0, 0x1, 0xf9,
    0xaf, 0x88, 0x88, 0x88, 0x88, 0x89, 0xf8, 0x4f,
    0xff, 0xff, 0xff, 0xff, 0xff, 0xe2, 0x0, 0x11,
    0x11, 0x11, 0x11, 0x11, 0x0,

    /* U+E899 "" */
    0x0, 0x0, 0x0, 0x11, 0x0, 0x0, 0x0, 0x0,
    0x0, 0x5d, 0xff, 0xd4, 0x0, 0x0, 0x0, 0x5,
    0xfe, 0x9a, 0xff, 0x40, 0x0, 0x0, 0xe, 0xe1,
    0x0, 0x2f, 0xd0, 0x0, 0x0, 0x2f, 0x90, 0x0,
    0xa, 0xf0, 0x0, 0x0, 0x2f, 0x80, 0x0, 0x9,
    0xf1, 0x0, 0x6, 0x9f, 0xc8, 0x88, 0x8d, 0xf9,
    0x60, 0x8f, 0xff, 0xff, 0xff, 0xff, 0xff, 0xf6,
    0xaf, 0x11, 0x11, 0x11, 0x11, 0x13, 0xf9, 0xaf,
    0x0, 0x0, 0x0, 0x0, 0x1, 0xf9, 0xaf, 0x0,
    0x0, 0x44, 0x0, 0x1, 0xf9, 0xaf, 0x0, 0x6,
    0xff, 0x60, 0x1, 0xf9, 0xaf, 0x0, 0x9, 0xff,
    0x90, 0x1, 0xf9, 0xaf, 0x0, 0x2, 0xdd, 0x20,
    0x1, 0xf9, 0xaf, 0x0, 0x0, 0x0, 0x0, 0x1,
    0xf9, 0xaf, 0x0, 0x0, 0x0, 0x0, 0x1, 0xf9,
    0xaf, 0x88, 0x88, 0x88, 0x88, 0x89, 0xf8, 0x4f,
    0xff, 0xff, 0xff, 0xff, 0xff, 0xe2, 0x0, 0x11,
    0x11, 0x11, 0x11, 0x11, 0x0,

    /* U+E89E "" */
    0x7, 0x9a, 0xaa, 0xa9, 0x2, 0xaa, 0xaa, 0xa5,
    0x7f, 0xff, 0xff, 0xfe, 0x3, 0xff, 0xff, 0xf9,
    0x9f, 0x10, 0x0, 0x0, 0x0, 0x1, 0xbf, 0xf9,
    0x9f, 0x10, 0x0, 0x0, 0x0, 0xa, 0xfa, 0xf9,
    0x9f, 0x10, 0x0, 0x0, 0x0, 0xaf, 0xa1, 0xf9,
    0x9f, 0x10, 0x0, 0x0, 0xa, 0xfa, 0x1, 0xf9,
    0x9f, 0x10, 0x0, 0x0, 0xaf, 0xa0, 0x0, 0x31,
    0x9f, 0x10, 0x0, 0xa, 0xfa, 0x0, 0x0, 0x0,
    0x9f, 0x10, 0x0, 0xaf, 0xa0, 0x0, 0x1, 0xe8,
    0x9f, 0x10, 0x9, 0xfa, 0x0, 0x0, 0x1, 0xf9,
    0x9f, 0x10, 0xa, 0xb0, 0x0, 0x0, 0x1, 0xf9,
    0x9f, 0x10, 0x0, 0x0, 0x0, 0x0, 0x1, 0xf9,
    0x9f, 0x10, 0x0, 0x0, 0x0, 0x0, 0x1, 0xf9,
    0x9f, 0x10, 0x0, 0x0, 0x0, 0x0, 0x1, 0xf9,
    0x7f, 0xff, 0xff, 0xff, 0xff, 0xff, 0xff, 0xf7,
    0x7, 0x9a, 0xaa, 0xaa, 0xaa, 0xaa, 0xa9, 0x70,

    /* U+E8B8 "" */
    0x0, 0x0, 0x0, 0x28, 0x88, 0x82, 0x0, 0x0,
    0x0, 0x0, 0x0, 0x0, 0x6f, 0xff, 0xf6, 0x0,
    0x0, 0x0, 0x0, 0x12, 0x0, 0x8f, 0x33, 0xf8,
    0x0, 0x21, 0x0, 0x0, 0x9f, 0xb7, 0xef, 0x0,
    0xfe, 0x7b, 0xf9, 0x0, 0x2, 0xfe, 0xff, 0xe7,
    0x0, 0x7e, 0xff, 0xef, 0x20, 0xb, 0xf3, 0x17,
    0x10, 0x0, 0x1, 0x71, 0x3f, 0xb0, 0x2f, 0xf5,
    0x0, 0xa, 0xff, 0xa0, 0x0, 0x5f, 0xf2, 0x4,
    0xef, 0x60, 0x8f, 0xff, 0xf9, 0x6, 0xfe, 0x40,
    0x0, 0x4f, 0x70, 0xcf, 0xff, 0xfe, 0x7, 0xf4,
    0x0, 0x0, 0x8f, 0x80, 0xbf, 0xff, 0xfc, 0x8,
    0xf7, 0x0, 0xa, 0xfd, 0x20, 0x4f, 0xff, 0xf5,
    0x2, 0xdf, 0xa0, 0x1f, 0xf1, 0x0, 0x3, 0x99,
    0x40, 0x0, 0x1f, 0xf1, 0x7, 0xf8, 0x8e, 0x60,
    0x0, 0x6, 0xe8, 0x8f, 0x70, 0x0, 0xdf, 0xff,
    0xfd, 0x0, 0xdf, 0xff, 0xfd, 0x0, 0x0, 0x4b,
    0x41, 0xbf, 0x0, 0xfb, 0x4, 0xb4, 0x0, 0x0,
    0x0, 0x0, 0x7f, 0x99, 0xf7, 0x0, 0x0, 0x0,
    0x0, 0x0, 0x0, 0x5f, 0xff, 0xf5, 0x0, 0x0,
    0x0, 0x0, 0x0, 0x0, 0x1, 0x11, 0x10, 0x0,
    0x0, 0x0,

    /* U+E8D8 "" */
    0x4, 0xaa, 0xaa, 0xaa, 0xaa, 0xaa, 0xaa, 0xaa,
    0x80, 0xf, 0xff, 0xff, 0xff, 0xff, 0xff, 0xff,
    0xff, 0xf7, 0x1f, 0x80, 0x0, 0x0, 0x0, 0xef,
    0xff, 0xff, 0xf9, 0x1f, 0x80, 0x0, 0x0, 0x0,
    0xef, 0xff, 0xff, 0xf9, 0x1f, 0x80, 0x0, 0x0,
    0x0, 0xef, 0xff, 0xff, 0xf9, 0x1f, 0x80, 0x0,
    0x0, 0x0, 0x45, 0x55, 0x56, 0xf9, 0x1f, 0x80,
    0x0, 0x0, 0x0, 0x0, 0x0, 0x1, 0xf9, 0x1f,
    0x80, 0x0, 0x0, 0x0, 0x0, 0x0, 0x1, 0xf9,
    0x1f, 0x80, 0x0, 0x0, 0x0, 0x0, 0x0, 0x1,
    0xf9, 0x1f, 0x80, 0x0, 0x0, 0x0, 0x0, 0x0,
    0x1, 0xf9, 0x1f, 0x80, 0x0, 0x0, 0x0, 0x0,
    0x0, 0x1, 0xf9, 0x1f, 0x80, 0x0, 0x0, 0x0,
    0x0, 0x0, 0x1, 0xf9, 0xf, 0xff, 0xff, 0xff,
    0xff, 0xff, 0xff, 0xff, 0xf7, 0x4, 0xaa, 0xaa,
    0xaa, 0xaa, 0xaa, 0xaa, 0xaa, 0x80,

    /* U+E8E7 "" */
    0x29, 0xaa, 0xaa, 0xaa, 0xaa, 0x80, 0xcf, 0xff,
    0xff, 0xff, 0xff, 0xf9, 0xeb, 0x0, 0x0, 0x0,
    0x0, 0xeb, 0xeb, 0x0, 0x0, 0x0, 0x0, 0xeb,
    0xeb, 0x0, 0x0, 0x0, 0x0, 0xeb, 0xeb, 0x0,
    0x0, 0x0, 0x0, 0xeb, 0xeb, 0x0, 0x0, 0x0,
    0x0, 0xeb, 0xeb, 0x0, 0x0, 0x0, 0x0, 0xeb,
    0xeb, 0x0, 0x0, 0x0, 0x0, 0xeb, 0xeb, 0x0,
    0x0, 0x0, 0x0, 0xeb, 0xeb, 0x0, 0x0, 0x0,
    0x0, 0xeb, 0xeb, 0x0, 0x5c, 0xb4, 0x0, 0xeb,
    0xec, 0x7e, 0xff, 0xff, 0xd6, 0xeb, 0xef, 0xfe,
    0x71, 0x28, 0xff, 0xfb, 0xec, 0x50, 0x0, 0x0,
    0x6, 0xdb, 0x20, 0x0, 0x0, 0x0, 0x0, 0x2,

    /* U+E8FD "" */
    0x0, 0x0, 0x0, 0x15, 0x77, 0x51, 0x0, 0x0,
    0x0, 0x0, 0x0, 0x2a, 0xff, 0xff, 0xff, 0xc3,
    0x0, 0x0, 0x0, 0x5, 0xff, 0xa5, 0x32, 0x49,
    0xff, 0x70, 0x0, 0x0, 0x4f, 0xe3, 0x0, 0x12,
    0x0, 0x1c, 0xf7, 0x0, 0x1, 0xee, 0x10, 0xa,
    0xff, 0xd3, 0x0, 0xcf, 0x30, 0x8, 0xf4, 0x0,
    0x7f, 0xa8, 0xfd, 0x0, 0x2f, 0xb0, 0xd, 0xd0,
    0x0, 0x37, 0x0, 0x8f, 0x0, 0xa, 0xf1, 0x1f,
    0x80, 0x0, 0x0, 0x0, 0xdb, 0x0, 0x6, 0xf4,
    0x3f, 0x70, 0x0, 0x0, 0xb, 0xd1, 0x0, 0x4,
    0xf6, 0x2f, 0x70, 0x0, 0x0, 0x8f, 0x20, 0x0,
    0x4, 0xf5, 0xf, 0xa0, 0x0, 0x0, 0x9b, 0x0,
    0x0, 0x7, 0xf3, 0xc, 0xe0, 0x0, 0x0, 0x0,
    0x0, 0x0, 0xc, 0xe0, 0x5, 0xf8, 0x0, 0x0,
    0xde, 0x0, 0x0, 0x5f, 0x80, 0x0, 0xcf, 0x50,
    0x0, 0x9a, 0x0, 0x3, 0xfe, 0x0, 0x0, 0x1d,
    0xf8, 0x10, 0x0, 0x0, 0x7f, 0xf3, 0x0, 0x0,
    0x1, 0xbf, 0xfb, 0x98, 0xae, 0xfd, 0x20, 0x0,
    0x0, 0x0, 0x4, 0xbf, 0xff, 0xfc, 0x60, 0x0,
    0x0, 0x0, 0x0, 0x0, 0x0, 0x11, 0x0, 0x0,
    0x0, 0x0,

    /* U+E92E "" */
    0x0, 0x0, 0x48, 0x88, 0x84, 0x0, 0x0, 0x9a,
    0xaa, 0xdf, 0xff, 0xfd, 0xaa, 0xa4, 0xef, 0xff,
    0xff, 0xff, 0xff, 0xff, 0xf7, 0xd, 0xd0, 0x0,
    0x0, 0x0, 0xe, 0xa0, 0xd, 0xd0, 0x24, 0x0,
    0x42, 0xe, 0xa0, 0xd, 0xd0, 0x7f, 0x22, 0xf7,
    0xe, 0xa0, 0xd, 0xd0, 0x7f, 0x22, 0xf7, 0xe,
    0xa0, 0xd, 0xd0, 0x7f, 0x22, 0xf7, 0xe, 0xa0,
    0xd, 0xd0, 0x7f, 0x22, 0xf7, 0xe, 0xa0, 0xd,
    0xd0, 0x7f, 0x22, 0xf7, 0xe, 0xa0, 0xd, 0xd0,
    0x7f, 0x22, 0xf7, 0xe, 0xa0, 0xd, 0xd0, 0x7f,
    0x22, 0xf7, 0xe, 0xa0, 0xd, 0xd0, 0x24, 0x0,
    0x42, 0xe, 0xa0, 0xd, 0xd0, 0x0, 0x0, 0x0,
    0xe, 0xa0, 0xa, 0xff, 0xff, 0xff, 0xff, 0xff,
    0x80, 0x1, 0x8a, 0xaa, 0xaa, 0xaa, 0xa7, 0x0,

    /* U+E935 "" */
    0x0, 0x5, 0x30, 0x0, 0x0, 0x3, 0x40, 0x0,
    0x0, 0x1f, 0x90, 0x0, 0x0, 0xc, 0xe0, 0x0,
    0x8, 0xbf, 0xda, 0xaa, 0xaa, 0xae, 0xfa, 0x60,
    0x7f, 0xff, 0xff, 0xff, 0xff, 0xff, 0xff, 0xf4,
    0x9f, 0x10, 0x0, 0x0, 0x0, 0x0, 0x4, 0xf6,
    0x9f, 0x98, 0x88, 0x88, 0x88, 0x88, 0x8a, 0xf6,
    0x9f, 0xff, 0xff, 0xff, 0xff, 0xff, 0xff, 0xf6,
    0x9f, 0x21, 0x11, 0x11, 0x11, 0x11, 0x15, 0xf6,
    0x9f, 0x10, 0x0, 0x0, 0x0, 0x0, 0x4, 0xf6,
    0x9f, 0x10, 0x0, 0x0, 0x0, 0x0, 0x4, 0xf6,
    0x9f, 0x10, 0x0, 0x0, 0x0, 0x0, 0x4, 0xf6,
    0x9f, 0x10, 0x0, 0x0, 0x0, 0x0, 0x4, 0xf6,
    0x9f, 0x10, 0x0, 0x0, 0x0, 0x0, 0x4, 0xf6,
    0x9f, 0x10, 0x0, 0x0, 0x0, 0x0, 0x4, 0xf6,
    0x9f, 0x10, 0x0, 0x0, 0x0, 0x0, 0x4, 0xf6,
    0x9f, 0x98, 0x88, 0x88, 0x88, 0x88, 0x8a, 0xf6,
    0x3e, 0xff, 0xff, 0xff, 0xff, 0xff, 0xff, 0xd1,
    0x0, 0x11, 0x11, 0x11, 0x11, 0x11, 0x11, 0x0,

    /* U+E990 "" */
    0x0, 0x0, 0x0, 0x15, 0x77, 0x51, 0x0, 0x0,
    0x0, 0x0, 0x0, 0x2a, 0xff, 0xff, 0xff, 0xc3,
    0x0, 0x0, 0x0, 0x5, 0xff, 0xa5, 0x32, 0x49,
    0xff, 0x70, 0x0, 0x0, 0x4f, 0xe3, 0x0, 0x0,
    0x0, 0x1c, 0xf7, 0x0, 0x1, 0xee, 0x10, 0x0,
    0x45, 0x0, 0x0, 0xcf, 0x30, 0x8, 0xf4, 0x0,
    0x0, 0xbe, 0x0, 0x0, 0x2f, 0xb0, 0xd, 0xd0,
    0x0, 0x0, 0xbe, 0x0, 0x0, 0xa, 0xf1, 0x1f,
    0x80, 0x0, 0x0, 0xbe, 0x0, 0x0, 0x6, 0xf4,
    0x3f, 0x70, 0x1f, 0xff, 0xff, 0xff, 0xf4, 0x4,
    0xf6, 0x2f, 0x70, 0xa, 0xaa, 0xef, 0xaa, 0xa2,
    0x4, 0xf5, 0xf, 0xa0, 0x0, 0x0, 0xbe, 0x0,
    0x0, 0x7, 0xf3, 0xc, 0xe0, 0x0, 0x0, 0xbe,
    0x0, 0x0, 0xc, 0xe0, 0x5, 0xf8, 0x0, 0x0,
    0xbe, 0x0, 0x0, 0x5f, 0x80, 0x0, 0xcf, 0x50,
    0x0, 0x0, 0x0, 0x3, 0xfe, 0x0, 0x0, 0x1d,
    0xf8, 0x10, 0x0, 0x0, 0x7f, 0xf3, 0x0, 0x0,
    0x1, 0xbf, 0xfb, 0x98, 0xae, 0xfd, 0x20, 0x0,
    0x0, 0x0, 0x4, 0xbf, 0xff, 0xfc, 0x60, 0x0,
    0x0, 0x0, 0x0, 0x0, 0x0, 0x11, 0x0, 0x0,
    0x0, 0x0,

    /* U+E9B2 "" */
    0x0, 0x0, 0x0, 0x11, 0x0, 0x0, 0x0, 0x0,
    0x0, 0x4, 0xee, 0x40, 0x0, 0x0, 0x0, 0x0,
    0x8f, 0xff, 0xf8, 0x0, 0x0, 0x0, 0x1b, 0xfc,
    0x22, 0xcf, 0xb1, 0x0, 0x4, 0xef, 0x90, 0x0,
    0x9, 0xfe, 0x40, 0x6f, 0xf5, 0x0, 0x0, 0x0,
    0x5f, 0xf6, 0xaf, 0x20, 0x0, 0x0, 0x0, 0x2,
    0xfa, 0xaf, 0x0, 0x0, 0x0, 0x0, 0x0, 0xfa,
    0xaf, 0x0, 0x0, 0x0, 0x0, 0x0, 0xfa, 0xaf,
    0x0, 0x9f, 0xff, 0xf9, 0x0, 0xfa, 0xaf, 0x0,
    0x9f, 0xaa, 0xf9, 0x0, 0xfa, 0xaf, 0x0, 0x9f,
    0x11, 0xf9, 0x0, 0xfa, 0xaf, 0x0, 0x9f, 0x11,
    0xf9, 0x0, 0xfa, 0xaf, 0x0, 0x9f, 0x11, 0xf9,
    0x0, 0xfa, 0xaf, 0xff, 0xff, 0x11, 0xff, 0xff,
    0xfa, 0x6a, 0xaa, 0xaa, 0x0, 0xaa, 0xaa, 0xa6,

    /* U+E9BA "" */
    0x7, 0x9a, 0xaa, 0xa9, 0x0, 0x0, 0x0, 0x0,
    0x7f, 0xff, 0xff, 0xfe, 0x0, 0x0, 0x0, 0x0,
    0x9f, 0x10, 0x0, 0x0, 0x0, 0x0, 0x0, 0x0,
    0x9f, 0x10, 0x0, 0x0, 0x0, 0x0, 0x0, 0x0,
    0x9f, 0x10, 0x0, 0x0, 0x0, 0x6d, 0x10, 0x0,
    0x9f, 0x10, 0x0, 0x0, 0x0, 0x7f, 0xc1, 0x0,
    0x9f, 0x10, 0x0, 0x0, 0x0, 0x8, 0xfc, 0x0,
    0x9f, 0x10, 0x6, 0xbb, 0xbb, 0xbb, 0xff, 0xc0,
    0x9f, 0x10, 0x9, 0xff, 0xff, 0xff, 0xff, 0xe2,
    0x9f, 0x10, 0x0, 0x0, 0x0, 0x5, 0xfe, 0x20,
    0x9f, 0x10, 0x0, 0x0, 0x0, 0x5f, 0xe2, 0x0,
    0x9f, 0x10, 0x0, 0x0, 0x0, 0x8e, 0x20, 0x0,
    0x9f, 0x10, 0x0, 0x0, 0x0, 0x1, 0x0, 0x0,
    0x9f, 0x10, 0x0, 0x0, 0x0, 0x0, 0x0, 0x0,
    0x7f, 0xff, 0xff, 0xfe, 0x0, 0x0, 0x0, 0x0,
    0x7, 0x9a, 0xaa, 0xa9, 0x0, 0x0, 0x0, 0x0,

    /* U+E9E0 "" */
    0x0, 0x0, 0x0, 0x22, 0x0, 0x0, 0x0, 0x0,
    0x0, 0x6c, 0xff, 0xc6, 0x0, 0x0, 0x4, 0xaf,
    0xff, 0xaa, 0xff, 0xfa, 0x40, 0xaf, 0xfc, 0x60,
    0x0, 0x6, 0xcf, 0xfa, 0xaf, 0x20, 0x0, 0x0,
    0x0, 0x2, 0xfa, 0xaf, 0x0, 0x0, 0x0, 0x0,
    0x0, 0xfa, 0xaf, 0x0, 0x0, 0x0, 0x0, 0x0,
    0xfa, 0xaf, 0x0, 0x0, 0x0, 0x0, 0x0, 0xfa,
    0xaf, 0x0, 0x0, 0x0, 0x0, 0x0, 0xfa, 0x9f,
    0x10, 0x0, 0x0, 0x0, 0x1, 0xf9, 0x6f, 0x50,
    0x0, 0x0, 0x0, 0x5, 0xf6, 0x1f, 0xa0, 0x0,
    0x0, 0x0, 0xb, 0xf1, 0xa, 0xf3, 0x0, 0x0,
    0x0, 0x3f, 0xa0, 0x2, 0xfd, 0x10, 0x0, 0x1,
    0xef, 0x20, 0x0, 0x5f, 0xd2, 0x0, 0x2d, 0xf5,
    0x0, 0x0, 0x6, 0xff, 0xaa, 0xff, 0x60, 0x0,
    0x0, 0x0, 0x3c, 0xff, 0xc3, 0x0, 0x0, 0x0,
    0x0, 0x0, 0x22, 0x0, 0x0, 0x0,

    /* U+EA07 "" */
    0x0, 0x0, 0x0, 0x15, 0x78, 0x62, 0x0, 0x0,
    0x0, 0x0, 0x0, 0x2b, 0xff, 0xff, 0xff, 0xc3,
    0x0, 0x0, 0x0, 0x5, 0xff, 0xcf, 0xdb, 0xfc,
    0xff, 0x70, 0x0, 0x0, 0x4f, 0xe3, 0x8f, 0x42,
    0xfb, 0x2c, 0xf7, 0x0, 0x1, 0xee, 0x20, 0xed,
    0x0, 0xaf, 0x10, 0xcf, 0x30, 0x8, 0xfc, 0x89,
    0xfd, 0x88, 0xbf, 0xb8, 0xbf, 0xb0, 0xe, 0xff,
    0xff, 0xff, 0xff, 0xff, 0xff, 0xff, 0xf1, 0x1f,
    0x91, 0x1a, 0xf3, 0x11, 0x1e, 0xc1, 0x16, 0xf4,
    0x3f, 0x70, 0xa, 0xf0, 0x0, 0xd, 0xd0, 0x4,
    0xf6, 0x2f, 0x70, 0xa, 0xf0, 0x0, 0xd, 0xc0,
    0x4, 0xf5, 0xf, 0xc8, 0x8c, 0xf9, 0x88, 0x8f,
    0xe8, 0x8b, 0xf3, 0xb, 0xff, 0xff, 0xff, 0xff,
    0xff, 0xff, 0xff, 0xe0, 0x5, 0xfb, 0x12, 0xfb,
    0x11, 0x8f, 0x51, 0x8f, 0x80, 0x0, 0xbf, 0x60,
    0xcf, 0x10, 0xde, 0x4, 0xfd, 0x0, 0x0, 0x1d,
    0xf9, 0x7f, 0x85, 0xf9, 0x8f, 0xe2, 0x0, 0x0,
    0x1, 0xbf, 0xff, 0xfe, 0xff, 0xfc, 0x20, 0x0,
    0x0, 0x0, 0x4, 0xae, 0xff, 0xfb, 0x50, 0x0,
    0x0, 0x0, 0x0, 0x0, 0x0, 0x1, 0x0, 0x0,
    0x0, 0x0,

    /* U+EA0B "" */
    0x0, 0x0, 0x0, 0x1, 0x52, 0x0, 0x0, 0x0,
    0x0, 0x0, 0xb, 0xf6, 0x0, 0x0, 0x0, 0x0,
    0x0, 0x6f, 0xf4, 0x0, 0x0, 0x0, 0x0, 0x2,
    0xff, 0xf2, 0x0, 0x0, 0x0, 0x0, 0xc, 0xfe,
    0xf0, 0x0, 0x0, 0x0, 0x0, 0x7f, 0x9c, 0xe0,
    0x0, 0x0, 0x0, 0x2, 0xfd, 0xe, 0xc0, 0x0,
    0x0, 0x0, 0xd, 0xf3, 0xf, 0xd9, 0x99, 0x93,
    0x0, 0x8f, 0x80, 0x2f, 0xff, 0xff, 0xc0, 0x3,
    0xfd, 0x10, 0x1, 0x15, 0xfd, 0x10, 0xd, 0xff,
    0xff, 0x50, 0x2e, 0xf2, 0x0, 0x4a, 0xaa, 0xdf,
    0x30, 0xdf, 0x40, 0x0, 0x0, 0x0, 0xaf, 0x1b,
    0xf7, 0x0, 0x0, 0x0, 0x0, 0xce, 0x8f, 0x90,
    0x0, 0x0, 0x0, 0x0, 0xef, 0xfc, 0x0, 0x0,
    0x0, 0x0, 0x0, 0xff, 0xd1, 0x0, 0x0, 0x0,
    0x0, 0x3, 0xff, 0x20, 0x0, 0x0, 0x0, 0x0,
    0x2, 0x73, 0x0, 0x0, 0x0, 0x0,

    /* U+EA12 "" */
    0x0, 0x79, 0xaa, 0xaa, 0xaa, 0xaa, 0xaa, 0x95,
    0x0, 0x5, 0xff, 0xff, 0xff, 0xff, 0xff, 0xff,
    0xff, 0x20, 0xb, 0xf1, 0x5f, 0x60, 0xec, 0x9,
    0xf2, 0x3f, 0x80, 0xf, 0xb0, 0x7f, 0x30, 0xec,
    0x6, 0xf4, 0xe, 0xd0, 0x5f, 0x60, 0x9f, 0x10,
    0xec, 0x4, 0xf6, 0x9, 0xf2, 0x6f, 0x50, 0xcf,
    0x0, 0xfd, 0x4, 0xfa, 0x7, 0xf3, 0x1f, 0xec,
    0xff, 0xdd, 0xff, 0xce, 0xff, 0xbf, 0xd0, 0x9,
    0xff, 0xa7, 0xee, 0x89, 0xed, 0x6b, 0xff, 0x60,
    0x9, 0xf1, 0x0, 0x0, 0x0, 0x0, 0x0, 0x4f,
    0x60, 0x9, 0xf1, 0x0, 0x0, 0x0, 0x0, 0x0,
    0x4f, 0x60, 0x9, 0xf1, 0x0, 0x0, 0x0, 0x0,
    0x0, 0x4f, 0x60, 0x9, 0xf1, 0x0, 0x0, 0x0,
    0x0, 0x0, 0x4f, 0x60, 0x9, 0xf1, 0x0, 0x0,
    0x0, 0x0, 0x0, 0x4f, 0x60, 0x9, 0xf1, 0x0,
    0x0, 0x0, 0x0, 0x0, 0x4f, 0x60, 0x7, 0xff,
    0xff, 0xff, 0xff, 0xff, 0xff, 0xff, 0x40, 0x0,
    0x79, 0xaa, 0xaa, 0xaa, 0xaa, 0xaa, 0x96, 0x0,

    /* U+EA28 "" */
    0x0, 0x4, 0x9b, 0xbb, 0xbb, 0xbb, 0xba, 0x70,
    0x0, 0x0, 0x6f, 0xff, 0xff, 0xff, 0xff, 0xff,
    0xfc, 0x0, 0x0, 0xfd, 0x11, 0x20, 0x0, 0x1,
    0x0, 0x8f, 0x60, 0x4, 0xf7, 0x5, 0xe0, 0x0,
    0xf, 0x60, 0xf, 0xa0, 0x6, 0xf4, 0x9d, 0xfb,
    0x40, 0x3, 0x0, 0xd, 0xd0, 0x8, 0xf2, 0x49,
    0xf5, 0x20, 0x0, 0x29, 0xb, 0xf0, 0xb, 0xf0,
    0x4, 0xc0, 0x0, 0x0, 0x3b, 0x19, 0xf1, 0xd,
    0xd0, 0x2, 0x55, 0x55, 0x55, 0x40, 0x6, 0xf4,
    0xf, 0xb0, 0x2e, 0xff, 0xff, 0xff, 0xf8, 0x4,
    0xf6, 0x1f, 0x92, 0xef, 0x65, 0x55, 0x55, 0xcf,
    0x82, 0xf7, 0xe, 0xff, 0xf4, 0x0, 0x0, 0x0,
    0xc, 0xfe, 0xf5, 0x4, 0xcc, 0x30, 0x0, 0x0,
    0x0, 0x0, 0x9c, 0x80,

    /* U+EA5B "" */
    0x78, 0x88, 0x88, 0x88, 0x88, 0x88, 0x83, 0xef,
    0xff, 0xff, 0xff, 0xff, 0xff, 0xf7, 0x14, 0xff,
    0xff, 0xff, 0xff, 0xfc, 0x10, 0x3, 0xff, 0xff,
    0xff, 0xff, 0xfc, 0x0, 0x3, 0xff, 0xff, 0xff,
    0xff, 0xfc, 0x0, 0x1, 0xff, 0xff, 0xff, 0xff,
    0xfa, 0x0, 0x0, 0xdf, 0xff, 0xff, 0xff, 0xf6,
    0x0, 0x0, 0x4f, 0xff, 0xff, 0xff, 0xd0, 0x0,
    0x0, 0x5, 0xff, 0xff, 0xfd, 0x10, 0x0, 0x0,
    0xc, 0xfe, 0xab, 0xff, 0x60, 0x0, 0x0, 0x8f,
    0x90, 0x0, 0x2e, 0xf2, 0x0, 0x0, 0xfd, 0x0,
    0x0, 0x4, 0xf8, 0x0, 0x2, 0xf8, 0x0, 0x0,
    0x0, 0xfb, 0x0, 0x3, 0xf7, 0x0, 0x0, 0x0,
    0xec, 0x0, 0x3, 0xf7, 0x0, 0x0, 0x0, 0xec,
    0x0, 0x7a, 0xfc, 0x88, 0x88, 0x88, 0xfe, 0x83,
    0xef, 0xff, 0xff, 0xff, 0xff, 0xff, 0xf7, 0x11,
    0x11, 0x11, 0x11, 0x11, 0x11, 0x10,

    /* U+EA5C "" */
    0x78, 0x88, 0x88, 0x88, 0x88, 0x88, 0x83, 0xef,
    0xff, 0xff, 0xff, 0xff, 0xff, 0xf7, 0x14, 0xf8,
    0x11, 0x11, 0x11, 0xec, 0x10, 0x3, 0xf7, 0x0,
    0x0, 0x0, 0xec, 0x0, 0x3, 0xf7, 0x0, 0x0,
    0x0, 0xec, 0x0, 0x1, 0xf9, 0x0, 0x0, 0x0,
    0xfa, 0x0, 0x0, 0xdf, 0x20, 0x0, 0x8, 0xf6,
    0x0, 0x0, 0x4f, 0xe5, 0x12, 0x9f, 0xd0, 0x0,
    0x0, 0x5, 0xff, 0xff, 0xfd, 0x10, 0x0, 0x0,
    0xc, 0xff, 0xff, 0xff, 0x60, 0x0, 0x0, 0x8f,
    0xff, 0xff, 0xff, 0xf2, 0x0, 0x0, 0xff, 0xff,
    0xff, 0xff, 0xf8, 0x0, 0x2, 0xff, 0xff, 0xff,
    0xff, 0xfb, 0x0, 0x3, 0xff, 0xff, 0xff, 0xff,
    0xfc, 0x0, 0x3, 0xff, 0xff, 0xff, 0xff, 0xfc,
    0x0, 0x7a, 0xff, 0xff, 0xff, 0xff, 0xfe, 0x83,
    0xef, 0xff, 0xff, 0xff, 0xff, 0xff, 0xf7, 0x11,
    0x11, 0x11, 0x11, 0x11, 0x11, 0x10,

    /* U+EA5F "" */
    0x6, 0x9a, 0xaa, 0xaa, 0xaa, 0xaa, 0xa9, 0x70,
    0x5f, 0xff, 0xff, 0xff, 0xff, 0xff, 0xff, 0xf7,
    0x7f, 0x30, 0x0, 0x0, 0x0, 0x0, 0x1, 0xf9,
    0x8f, 0x20, 0x0, 0x0, 0xb, 0x77, 0xb1, 0xf9,
    0x8f, 0x28, 0xbb, 0xb5, 0x6, 0xff, 0x61, 0xf9,
    0x8f, 0x2b, 0xee, 0xe6, 0x3, 0xff, 0x41, 0xf9,
    0x8f, 0x20, 0x0, 0x0, 0xc, 0xaa, 0xc1, 0xf9,
    0x8f, 0x20, 0x0, 0x0, 0x1, 0x0, 0x11, 0xf9,
    0x8f, 0x20, 0x15, 0x0, 0x1, 0x11, 0x11, 0xf9,
    0x8f, 0x20, 0x5f, 0x0, 0x1f, 0xff, 0xf0, 0xf9,
    0x8f, 0x2b, 0xcf, 0xb7, 0x2, 0x22, 0x20, 0xf9,
    0x8f, 0x27, 0xaf, 0x74, 0x1f, 0xff, 0xf0, 0xf9,
    0x8f, 0x20, 0x5f, 0x0, 0x7, 0x77, 0x70, 0xf9,
    0x7f, 0x30, 0x1, 0x0, 0x0, 0x0, 0x1, 0xf9,
    0x5f, 0xff, 0xff, 0xff, 0xff, 0xff, 0xff, 0xf7,
    0x6, 0x9a, 0xaa, 0xaa, 0xaa, 0xaa, 0xa9, 0x70,

    /* U+EB8E "" */
    0x1, 0x67, 0x77, 0x77, 0x77, 0x77, 0x77, 0x77,
    0x40, 0xe, 0xff, 0xff, 0xff, 0xff, 0xff, 0xff,
    0xff, 0xf5, 0x1f, 0xff, 0xff, 0xff, 0xff, 0xff,
    0xff, 0xff, 0xf9, 0x1f, 0xfe, 0xee, 0xee, 0xee,
    0xee, 0xee, 0xee, 0xf9, 0x1f, 0x80, 0x1, 0x0,
    0x0, 0x0, 0x0, 0x1, 0xf9, 0x1f, 0x80, 0x6f,
    0x40, 0x0, 0x0, 0x0, 0x1, 0xf9, 0x1f, 0x80,
    0x2e, 0xf4, 0x0, 0x0, 0x0, 0x1, 0xf9, 0x1f,
    0x80, 0x2, 0xef, 0x40, 0x0, 0x0, 0x1, 0xf9,
    0x1f, 0x80, 0x3, 0xfe, 0x20, 0x0, 0x0, 0x1,
    0xf9, 0x1f, 0x80, 0x3f, 0xe3, 0x6, 0x77, 0x77,
    0x1, 0xf9, 0x1f, 0x80, 0x4e, 0x30, 0xe, 0xff,
    0xff, 0x11, 0xf9, 0x1f, 0x80, 0x0, 0x0, 0x2,
    0x33, 0x33, 0x1, 0xf9, 0xf, 0xff, 0xff, 0xff,
    0xff, 0xff, 0xff, 0xff, 0xf7, 0x4, 0xaa, 0xaa,
    0xaa, 0xaa, 0xaa, 0xaa, 0xaa, 0x80,

    /* U+EB9B "" */
    0x0, 0x0, 0x0, 0x0, 0x0, 0x0, 0x0, 0x34,
    0x41, 0x0, 0x0, 0x0, 0x0, 0x0, 0x4, 0xbf,
    0xff, 0xf5, 0x0, 0x0, 0x0, 0x0, 0x2, 0xbf,
    0xfb, 0x78, 0xf6, 0x0, 0x0, 0x0, 0x0, 0x4e,
    0xf9, 0x10, 0x4, 0xf5, 0x0, 0x0, 0xbf, 0xeb,
    0xfe, 0x40, 0x0, 0x8, 0xf2, 0x0, 0xc, 0xfb,
    0xdf, 0xe2, 0xaf, 0xc0, 0xe, 0xd0, 0x0, 0xcf,
    0x80, 0xcf, 0x41, 0xff, 0xf2, 0x7f, 0x70, 0xc,
    0xfe, 0x56, 0xf7, 0x0, 0xbf, 0xd3, 0xfd, 0x0,
    0x3, 0xaf, 0xff, 0xe0, 0x0, 0x2, 0x1d, 0xf4,
    0x0, 0x0, 0x1, 0x7f, 0xf3, 0x0, 0x2, 0xef,
    0x60, 0x0, 0x0, 0x0, 0x4, 0xff, 0x30, 0x6f,
    0xfd, 0x0, 0x0, 0x0, 0x6, 0x61, 0x4f, 0xfd,
    0xfd, 0xdf, 0x0, 0x0, 0x0, 0xdf, 0xfe, 0x14,
    0xff, 0x80, 0x9f, 0x20, 0x0, 0x7, 0xf7, 0x5f,
    0x70, 0x6f, 0x66, 0xfd, 0x0, 0x0, 0xc, 0xe0,
    0x7f, 0x70, 0xe, 0xef, 0xd1, 0x0, 0x0, 0xf,
    0xfe, 0xfe, 0x10, 0x8, 0xfd, 0x10, 0x0, 0x0,
    0x2f, 0xfc, 0x71, 0x0, 0x2, 0xd1, 0x0, 0x0,
    0x0, 0x13, 0x0, 0x0, 0x0, 0x0, 0x0, 0x0,
    0x0, 0x0,

    /* U+EBCC "" */
    0x0, 0x5, 0x30, 0x0, 0x0, 0x3, 0x50, 0x0,
    0x0, 0x1f, 0x90, 0x0, 0x0, 0xc, 0xf0, 0x0,
    0x8, 0xbf, 0xda, 0xaa, 0xaa, 0xae, 0xfa, 0x80,
    0x7f, 0xff, 0xff, 0xff, 0xff, 0xff, 0xff, 0xf7,
    0x9f, 0x10, 0x0, 0x0, 0x0, 0x0, 0x1, 0xf9,
    0x9f, 0x98, 0x88, 0x88, 0x88, 0x88, 0x89, 0xf9,
    0x9f, 0xff, 0xff, 0xff, 0xff, 0xff, 0xff, 0xf9,
    0x9f, 0x21, 0x11, 0x11, 0x11, 0x11, 0x12, 0xf9,
    0x9f, 0x10, 0x0, 0x0, 0x0, 0x0, 0x1, 0xf9,
    0x9f, 0x11, 0xe4, 0xb, 0x80, 0x6d, 0x1, 0xf9,
    0x9f, 0x10, 0x92, 0x6, 0x40, 0x38, 0x1, 0xf9,
    0x9f, 0x10, 0x0, 0x0, 0x0, 0x0, 0x1, 0xf9,
    0x9f, 0x10, 0x91, 0x6, 0x40, 0x38, 0x1, 0xf9,
    0x9f, 0x11, 0xe4, 0xb, 0x80, 0x6d, 0x1, 0xf9,
    0x9f, 0x10, 0x0, 0x0, 0x0, 0x0, 0x1, 0xf9,
    0x9f, 0x98, 0x88, 0x88, 0x88, 0x88, 0x89, 0xf9,
    0x3e, 0xff, 0xff, 0xff, 0xff, 0xff, 0xff, 0xe3,
    0x0, 0x11, 0x11, 0x11, 0x11, 0x11, 0x11, 0x0,

    /* U+EBEB "" */
    0x0, 0x0, 0x0, 0x0, 0x0, 0x0, 0x0, 0x0,
    0x0, 0x0, 0x0, 0x0, 0x0, 0x0, 0x1, 0xf7,
    0xe, 0xd0, 0x0, 0x0, 0x0, 0x0, 0x0, 0x0,
    0xf, 0x90, 0xaf, 0x60, 0x0, 0x0, 0x0, 0x0,
    0x0, 0x0, 0xae, 0x1, 0xef, 0xb3, 0x0, 0x0,
    0x1, 0x9b, 0x92, 0x3, 0xf9, 0x1, 0xaf, 0x60,
    0x0, 0x1, 0xef, 0xef, 0xf2, 0x8, 0xf9, 0x0,
    0x0, 0x0, 0x0, 0x9f, 0x50, 0x4f, 0xa0, 0xa,
    0xfd, 0x73, 0x0, 0x0, 0xb, 0xe0, 0x0, 0xdd,
    0x0, 0x6, 0xef, 0xf6, 0x0, 0x0, 0x9f, 0x30,
    0x2f, 0xa0, 0x0, 0x0, 0x36, 0x30, 0x0, 0x1,
    0xef, 0xcf, 0xe2, 0x0, 0x0, 0x0, 0x0, 0x0,
    0x0, 0x1, 0x8b, 0x81, 0x0, 0x0, 0x0, 0x0,
    0x0, 0x0, 0x1, 0x47, 0x77, 0x41, 0x0, 0x0,
    0x0, 0x0, 0x0, 0x4b, 0xff, 0xff, 0xff, 0xfb,
    0x40, 0x0, 0x0, 0x0, 0x8f, 0xfb, 0x63, 0x23,
    0x6b, 0xff, 0x70, 0x0, 0x0, 0xf, 0xd2, 0x0,
    0x0, 0x0, 0x2, 0xdf, 0x0, 0x0, 0x1, 0xf9,
    0x0, 0x0, 0x0, 0x0, 0x9, 0xf1, 0x0, 0x0,
    0x1f, 0xff, 0xff, 0xff, 0xff, 0xff, 0xff, 0x10,
    0x0, 0x1, 0xaa, 0xaa, 0xaa, 0xaa, 0xaa, 0xaa,
    0xa0, 0x0, 0x0,

    /* U+EBFF "" */
    0x78, 0x88, 0x88, 0x88, 0x88, 0x88, 0x83, 0xef,
    0xff, 0xff, 0xff, 0xff, 0xff, 0xf7, 0x14, 0xf8,
    0x11, 0x11, 0x11, 0xec, 0x10, 0x3, 0xf7, 0x0,
    0x0, 0x0, 0xec, 0x0, 0x3, 0xf7, 0x0, 0x0,
    0x0, 0xec, 0x0, 0x2, 0xf9, 0x0, 0x0, 0x0,
    0xfb, 0x0, 0x0, 0xee, 0x10, 0x0, 0x6, 0xf7,
    0x0, 0x0, 0x6f, 0xb1, 0x0, 0x5f, 0xe1, 0x0,
    0x0, 0x9, 0xff, 0xde, 0xfe, 0x30, 0x0, 0x0,
    0x8, 0xff, 0xef, 0xfe, 0x30, 0x0, 0x0, 0x6f,
    0xc2, 0x0, 0x6f, 0xe1, 0x0, 0x0, 0xee, 0x0,
    0x0, 0x5, 0xf7, 0x0, 0x2, 0xf9, 0x0, 0x0,
    0x0, 0xfb, 0x0, 0x3, 0xf7, 0x0, 0x0, 0x0,
    0xec, 0x0, 0x3, 0xf7, 0x0, 0x0, 0x0, 0xec,
    0x0, 0x7a, 0xfc, 0x88, 0x88, 0x88, 0xfe, 0x83,
    0xef, 0xff, 0xff, 0xff, 0xff, 0xff, 0xf7, 0x11,
    0x11, 0x11, 0x11, 0x11, 0x11, 0x10,

    /* U+EF3E "" */
    0x6, 0x9a, 0xaa, 0xaa, 0xaa, 0xaa, 0xa9, 0x70,
    0x5f, 0xff, 0xff, 0xff, 0xff, 0xff, 0xff, 0xf7,
    0x7f, 0x30, 0x0, 0x0, 0x0, 0x0, 0x1, 0xf9,
    0x8f, 0x20, 0x0, 0x0, 0x0, 0x14, 0x11, 0xf9,
    0x8f, 0x20, 0x0, 0x0, 0x0, 0x6f, 0x41, 0xf9,
    0x8f, 0x20, 0x0, 0x0, 0x0, 0x6f, 0x41, 0xf9,
    0x8f, 0x20, 0x0, 0xb, 0xb0, 0x6f, 0x41, 0xf9,
    0x8f, 0x20, 0x10, 0xe, 0xe0, 0x6f, 0x41, 0xf9,
    0x8f, 0x22, 0xf6, 0x0, 0x0, 0x6f, 0x41, 0xf9,
    0x8f, 0x22, 0xf6, 0x4, 0x40, 0x6f, 0x41, 0xf9,
    0x8f, 0x22, 0xf6, 0xe, 0xe0, 0x6f, 0x41, 0xf9,
    0x8f, 0x22, 0xf6, 0xe, 0xe0, 0x6f, 0x41, 0xf9,
    0x8f, 0x20, 0x41, 0x4, 0x40, 0x14, 0x11, 0xf9,
    0x7f, 0x30, 0x0, 0x0, 0x0, 0x0, 0x1, 0xf9,
    0x5f, 0xff, 0xff, 0xff, 0xff, 0xff, 0xff, 0xf7,
    0x6, 0x9a, 0xaa, 0xaa, 0xaa, 0xaa, 0xa9, 0x70,

    /* U+EF7A "" */
    0x0, 0x0, 0x57, 0x74, 0x0, 0x0, 0x0, 0x0,
    0x0, 0x5e, 0xff, 0xff, 0xe4, 0x0, 0x0, 0x0,
    0x5, 0xfe, 0x73, 0x37, 0xff, 0x40, 0x0, 0x0,
    0xe, 0xe2, 0x0, 0x0, 0x2f, 0xd0, 0x0, 0x0,
    0x5f, 0x60, 0x0, 0x0, 0x8, 0xf3, 0x0, 0x0,
    0x7f, 0x30, 0x0, 0x0, 0x4, 0xf6, 0x0, 0x0,
    0x6f, 0x40, 0x0, 0x0, 0x5, 0xf5, 0x0, 0x0,
    0x3f, 0x90, 0x0, 0x0, 0xa, 0xf1, 0x0, 0x0,
    0xc, 0xf6, 0x0, 0x0, 0x7f, 0x90, 0x0, 0x0,
    0x1, 0xdf, 0xc8, 0x9d, 0xff, 0xd1, 0x0, 0x0,
    0x0, 0x19, 0xef, 0xfe, 0x66, 0xfd, 0x10, 0x0,
    0x0, 0x0, 0x1, 0x10, 0x0, 0x6f, 0xd1, 0x0,
    0x0, 0x0, 0x0, 0x0, 0x0, 0x6, 0xfd, 0x10,
    0x0, 0x0, 0x0, 0x0, 0x0, 0x0, 0x6f, 0xd1,
    0x0, 0x0, 0x0, 0x0, 0x0, 0x0, 0x6, 0xf4,
    0x0, 0x0, 0x0, 0x0, 0x0, 0x0, 0x0, 0x10,

    /* U+EFD6 "" */
    0x0, 0x0, 0x0, 0x15, 0x77, 0x51, 0x0, 0x0,
    0x0, 0x0, 0x0, 0x2a, 0xff, 0xff, 0xff, 0xc3,
    0x0, 0x0, 0x0, 0x5, 0xff, 0xa5, 0x32, 0x49,
    0xff, 0x70, 0x0, 0x0, 0x4f, 0xe3, 0x0, 0x0,
    0x0, 0x2c, 0xf7, 0x0, 0x1, 0xee, 0x20, 0x0,
    0x45, 0x0, 0x0, 0xcf, 0x30, 0x8, 0xf5, 0x0,
    0x0, 0xbe, 0x0, 0x0, 0x2f, 0xb0, 0xd, 0xd0,
    0x0, 0x0, 0xbe, 0x0, 0x0, 0xa, 0xf1, 0x1f,
    0x90, 0x0, 0x0, 0xbe, 0x0, 0x0, 0x6, 0xf4,
    0x3f, 0x70, 0x0, 0x0, 0xbf, 0x10, 0x0, 0x4,
    0xf6, 0x2f, 0x70, 0x0, 0x0, 0x5f, 0xd1, 0x0,
    0x4, 0xf5, 0xf, 0xa0, 0x0, 0x0, 0x6, 0xfd,
    0x10, 0x7, 0xf3, 0xc, 0xf0, 0x0, 0x0, 0x0,
    0x6f, 0xc0, 0xc, 0xe0, 0x5, 0xf8, 0x0, 0x0,
    0x0, 0x5, 0x20, 0x5f, 0x80, 0x0, 0xcf, 0x60,
    0x0, 0x0, 0x0, 0x3, 0xfe, 0x0, 0x0, 0x1d,
    0xf9, 0x10, 0x0, 0x0, 0x7f, 0xf3, 0x0, 0x0,
    0x1, 0xbf, 0xfb, 0x98, 0xae, 0xfd, 0x20, 0x0,
    0x0, 0x0, 0x4, 0xbf, 0xff, 0xfc, 0x60, 0x0,
    0x0, 0x0, 0x0, 0x0, 0x0, 0x11, 0x0, 0x0,
    0x0, 0x0,

    /* U+F01F "" */
    0x0, 0x0, 0x1, 0x57, 0x75, 0x10, 0x0, 0x0,
    0x0, 0x1, 0xaf, 0xff, 0xff, 0xfa, 0x10, 0x0,
    0x0, 0x3e, 0xfb, 0x53, 0x35, 0xbf, 0xe3, 0x0,
    0x1, 0xef, 0x40, 0x0, 0x0, 0x4, 0xfe, 0x10,
    0xa, 0xf4, 0x0, 0x0, 0x0, 0x0, 0x4f, 0xa0,
    0x2f, 0xa0, 0x0, 0x0, 0x0, 0x0, 0xa, 0xf1,
    0x6f, 0x40, 0x0, 0x0, 0x0, 0x0, 0x4, 0xf6,
    0x8f, 0x10, 0x0, 0x0, 0x0, 0x0, 0x2, 0xf8,
    0x9f, 0x32, 0x21, 0x0, 0x0, 0x12, 0x23, 0xf9,
    0x9f, 0xff, 0xf9, 0x0, 0x0, 0x9f, 0xff, 0xf9,
    0x9f, 0x88, 0xf9, 0x0, 0x0, 0x9f, 0x88, 0xf9,
    0x9f, 0x11, 0xf9, 0x0, 0x0, 0x9f, 0x11, 0xf9,
    0x9f, 0x11, 0xf9, 0x0, 0x0, 0x9f, 0x11, 0xf9,
    0x9f, 0x11, 0xf9, 0x0, 0x0, 0x9f, 0x11, 0xf9,
    0x7f, 0xff, 0xf9, 0x0, 0x0, 0x9f, 0xff, 0xf6,
    0x7, 0x9a, 0xa5, 0x0, 0x0, 0x5a, 0xa9, 0x70,

    /* U+F053 "" */
    0x0, 0x0, 0x0, 0x92, 0x0, 0x0, 0x0, 0x0,
    0x0, 0xa, 0xf8, 0x0, 0x0, 0x0, 0x0, 0x0,
    0xaf, 0xfc, 0x95, 0x0, 0x0, 0x0, 0x0, 0xbf,
    0xfe, 0xff, 0xc2, 0x0, 0x1, 0xb1, 0xb, 0xf8,
    0x18, 0xfe, 0x10, 0xb, 0xf4, 0x0, 0xa3, 0x0,
    0x5f, 0xc0, 0x3f, 0x90, 0x0, 0x0, 0x0, 0x9,
    0xf3, 0x8f, 0x30, 0x0, 0x0, 0x0, 0x3, 0xf8,
    0xaf, 0x0, 0x0, 0x0, 0x0, 0x0, 0xfa, 0x9f,
    0x0, 0x0, 0x0, 0x0, 0x0, 0xf9, 0x7f, 0x40,
    0x0, 0x0, 0x0, 0x4, 0xf7, 0x2f, 0xb0, 0x0,
    0x0, 0x0, 0xc, 0xf2, 0x9, 0xf8, 0x0, 0x0,
    0x0, 0x9f, 0x90, 0x0, 0xcf, 0xc5, 0x0, 0x5c,
    0xfb, 0x0, 0x0, 0x8, 0xff, 0x22, 0xff, 0x80,
    0x0, 0x0, 0x0, 0x15, 0x11, 0x51, 0x0, 0x0,

    /* U+F056 "" */
    0x0, 0x0, 0x0, 0x0, 0x0, 0x0, 0x6, 0xff,
    0xff, 0xff, 0xff, 0xfe, 0x40, 0xee, 0xaa, 0xaa,
    0xaa, 0xaa, 0xfb, 0xe, 0xb3, 0x88, 0x86, 0x0,
    0xe, 0xb0, 0xeb, 0x6f, 0xff, 0xb0, 0x0, 0xeb,
    0xe, 0xb6, 0xf3, 0x0, 0x0, 0xe, 0xf3, 0xeb,
    0x6f, 0x30, 0x0, 0x0, 0xef, 0x9e, 0xb2, 0x51,
    0x0, 0x0, 0xe, 0xf9, 0xeb, 0x0, 0x0, 0x0,
    0x0, 0xef, 0x4e, 0xb0, 0x0, 0x0, 0x0, 0xe,
    0xb0, 0xeb, 0x0, 0x0, 0x0, 0x0, 0xeb, 0xe,
    0xb0, 0x0, 0x0, 0x0, 0xe, 0xb0, 0xeb, 0x0,
    0x0, 0x2, 0x51, 0xeb, 0xe, 0xb0, 0x0, 0x0,
    0x6f, 0x3e, 0xb0, 0xeb, 0x0, 0x0, 0x6, 0xf3,
    0xeb, 0xe, 0xb0, 0x0, 0xef, 0xff, 0x3e, 0xb0,
    0xeb, 0x0, 0x8, 0x88, 0x82, 0xeb, 0xe, 0xea,
    0xaa, 0xaa, 0xaa, 0xaf, 0xb0, 0x6f, 0xff, 0xff,
    0xff, 0xff, 0xe4, 0x0, 0x0, 0x0, 0x0, 0x0,
    0x0, 0x0,

    /* U+F083 "" */
    0x0, 0x0, 0x0, 0x0, 0x1, 0x10, 0x0, 0x0,
    0x0, 0x0, 0x0, 0x0, 0x0, 0x0, 0x9, 0x90,
    0x0, 0x0, 0x0, 0x0, 0x0, 0x0, 0x0, 0x0,
    0x2f, 0xf2, 0x0, 0x0, 0x0, 0x0, 0x0, 0x0,
    0x0, 0x0, 0xbf, 0xfb, 0x0, 0x0, 0x0, 0x0,
    0x0, 0x0, 0x0, 0x4, 0xf9, 0x9f, 0x40, 0x0,
    0x0, 0x0, 0x0, 0x0, 0x0, 0xd, 0xf1, 0x1f,
    0xd0, 0x0, 0x0, 0x0, 0x0, 0x0, 0x0, 0x6f,
    0x70, 0x7, 0xf6, 0x0, 0x0, 0x0, 0x0, 0x0,
    0x1, 0xed, 0xb, 0xb0, 0xde, 0x10, 0x0, 0x0,
    0x0, 0x0, 0x9, 0xf5, 0xd, 0xd0, 0x5f, 0x80,
    0x0, 0x0, 0x0, 0x0, 0x2f, 0xc0, 0xd, 0xd0,
    0xc, 0xf2, 0x0, 0x0, 0x0, 0x0, 0xbf, 0x30,
    0xd, 0xd0, 0x3, 0xfb, 0x0, 0x0, 0x0, 0x4,
    0xfa, 0x0, 0x3, 0x30, 0x0, 0xaf, 0x40, 0x0,
    0x0, 0xd, 0xf1, 0x0, 0x8, 0x80, 0x0, 0x1f,
    0xd0, 0x0, 0x0, 0x6f, 0x80, 0x0, 0xb, 0xb0,
    0x0, 0x8, 0xf6, 0x0, 0x0, 0xee, 0x10, 0x0,
    0x0, 0x0, 0x0, 0x1, 0xee, 0x0, 0x8, 0xff,
    0xff, 0xff, 0xff, 0xff, 0xff, 0xff, 0xff, 0x80,
    0x9, 0xaa, 0xaa, 0xaa, 0xaa, 0xaa, 0xaa, 0xaa,
    0xaa, 0x90,

    /* U+F08F "" */
    0x0, 0x0, 0x0, 0x15, 0x77, 0x51, 0x0, 0x0,
    0x0, 0x0, 0x0, 0x2a, 0xff, 0xff, 0xff, 0xc3,
    0x0, 0x0, 0x0, 0x5, 0xff, 0xa5, 0x32, 0x49,
    0xff, 0x70, 0x0, 0x0, 0x4f, 0xe3, 0x0, 0x0,
    0x0, 0x1c, 0xf7, 0x0, 0x1, 0xee, 0x10, 0x0,
    0x0, 0x0, 0x0, 0xcf, 0x30, 0x8, 0xf4, 0x0,
    0x0, 0x0, 0x0, 0x0, 0x2f, 0xb0, 0xd, 0xd0,
    0x0, 0x0, 0x0, 0x0, 0x0, 0xa, 0xf1, 0x1f,
    0x80, 0x0, 0x0, 0x0, 0x0, 0x0, 0x6, 0xf4,
    0x3f, 0x70, 0x1f, 0xff, 0xff, 0xff, 0xf4, 0x4,
    0xf6, 0x2f, 0x70, 0xa, 0xaa, 0xaa, 0xaa, 0xa2,
    0x4, 0xf5, 0xf, 0xa0, 0x0, 0x0, 0x0, 0x0,
    0x0, 0x7, 0xf3, 0xc, 0xe0, 0x0, 0x0, 0x0,
    0x0, 0x0, 0xc, 0xe0, 0x5, 0xf8, 0x0, 0x0,
    0x0, 0x0, 0x0, 0x5f, 0x80, 0x0, 0xcf, 0x50,
    0x0, 0x0, 0x0, 0x3, 0xfe, 0x0, 0x0, 0x1d,
    0xf8, 0x10, 0x0, 0x0, 0x7f, 0xf3, 0x0, 0x0,
    0x1, 0xbf, 0xfb, 0x98, 0xae, 0xfd, 0x20, 0x0,
    0x0, 0x0, 0x4, 0xbf, 0xff, 0xfc, 0x60, 0x0,
    0x0, 0x0, 0x0, 0x0, 0x0, 0x11, 0x0, 0x0,
    0x0, 0x0,

    /* U+F097 "" */
    0x0, 0x0, 0x0, 0x0, 0x0, 0x0, 0x51, 0x0,
    0x0, 0x0, 0x0, 0x0, 0x0, 0x1d, 0xfe, 0x30,
    0x0, 0x0, 0x0, 0x0, 0x1, 0xdf, 0xff, 0xe1,
    0x0, 0x0, 0x0, 0x0, 0x1d, 0xff, 0xff, 0xf5,
    0x0, 0x0, 0x0, 0x1, 0xdf, 0xef, 0xff, 0xe1,
    0x0, 0x0, 0x0, 0x1d, 0xf5, 0x1d, 0xfe, 0x20,
    0x0, 0x0, 0x1, 0xdf, 0x50, 0x4f, 0xe2, 0x0,
    0x0, 0x0, 0x2e, 0xf5, 0x4, 0xfe, 0x20, 0x0,
    0x0, 0x2, 0xef, 0x50, 0x4f, 0xe2, 0x0, 0x0,
    0x0, 0x2e, 0xf5, 0x4, 0xfe, 0x20, 0x0, 0x0,
    0x2, 0xef, 0x50, 0x4f, 0xe2, 0x0, 0x0, 0x0,
    0x2e, 0xf5, 0x4, 0xfe, 0x20, 0x0, 0x0, 0x0,
    0x9f, 0x50, 0x4f, 0xe2, 0x0, 0x0, 0x0, 0x0,
    0x9f, 0x15, 0xfe, 0x20, 0x0, 0x0, 0x0, 0x0,
    0x9f, 0xff, 0xe2, 0x0, 0x0, 0x0, 0x0, 0x0,
    0x5a, 0xa9, 0x20, 0x0, 0x0, 0x0, 0x0, 0x0,

    /* U+F0BE "" */
    0x0, 0x0, 0x0, 0x15, 0x77, 0x51, 0x0, 0x0,
    0x0, 0x0, 0x0, 0x2a, 0xff, 0xff, 0xff, 0xc3,
    0x0, 0x0, 0x0, 0x5, 0xff, 0xa5, 0x32, 0x49,
    0xff, 0x70, 0x0, 0x0, 0x4f, 0xe3, 0x0, 0x0,
    0x0, 0x1c, 0xf7, 0x0, 0x1, 0xee, 0x10, 0x0,
    0x0, 0x0, 0x0, 0xcf, 0x30, 0x8, 0xf4, 0x0,
    0x0, 0x0, 0x0, 0x20, 0x2f, 0xb0, 0xd, 0xd0,
    0x0, 0x0, 0x0, 0x4, 0xf7, 0xa, 0xf1, 0x1f,
    0x80, 0x0, 0x0, 0x0, 0x4f, 0xe2, 0x6, 0xf4,
    0x3f, 0x70, 0x2c, 0x20, 0x4, 0xfe, 0x20, 0x4,
    0xf6, 0x2f, 0x70, 0x4f, 0xe2, 0x4f, 0xe2, 0x0,
    0x4, 0xf5, 0xf, 0xa0, 0x4, 0xfe, 0xfe, 0x20,
    0x0, 0x7, 0xf3, 0xc, 0xe0, 0x0, 0x4f, 0xe2,
    0x0, 0x0, 0xc, 0xe0, 0x5, 0xf8, 0x0, 0x4,
    0x20, 0x0, 0x0, 0x5f, 0x80, 0x0, 0xcf, 0x50,
    0x0, 0x0, 0x0, 0x3, 0xfe, 0x0, 0x0, 0x1d,
    0xf8, 0x10, 0x0, 0x0, 0x7f, 0xf3, 0x0, 0x0,
    0x1, 0xbf, 0xfb, 0x98, 0xae, 0xfd, 0x20, 0x0,
    0x0, 0x0, 0x4, 0xbf, 0xff, 0xfc, 0x60, 0x0,
    0x0, 0x0, 0x0, 0x0, 0x0, 0x11, 0x0, 0x0,
    0x0, 0x0,

    /* U+F137 "" */
    0x50, 0x0, 0x0, 0x8, 0x50, 0x68, 0xbd, 0x20,
    0x0, 0x1f, 0x90, 0xbe, 0xbf, 0xf7, 0x0, 0x1f,
    0x90, 0xbe, 0xbf, 0xff, 0xb0, 0x1f, 0x90, 0xbe,
    0xbf, 0xfe, 0x50, 0x1f, 0x90, 0xbe, 0xbf, 0xb1,
    0x0, 0x1f, 0x90, 0xbe, 0xb6, 0x0, 0x0, 0x1f,
    0x90, 0xbe, 0x0, 0x0, 0x0, 0x1, 0x10, 0x11,

    /* U+F190 "" */
    0x0, 0x0, 0x0, 0x0, 0x0, 0x0, 0x0, 0x2,
    0x0, 0x0, 0x0, 0x0, 0x0, 0x0, 0x0, 0x79,
    0x0, 0x0, 0x0, 0x0, 0x0, 0x0, 0x7, 0xf9,
    0x0, 0x0, 0x3, 0xb0, 0x0, 0x0, 0x8f, 0xd1,
    0x0, 0x0, 0x3f, 0xfc, 0x0, 0x8, 0xfd, 0x10,
    0x0, 0x3, 0xff, 0xaf, 0xb0, 0x9f, 0xc1, 0x2,
    0x0, 0x4f, 0xf3, 0x8, 0xfe, 0xfc, 0x0, 0x69,
    0x4, 0xff, 0x30, 0x0, 0x9f, 0xb0, 0x1, 0xf9,
    0x4f, 0xe3, 0x0, 0x0, 0x6, 0x0, 0x1, 0xf9,
    0x9e, 0x30, 0x28, 0xa, 0x0, 0x9, 0x11, 0xf9,
    0x82, 0x0, 0xe9, 0xe, 0x90, 0x7f, 0x11, 0xf9,
    0x0, 0x1, 0xf9, 0xe, 0xb0, 0x9f, 0x11, 0xf9,
    0x4, 0x1, 0xf9, 0xe, 0xb0, 0x9f, 0x11, 0xf9,
    0x4f, 0x11, 0xf9, 0xe, 0xb0, 0x9f, 0x11, 0xf9,
    0x9f, 0x11, 0xf9, 0xe, 0xb0, 0x9f, 0x11, 0xf9,
    0x48, 0x0, 0x84, 0x7, 0x50, 0x48, 0x0, 0x84,

    /* U+F745 "" */
    0x0, 0x0, 0x7, 0x88, 0x88, 0x88, 0x88, 0x88,
    0x60, 0x0, 0x0, 0x9f, 0xff, 0xff, 0xff, 0xff,
    0xff, 0xf6, 0x0, 0x0, 0xce, 0x11, 0x11, 0x11,
    0x11, 0x12, 0xf9, 0x3, 0x10, 0xce, 0x0, 0x0,
    0x0, 0x0, 0x1, 0xf9, 0x1f, 0x80, 0xce, 0x0,
    0x36, 0x0, 0x81, 0x1, 0xf9, 0x1f, 0x80, 0xce,
    0x0, 0xcf, 0x69, 0xf8, 0x1, 0xf9, 0x1f, 0x80,
    0xce, 0x0, 0x1d, 0xff, 0xb0, 0x1, 0xf9, 0x1f,
    0x80, 0xce, 0x0, 0x9, 0xff, 0x50, 0x1, 0xf9,
    0x1f, 0x80, 0xce, 0x0, 0x8f, 0xce, 0xf5, 0x1,
    0xf9, 0x1f, 0x80, 0xce, 0x0, 0x8c, 0x2, 0xe5,
    0x1, 0xf9, 0x1f, 0x80, 0xce, 0x0, 0x0, 0x0,
    0x0, 0x1, 0xf9, 0x1f, 0x80, 0xce, 0x0, 0x0,
    0x0, 0x0, 0x1, 0xf9, 0x1f, 0x80, 0xbf, 0xaa,
    0xaa, 0xaa, 0xaa, 0xab, 0xf8, 0x1f, 0x80, 0x4e,
    0xff, 0xff, 0xff, 0xff, 0xff, 0xd2, 0x1f, 0x80,
    0x0, 0x0, 0x0, 0x0, 0x0, 0x0, 0x0, 0x1f,
    0xc8, 0x88, 0x88, 0x88, 0x88, 0x88, 0x10, 0x0,
    0xa, 0xff, 0xff, 0xff, 0xff, 0xff, 0xff, 0x30,
    0x0, 0x0, 0x11, 0x11, 0x11, 0x11, 0x11, 0x11,
    0x0, 0x0,

    /* U+F8C7 "" */
    0x0, 0x0, 0x0, 0x0, 0x22, 0x0, 0x0, 0x0,
    0x0, 0x0, 0x0, 0x0, 0x0, 0xbe, 0x0, 0x0,
    0x0, 0x0, 0x0, 0x0, 0x0, 0x0, 0xbe, 0x0,
    0x0, 0x0, 0x0, 0x0, 0x26, 0x0, 0x0, 0xbe,
    0x0, 0x0, 0x43, 0x0, 0x0, 0xdf, 0x20, 0x0,
    0xbe, 0x0, 0x0, 0xee, 0x10, 0x6, 0xf7, 0x0,
    0x0, 0xbe, 0x0, 0x0, 0x4f, 0x90, 0xd, 0xe0,
    0x0, 0x0, 0xbe, 0x0, 0x0, 0xc, 0xf0, 0x1f,
    0x90, 0x0, 0x0, 0xbe, 0x0, 0x0, 0x6, 0xf4,
    0x3f, 0x70, 0x0, 0x0, 0xbe, 0x0, 0x0, 0x4,
    0xf5, 0x3f, 0x70, 0x0, 0x0, 0xbe, 0x0, 0x0,
    0x4, 0xf5, 0x1f, 0x90, 0x0, 0x0, 0x0, 0x0,
    0x0, 0x6, 0xf4, 0xc, 0xe0, 0x0, 0x0, 0x0,
    0x0, 0x0, 0xb, 0xf0, 0x6, 0xf7, 0x0, 0x0,
    0x0, 0x0, 0x0, 0x4f, 0x90, 0x0, 0xcf, 0x40,
    0x0, 0x0, 0x0, 0x2, 0xee, 0x10, 0x0, 0x1e,
    0xf8, 0x0, 0x0, 0x0, 0x6f, 0xf3, 0x0, 0x0,
    0x1, 0xcf, 0xfb, 0x98, 0xae, 0xfd, 0x30, 0x0,
    0x0, 0x0, 0x5, 0xbf, 0xff, 0xfc, 0x60, 0x0,
    0x0, 0x0, 0x0, 0x0, 0x0, 0x11, 0x0, 0x0,
    0x0, 0x0,

    /* U+F8CD "" */
    0x0, 0x0, 0x56, 0x51, 0x0, 0x0, 0x0, 0x0,
    0x0, 0xd, 0xff, 0xff, 0x60, 0x0, 0x0, 0x0,
    0x0, 0x2, 0xef, 0xbd, 0xf7, 0x0, 0x0, 0x0,
    0x1c, 0x10, 0x2e, 0xf5, 0xdf, 0x10, 0x0, 0x0,
    0x5f, 0xd1, 0x7, 0xfb, 0x6f, 0x50, 0x0, 0x0,
    0x7f, 0xfd, 0x6f, 0xe2, 0x3f, 0x70, 0x0, 0x0,
    0x6f, 0xbf, 0xfe, 0x20, 0x5f, 0x50, 0x0, 0x0,
    0x1f, 0xd6, 0xb2, 0x0, 0xbf, 0x70, 0x0, 0x0,
    0x8, 0xfd, 0x52, 0x5a, 0x3d, 0xf6, 0x0, 0x0,
    0x0, 0x8f, 0xff, 0xff, 0xc3, 0xdf, 0x60, 0x0,
    0x0, 0x2, 0x68, 0x67, 0xfc, 0x3d, 0xf6, 0x0,
    0x0, 0x0, 0x0, 0x0, 0x7f, 0xc3, 0xdf, 0x60,
    0x0, 0x0, 0x0, 0x0, 0x7, 0xfc, 0x3e, 0xf4,
    0x0, 0x0, 0x0, 0x0, 0x0, 0x7f, 0xde, 0xf3,
    0x0, 0x0, 0x0, 0x0, 0x0, 0x7, 0xff, 0x40,
    0x0, 0x0, 0x0, 0x0, 0x0, 0x0, 0x53, 0x0
};


/*---------------------
 *  GLYPH DESCRIPTION
 *--------------------*/

static const lv_font_fmt_txt_glyph_dsc_t glyph_dsc[] = {
    {.bitmap_index = 0, .adv_w = 0, .box_w = 0, .box_h = 0, .ofs_x = 0, .ofs_y = 0} /* id = 0 reserved */,
    {.bitmap_index = 0, .adv_w = 320, .box_w = 14, .box_h = 14, .ofs_x = 3, .ofs_y = 3},
    {.bitmap_index = 98, .adv_w = 320, .box_w = 16, .box_h = 10, .ofs_x = 2, .ofs_y = 5},
    {.bitmap_index = 178, .adv_w = 320, .box_w = 16, .box_h = 10, .ofs_x = 2, .ofs_y = 5},
    {.bitmap_index = 258, .adv_w = 320, .box_w = 16, .box_h = 19, .ofs_x = 2, .ofs_y = 1},
    {.bitmap_index = 410, .adv_w = 320, .box_w = 17, .box_h = 18, .ofs_x = 1, .ofs_y = 1},
    {.bitmap_index = 563, .adv_w = 320, .box_w = 12, .box_h = 12, .ofs_x = 4, .ofs_y = 4},
    {.bitmap_index = 635, .adv_w = 320, .box_w = 11, .box_h = 12, .ofs_x = 6, .ofs_y = 4},
    {.bitmap_index = 701, .adv_w = 320, .box_w = 17, .box_h = 12, .ofs_x = 2, .ofs_y = 3},
    {.bitmap_index = 803, .adv_w = 320, .box_w = 18, .box_h = 19, .ofs_x = 1, .ofs_y = 1},
    {.bitmap_index = 974, .adv_w = 320, .box_w = 16, .box_h = 18, .ofs_x = 2, .ofs_y = 1},
    {.bitmap_index = 1118, .adv_w = 320, .box_w = 16, .box_h = 19, .ofs_x = 2, .ofs_y = 1},
    {.bitmap_index = 1270, .adv_w = 320, .box_w = 14, .box_h = 14, .ofs_x = 3, .ofs_y = 3},
    {.bitmap_index = 1368, .adv_w = 320, .box_w = 12, .box_h = 10, .ofs_x = 4, .ofs_y = 5},
    {.bitmap_index = 1428, .adv_w = 320, .box_w = 12, .box_h = 10, .ofs_x = 4, .ofs_y = 5},
    {.bitmap_index = 1488, .adv_w = 320, .box_w = 10, .box_h = 10, .ofs_x = 5, .ofs_y = 5},
    {.bitmap_index = 1538, .adv_w = 320, .box_w = 18, .box_h = 14, .ofs_x = 1, .ofs_y = 3},
    {.bitmap_index = 1664, .adv_w = 320, .box_w = 18, .box_h = 14, .ofs_x = 1, .ofs_y = 3},
    {.bitmap_index = 1790, .adv_w = 320, .box_w = 12, .box_h = 14, .ofs_x = 4, .ofs_y = 3},
    {.bitmap_index = 1874, .adv_w = 320, .box_w = 9, .box_h = 14, .ofs_x = 5, .ofs_y = 3},
    {.bitmap_index = 1937, .adv_w = 320, .box_w = 17, .box_h = 17, .ofs_x = 1, .ofs_y = 1},
    {.bitmap_index = 2082, .adv_w = 320, .box_w = 16, .box_h = 16, .ofs_x = 2, .ofs_y = 2},
    {.bitmap_index = 2210, .adv_w = 320, .box_w = 18, .box_h = 18, .ofs_x = 1, .ofs_y = 1},
    {.bitmap_index = 2372, .adv_w = 320, .box_w = 12, .box_h = 12, .ofs_x = 4, .ofs_y = 4},
    {.bitmap_index = 2444, .adv_w = 320, .box_w = 15, .box_h = 18, .ofs_x = 2, .ofs_y = 1},
    {.bitmap_index = 2579, .adv_w = 320, .box_w = 18, .box_h = 18, .ofs_x = 1, .ofs_y = 1},
    {.bitmap_index = 2741, .adv_w = 320, .box_w = 16, .box_h = 18, .ofs_x = 2, .ofs_y = 2},
    {.bitmap_index = 2885, .adv_w = 320, .box_w = 18, .box_h = 14, .ofs_x = 1, .ofs_y = 3},
    {.bitmap_index = 3011, .adv_w = 320, .box_w = 14, .box_h = 13, .ofs_x = 3, .ofs_y = 4},
    {.bitmap_index = 3102, .adv_w = 320, .box_w = 12, .box_h = 2, .ofs_x = 4, .ofs_y = 9},
    {.bitmap_index = 3114, .adv_w = 320, .box_w = 16, .box_h = 16, .ofs_x = 2, .ofs_y = 2},
    {.bitmap_index = 3242, .adv_w = 320, .box_w = 16, .box_h = 16, .ofs_x = 2, .ofs_y = 2},
    {.bitmap_index = 3370, .adv_w = 320, .box_w = 14, .box_h = 13, .ofs_x = 3, .ofs_y = 4},
    {.bitmap_index = 3461, .adv_w = 320, .box_w = 18, .box_h = 17, .ofs_x = 1, .ofs_y = 1},
    {.bitmap_index = 3614, .adv_w = 320, .box_w = 16, .box_h = 18, .ofs_x = 2, .ofs_y = 1},
    {.bitmap_index = 3758, .adv_w = 320, .box_w = 17, .box_h = 17, .ofs_x = 2, .ofs_y = 2},
    {.bitmap_index = 3903, .adv_w = 320, .box_w = 10, .box_h = 12, .ofs_x = 5, .ofs_y = 4},
    {.bitmap_index = 3963, .adv_w = 320, .box_w = 11, .box_h = 12, .ofs_x = 4, .ofs_y = 4},
    {.bitmap_index = 4029, .adv_w = 320, .box_w = 16, .box_h = 14, .ofs_x = 2, .ofs_y = 3},
    {.bitmap_index = 4141, .adv_w = 320, .box_w = 15, .box_h = 11, .ofs_x = 3, .ofs_y = 4},
    {.bitmap_index = 4224, .adv_w = 320, .box_w = 18, .box_h = 10, .ofs_x = 1, .ofs_y = 5},
    {.bitmap_index = 4314, .adv_w = 320, .box_w = 18, .box_h = 14, .ofs_x = 1, .ofs_y = 3},
    {.bitmap_index = 4440, .adv_w = 320, .box_w = 18, .box_h = 14, .ofs_x = 1, .ofs_y = 3},
    {.bitmap_index = 4566, .adv_w = 320, .box_w = 19, .box_h = 14, .ofs_x = 1, .ofs_y = 3},
    {.bitmap_index = 4699, .adv_w = 320, .box_w = 18, .box_h = 18, .ofs_x = 1, .ofs_y = 1},
    {.bitmap_index = 4861, .adv_w = 320, .box_w = 18, .box_h = 16, .ofs_x = 1, .ofs_y = 2},
    {.bitmap_index = 5005, .adv_w = 320, .box_w = 12, .box_h = 17, .ofs_x = 4, .ofs_y = 2},
    {.bitmap_index = 5107, .adv_w = 320, .box_w = 20, .box_h = 16, .ofs_x = 0, .ofs_y = 2},
    {.bitmap_index = 5267, .adv_w = 320, .box_w = 12, .box_h = 18, .ofs_x = 4, .ofs_y = 1},
    {.bitmap_index = 5375, .adv_w = 320, .box_w = 17, .box_h = 16, .ofs_x = 1, .ofs_y = 2},
    {.bitmap_index = 5511, .adv_w = 320, .box_w = 20, .box_h = 20, .ofs_x = 0, .ofs_y = 0},
    {.bitmap_index = 5711, .adv_w = 320, .box_w = 10, .box_h = 16, .ofs_x = 5, .ofs_y = 2},
    {.bitmap_index = 5791, .adv_w = 320, .box_w = 18, .box_h = 18, .ofs_x = 1, .ofs_y = 1},
    {.bitmap_index = 5953, .adv_w = 320, .box_w = 18, .box_h = 16, .ofs_x = 1, .ofs_y = 2},
    {.bitmap_index = 6097, .adv_w = 320, .box_w = 16, .box_h = 19, .ofs_x = 2, .ofs_y = 1},
    {.bitmap_index = 6249, .adv_w = 320, .box_w = 16, .box_h = 16, .ofs_x = 2, .ofs_y = 2},
    {.bitmap_index = 6377, .adv_w = 320, .box_w = 14, .box_h = 14, .ofs_x = 3, .ofs_y = 3},
    {.bitmap_index = 6475, .adv_w = 320, .box_w = 14, .box_h = 14, .ofs_x = 3, .ofs_y = 3},
    {.bitmap_index = 6573, .adv_w = 320, .box_w = 14, .box_h = 14, .ofs_x = 3, .ofs_y = 3},
    {.bitmap_index = 6671, .adv_w = 320, .box_w = 12, .box_h = 12, .ofs_x = 4, .ofs_y = 4},
    {.bitmap_index = 6743, .adv_w = 320, .box_w = 14, .box_h = 14, .ofs_x = 3, .ofs_y = 3},
    {.bitmap_index = 6841, .adv_w = 320, .box_w = 14, .box_h = 14, .ofs_x = 3, .ofs_y = 3},
    {.bitmap_index = 6939, .adv_w = 320, .box_w = 14, .box_h = 14, .ofs_x = 3, .ofs_y = 3},
    {.bitmap_index = 7037, .adv_w = 320, .box_w = 14, .box_h = 14, .ofs_x = 3, .ofs_y = 3},
    {.bitmap_index = 7135, .adv_w = 320, .box_w = 17, .box_h = 17, .ofs_x = 1, .ofs_y = 1},
    {.bitmap_index = 7280, .adv_w = 320, .box_w = 14, .box_h = 11, .ofs_x = 3, .ofs_y = 5},
    {.bitmap_index = 7357, .adv_w = 320, .box_w = 18, .box_h = 14, .ofs_x = 1, .ofs_y = 3},
    {.bitmap_index = 7483, .adv_w = 320, .box_w = 16, .box_h = 14, .ofs_x = 3, .ofs_y = 3},
    {.bitmap_index = 7595, .adv_w = 320, .box_w = 13, .box_h = 20, .ofs_x = 4, .ofs_y = 0},
    {.bitmap_index = 7725, .adv_w = 320, .box_w = 14, .box_h = 18, .ofs_x = 3, .ofs_y = 1},
    {.bitmap_index = 7851, .adv_w = 320, .box_w = 18, .box_h = 18, .ofs_x = 1, .ofs_y = 1},
    {.bitmap_index = 8013, .adv_w = 320, .box_w = 18, .box_h = 18, .ofs_x = 1, .ofs_y = 1},
    {.bitmap_index = 8175, .adv_w = 320, .box_w = 18, .box_h = 10, .ofs_x = 1, .ofs_y = 5},
    {.bitmap_index = 8265, .adv_w = 320, .box_w = 16, .box_h = 16, .ofs_x = 2, .ofs_y = 2},
    {.bitmap_index = 8393, .adv_w = 320, .box_w = 14, .box_h = 18, .ofs_x = 3, .ofs_y = 1},
    {.bitmap_index = 8519, .adv_w = 320, .box_w = 14, .box_h = 11, .ofs_x = 3, .ofs_y = 5},
    {.bitmap_index = 8596, .adv_w = 320, .box_w = 16, .box_h = 16, .ofs_x = 2, .ofs_y = 2},
    {.bitmap_index = 8724, .adv_w = 320, .box_w = 18, .box_h = 18, .ofs_x = 1, .ofs_y = 1},
    {.bitmap_index = 8886, .adv_w = 320, .box_w = 14, .box_h = 18, .ofs_x = 3, .ofs_y = 1},
    {.bitmap_index = 9012, .adv_w = 320, .box_w = 18, .box_h = 18, .ofs_x = 1, .ofs_y = 1},
    {.bitmap_index = 9174, .adv_w = 320, .box_w = 14, .box_h = 18, .ofs_x = 3, .ofs_y = 1},
    {.bitmap_index = 9300, .adv_w = 320, .box_w = 18, .box_h = 18, .ofs_x = 1, .ofs_y = 1},
    {.bitmap_index = 9462, .adv_w = 320, .box_w = 14, .box_h = 19, .ofs_x = 3, .ofs_y = 1},
    {.bitmap_index = 9595, .adv_w = 320, .box_w = 14, .box_h = 19, .ofs_x = 3, .ofs_y = 1},
    {.bitmap_index = 9728, .adv_w = 320, .box_w = 16, .box_h = 16, .ofs_x = 2, .ofs_y = 2},
    {.bitmap_index = 9856, .adv_w = 320, .box_w = 18, .box_h = 18, .ofs_x = 1, .ofs_y = 1},
    {.bitmap_index = 10018, .adv_w = 320, .box_w = 18, .box_h = 14, .ofs_x = 1, .ofs_y = 3},
    {.bitmap_index = 10144, .adv_w = 320, .box_w = 12, .box_h = 16, .ofs_x = 4, .ofs_y = 2},
    {.bitmap_index = 10240, .adv_w = 320, .box_w = 18, .box_h = 18, .ofs_x = 1, .ofs_y = 1},
    {.bitmap_index = 10402, .adv_w = 320, .box_w = 14, .box_h = 16, .ofs_x = 3, .ofs_y = 2},
    {.bitmap_index = 10514, .adv_w = 320, .box_w = 16, .box_h = 18, .ofs_x = 2, .ofs_y = 1},
    {.bitmap_index = 10658, .adv_w = 320, .box_w = 18, .box_h = 18, .ofs_x = 1, .ofs_y = 1},
    {.bitmap_index = 10820, .adv_w = 320, .box_w = 14, .box_h = 16, .ofs_x = 3, .ofs_y = 2},
    {.bitmap_index = 10932, .adv_w = 320, .box_w = 16, .box_h = 16, .ofs_x = 2, .ofs_y = 2},
    {.bitmap_index = 11060, .adv_w = 320, .box_w = 14, .box_h = 18, .ofs_x = 3, .ofs_y = 1},
    {.bitmap_index = 11186, .adv_w = 320, .box_w = 18, .box_h = 18, .ofs_x = 1, .ofs_y = 1},
    {.bitmap_index = 11348, .adv_w = 320, .box_w = 14, .box_h = 18, .ofs_x = 3, .ofs_y = 1},
    {.bitmap_index = 11474, .adv_w = 320, .box_w = 18, .box_h = 16, .ofs_x = 1, .ofs_y = 2},
    {.bitmap_index = 11618, .adv_w = 320, .box_w = 18, .box_h = 12, .ofs_x = 1, .ofs_y = 4},
    {.bitmap_index = 11726, .adv_w = 320, .box_w = 14, .box_h = 18, .ofs_x = 3, .ofs_y = 1},
    {.bitmap_index = 11852, .adv_w = 320, .box_w = 14, .box_h = 18, .ofs_x = 3, .ofs_y = 1},
    {.bitmap_index = 11978, .adv_w = 320, .box_w = 16, .box_h = 16, .ofs_x = 2, .ofs_y = 2},
    {.bitmap_index = 12106, .adv_w = 320, .box_w = 18, .box_h = 14, .ofs_x = 1, .ofs_y = 3},
    {.bitmap_index = 12232, .adv_w = 320, .box_w = 18, .box_h = 18, .ofs_x = 1, .ofs_y = 1},
    {.bitmap_index = 12394, .adv_w = 320, .box_w = 16, .box_h = 18, .ofs_x = 2, .ofs_y = 1},
    {.bitmap_index = 12538, .adv_w = 320, .box_w = 19, .box_h = 18, .ofs_x = 1, .ofs_y = 2},
    {.bitmap_index = 12709, .adv_w = 320, .box_w = 14, .box_h = 18, .ofs_x = 3, .ofs_y = 1},
    {.bitmap_index = 12835, .adv_w = 320, .box_w = 16, .box_h = 16, .ofs_x = 2, .ofs_y = 2},
    {.bitmap_index = 12963, .adv_w = 320, .box_w = 16, .box_h = 16, .ofs_x = 2, .ofs_y = 2},
    {.bitmap_index = 13091, .adv_w = 320, .box_w = 18, .box_h = 18, .ofs_x = 1, .ofs_y = 1},
    {.bitmap_index = 13253, .adv_w = 320, .box_w = 16, .box_h = 16, .ofs_x = 2, .ofs_y = 2},
    {.bitmap_index = 13381, .adv_w = 320, .box_w = 14, .box_h = 16, .ofs_x = 3, .ofs_y = 2},
    {.bitmap_index = 13493, .adv_w = 320, .box_w = 13, .box_h = 20, .ofs_x = 4, .ofs_y = 0},
    {.bitmap_index = 13623, .adv_w = 320, .box_w = 20, .box_h = 17, .ofs_x = 0, .ofs_y = 2},
    {.bitmap_index = 13793, .adv_w = 320, .box_w = 18, .box_h = 18, .ofs_x = 1, .ofs_y = 1},
    {.bitmap_index = 13955, .adv_w = 320, .box_w = 16, .box_h = 16, .ofs_x = 2, .ofs_y = 2},
    {.bitmap_index = 14083, .adv_w = 320, .box_w = 18, .box_h = 18, .ofs_x = 1, .ofs_y = 1},
    {.bitmap_index = 14245, .adv_w = 320, .box_w = 12, .box_h = 8, .ofs_x = 4, .ofs_y = 6},
    {.bitmap_index = 14293, .adv_w = 320, .box_w = 16, .box_h = 16, .ofs_x = 2, .ofs_y = 2},
    {.bitmap_index = 14421, .adv_w = 320, .box_w = 18, .box_h = 18, .ofs_x = 1, .ofs_y = 1},
    {.bitmap_index = 14583, .adv_w = 320, .box_w = 18, .box_h = 18, .ofs_x = 1, .ofs_y = 1},
    {.bitmap_index = 14745, .adv_w = 320, .box_w = 16, .box_h = 16, .ofs_x = 2, .ofs_y = 2}
};

/*---------------------
 *  CHARACTER MAPPING
 *--------------------*/

static const uint16_t unicode_list_0[] = {
    0x0, 0x2, 0x3, 0x6, 0xe, 0x17, 0x1a, 0x20,
    0x21, 0x23, 0x25, 0x26, 0x27, 0x28, 0x2a, 0x2c,
    0x2e, 0x30, 0x31, 0x32, 0x33, 0xac, 0x128, 0x130,
    0x131, 0x132, 0x13c, 0x13d, 0x13e, 0x144, 0x145, 0x149,
    0x152, 0x19b, 0x1a0, 0x21b, 0x222, 0x224, 0x227, 0x233,
    0x245, 0x2aa, 0x2ab, 0x2be, 0x2ef, 0x300, 0x301, 0x310,
    0x391, 0x3a1, 0x3e8, 0x3ed, 0x3f5, 0x408, 0x40c, 0x5a6,
    0x5a7, 0x5ab, 0x5b0, 0x5b8, 0x5bb, 0x5be, 0x60a, 0x629,
    0x64b, 0x667, 0x728, 0x79d, 0x7d8, 0x7da, 0x7ee, 0x852,
    0x854, 0x856, 0x859, 0x85c, 0x85d, 0x863, 0x86b, 0x86e,
    0x871, 0x87b, 0x87c, 0x881, 0x89b, 0x8bb, 0x8ca, 0x8e0,
    0x911, 0x918, 0x973, 0x995, 0x99d, 0x9c3, 0x9ea, 0x9ee,
    0x9f5, 0xa0b, 0xa3e, 0xa3f, 0xa42, 0xb71, 0xb7e, 0xbaf,
    0xbce, 0xbe2, 0xf21, 0xf5d, 0xfb9, 0x1002, 0x1036, 0x1039,
    0x1066, 0x1072, 0x107a, 0x10a1, 0x111a, 0x1173, 0x1728, 0x18aa,
    0x18b0
};

/*Collect the unicode lists and glyph_id offsets*/
static const lv_font_fmt_txt_cmap_t cmaps[] =
{
    {
        .range_start = 57373, .range_length = 6321, .glyph_id_start = 1,
        .unicode_list = unicode_list_0, .glyph_id_ofs_list = NULL, .list_length = 121, .type = LV_FONT_FMT_TXT_CMAP_SPARSE_TINY
    }
};



/*--------------------
 *  ALL CUSTOM DATA
 *--------------------*/

#if LVGL_VERSION_MAJOR == 8
/*Store all the custom data of the font*/
static  lv_font_fmt_txt_glyph_cache_t cache;
#endif

#if LVGL_VERSION_MAJOR >= 8
static const lv_font_fmt_txt_dsc_t font_dsc = {
#else
static lv_font_fmt_txt_dsc_t font_dsc = {
#endif
    .glyph_bitmap = glyph_bitmap,
    .glyph_dsc = glyph_dsc,
    .cmaps = cmaps,
    .kern_dsc = NULL,
    .kern_scale = 0,
    .cmap_num = 1,
    .bpp = 4,
    .kern_classes = 0,
    .bitmap_format = 0,
#if LVGL_VERSION_MAJOR == 8
    .cache = &cache
#endif
};



/*-----------------
 *  PUBLIC FONT
 *----------------*/

/*Initialize a public general font descriptor*/
#if LVGL_VERSION_MAJOR >= 8
const lv_font_t lv_font_material_symbols_20 = {
#else
lv_font_t lv_font_material_symbols_20 = {
#endif
    .get_glyph_dsc = lv_font_get_glyph_dsc_fmt_txt,    /*Function pointer to get glyph's data*/
    .get_glyph_bitmap = lv_font_get_bitmap_fmt_txt,    /*Function pointer to get glyph's bitmap*/
    .line_height = 20,          /*The maximum line height required by the font*/
    .base_line = 0,             /*Baseline measured from the bottom of the line*/
#if !(LVGL_VERSION_MAJOR == 6 && LVGL_VERSION_MINOR == 0)
    .subpx = LV_FONT_SUBPX_NONE,
#endif
#if LV_VERSION_CHECK(7, 4, 0) || LVGL_VERSION_MAJOR >= 8
    .underline_position = 0,
    .underline_thickness = 0,
#endif
    .dsc = &font_dsc,          /*The custom font data. Will be accessed by `get_glyph_bitmap/dsc` */
#if LV_VERSION_CHECK(8, 2, 0) || LVGL_VERSION_MAJOR >= 9
    .fallback = NULL,
#endif
    .user_data = NULL,
};



#endif /*#if LV_FONT_MATERIAL_SYMBOLS_20*/

